Order ID,Order Date,Customer Name,Segment,City,State,Category,Sub-Category,Product Name,Sales,Quantity,Discount,Profit
CA-2016-152156,11/08/2016,Claire Gute,Consumer,Henderson,Kentucky,Furniture,Bookcases,Bush Somerset Collection Bookcase,261.96,2,0,41.9136
CA-2016-152156,11/08/2016,Claire Gute,Consumer,Henderson,Kentucky,Furniture,Chairs,"Hon Deluxe Fabric Upholstered Stacking Chairs, Rounded Back",731.94,3,0,219.582
CA-2016-138688,06/12/2016,Darrin Van Huff,Corporate,Los Angeles,California,Office Supplies,Labels,Self-Adhesive Address Labels for Typewriters by Universal,14.62,2,0,6.8714
US-2015-108966,10/11/2015,Sean O'Donnell,Consumer,Fort Lauderdale,Florida,Furniture,Tables,Bretford CR4500 Series Slim Rectangular Table,957.5775,5,0.45,-383.031
US-2015-108966,10/11/2015,Sean O'Donnell,Consumer,Fort Lauderdale,Florida,Office Supplies,Storage,Eldon Fold 'N Roll Cart System,22.368,2,0.2,2.5164
CA-2014-115812,06/09/2014,Brosina Hoffman,Consumer,Los Angeles,California,Furniture,Furnishings,"Eldon Expressions Wood and Plastic Desk Accessories, Cherry Wood",48.86,7,0,14.1694
CA-2014-115812,06/09/2014,Brosina Hoffman,Consumer,Los Angeles,California,Office Supplies,Art,Newell 322,7.28,4,0,1.9656
CA-2014-115812,06/09/2014,Brosina Hoffman,Consumer,Los Angeles,California,Technology,Phones,Mitel 5320 IP Phone VoIP phone,907.152,6,0.2,90.7152
CA-2014-115812,06/09/2014,Brosina Hoffman,Consumer,Los Angeles,California,Office Supplies,Binders,DXL Angle-View Binders with Locking Rings by Samsill,18.504,3,0.2,5.7825
CA-2014-115812,06/09/2014,Brosina Hoffman,Consumer,Los Angeles,California,Office Supplies,Appliances,Belkin F5C206VTEL 6 Outlet Surge,114.9,5,0,34.47
CA-2014-115812,06/09/2014,Brosina Hoffman,Consumer,Los Angeles,California,Furniture,Tables,Chromcraft Rectangular Conference Tables,1706.184,9,0.2,85.3092
CA-2014-115812,06/09/2014,Brosina Hoffman,Consumer,Los Angeles,California,Technology,Phones,Konftel 250 Conference phone - Charcoal black,911.424,4,0.2,68.3568
CA-2017-114412,4/15/2017,Andrew Allen,Consumer,Concord,North Carolina,Office Supplies,Paper,Xerox 1967,15.552,3,0.2,5.4432
CA-2016-161389,12/05/2016,Irene Maddox,Consumer,Seattle,Washington,Office Supplies,Binders,Fellowes PB200 Plastic Comb Binding Machine,407.976,3,0.2,132.5922
US-2015-118983,11/22/2015,Harold Pawlan,Home Office,Fort Worth,Texas,Office Supplies,Appliances,"Holmes Replacement Filter for HEPA Air Cleaner, Very Large Room, HEPA Filter",68.81,5,0.8,-123.858
US-2015-118983,11/22/2015,Harold Pawlan,Home Office,Fort Worth,Texas,Office Supplies,Binders,Storex DuraTech Recycled Plastic Frosted Binders,2.544,3,0.8,-3.816
CA-2014-105893,11/11/2014,Pete Kriz,Consumer,Madison,Wisconsin,Office Supplies,Storage,"Stur-D-Stor Shelving, Vertical 5-Shelf: 72""H x 36""W x 18 1/2""D",665.88,6,0,13.3176
CA-2014-167164,5/13/2014,Alejandro Grove,Consumer,West Jordan,Utah,Office Supplies,Storage,Fellowes Super Stor/Drawer,55.5,2,0,9.99
CA-2014-143336,8/27/2014,Zuschuss Donatelli,Consumer,San Francisco,California,Office Supplies,Art,Newell 341,8.56,2,0,2.4824
CA-2014-143336,8/27/2014,Zuschuss Donatelli,Consumer,San Francisco,California,Technology,Phones,Cisco SPA 501G IP Phone,213.48,3,0.2,16.011
CA-2014-143336,8/27/2014,Zuschuss Donatelli,Consumer,San Francisco,California,Office Supplies,Binders,"Wilson Jones Hanging View Binder, White, 1""",22.72,4,0.2,7.384
CA-2016-137330,12/09/2016,Ken Black,Corporate,Fremont,Nebraska,Office Supplies,Art,Newell 318,19.46,7,0,5.0596
CA-2016-137330,12/09/2016,Ken Black,Corporate,Fremont,Nebraska,Office Supplies,Appliances,"Acco Six-Outlet Power Strip, 4' Cord Length",60.34,7,0,15.6884
US-2017-156909,7/16/2017,Sandra Flanagan,Consumer,Philadelphia,Pennsylvania,Furniture,Chairs,"Global Deluxe Stacking Chair, Gray",71.372,2,0.3,-1.0196
CA-2015-106320,9/25/2015,Emily Burns,Consumer,Orem,Utah,Furniture,Tables,Bretford CR4500 Series Slim Rectangular Table,1044.63,3,0,240.2649
CA-2016-121755,1/16/2016,Eric Hoffmann,Consumer,Los Angeles,California,Office Supplies,Binders,Wilson Jones Active Use Binders,11.648,2,0.2,4.2224
CA-2016-121755,1/16/2016,Eric Hoffmann,Consumer,Los Angeles,California,Technology,Accessories,Imation 8GB Mini TravelDrive USB 2.0 Flash Drive,90.57,3,0,11.7741
US-2015-150630,9/17/2015,Tracy Blumstein,Consumer,Philadelphia,Pennsylvania,Furniture,Bookcases,"Riverside Palais Royal Lawyers Bookcase, Royale Cherry Finish",3083.43,7,0.5,-1665.0522
US-2015-150630,9/17/2015,Tracy Blumstein,Consumer,Philadelphia,Pennsylvania,Office Supplies,Binders,Avery Recycled Flexi-View Covers for Binding Systems,9.618,2,0.7,-7.0532
US-2015-150630,9/17/2015,Tracy Blumstein,Consumer,Philadelphia,Pennsylvania,Furniture,Furnishings,"Howard Miller 13-3/4"" Diameter Brushed Chrome Round Wall Clock",124.2,3,0.2,15.525
US-2015-150630,9/17/2015,Tracy Blumstein,Consumer,Philadelphia,Pennsylvania,Office Supplies,Envelopes,Poly String Tie Envelopes,3.264,2,0.2,1.1016
US-2015-150630,9/17/2015,Tracy Blumstein,Consumer,Philadelphia,Pennsylvania,Office Supplies,Art,"BOSTON Model 1800 Electric Pencil Sharpeners, Putty/Woodgrain",86.304,6,0.2,9.7092
US-2015-150630,9/17/2015,Tracy Blumstein,Consumer,Philadelphia,Pennsylvania,Office Supplies,Binders,"Acco Pressboard Covers with Storage Hooks, 14 7/8"" x 11"", Executive Red",6.858,6,0.7,-5.715
US-2015-150630,9/17/2015,Tracy Blumstein,Consumer,Philadelphia,Pennsylvania,Office Supplies,Art,Lumber Crayons,15.76,2,0.2,3.546
CA-2017-107727,10/19/2017,Matt Abelman,Home Office,Houston,Texas,Office Supplies,Paper,Easy-staple paper,29.472,3,0.2,9.9468
CA-2016-117590,12/08/2016,Gene Hale,Corporate,Richardson,Texas,Technology,Phones,GE 30524EE4,1097.544,7,0.2,123.4737
CA-2016-117590,12/08/2016,Gene Hale,Corporate,Richardson,Texas,Furniture,Furnishings,"Electrix Architect's Clamp-On Swing Arm Lamp, Black",190.92,5,0.6,-147.963
CA-2015-117415,12/27/2015,Steve Nguyen,Home Office,Houston,Texas,Office Supplies,Envelopes,"#10-4 1/8"" x 9 1/2"" Premium Diagonal Seam Envelopes",113.328,9,0.2,35.415
CA-2015-117415,12/27/2015,Steve Nguyen,Home Office,Houston,Texas,Furniture,Bookcases,"Atlantic Metals Mobile 3-Shelf Bookcases, Custom Colors",532.3992,3,0.32,-46.9764
CA-2015-117415,12/27/2015,Steve Nguyen,Home Office,Houston,Texas,Furniture,Chairs,"Global Fabric Manager's Chair, Dark Gray",212.058,3,0.3,-15.147
CA-2015-117415,12/27/2015,Steve Nguyen,Home Office,Houston,Texas,Technology,Phones,Plantronics HL10 Handset Lifter,371.168,4,0.2,41.7564
CA-2017-120999,09/10/2017,Linda Cazamias,Corporate,Naperville,Illinois,Technology,Phones,Panasonic Kx-TS550,147.168,4,0.2,16.5564
CA-2016-101343,7/17/2016,Ruben Ausman,Corporate,Los Angeles,California,Office Supplies,Storage,"Eldon Base for stackable storage shelf, platinum",77.88,2,0,3.894
CA-2017-139619,9/19/2017,Erin Smith,Corporate,Melbourne,Florida,Office Supplies,Storage,"Advantus 10-Drawer Portable Organizer, Chrome Metal Frame, Smoke Drawers",95.616,2,0.2,9.5616
CA-2016-118255,03/11/2016,Odella Nelson,Corporate,Eagan,Minnesota,Technology,Accessories,"Verbatim 25 GB 6x Blu-ray Single Layer Recordable Disc, 25/Pack",45.98,2,0,19.7714
CA-2016-118255,03/11/2016,Odella Nelson,Corporate,Eagan,Minnesota,Office Supplies,Binders,Wilson Jones Leather-Like Binders with DublLock Round Rings,17.46,2,0,8.2062
CA-2014-146703,10/20/2014,Patrick O'Donnell,Consumer,Westland,Michigan,Office Supplies,Storage,"Gould Plastics 9-Pocket Panel Bin, 18-3/8w x 5-1/4d x 20-1/2h, Black",211.96,4,0,8.4784
CA-2016-169194,6/20/2016,Lena Hernandez,Consumer,Dover,Delaware,Technology,Accessories,Imation 8gb Micro Traveldrive Usb 2.0 Flash Drive,45,3,0,4.95
CA-2016-169194,6/20/2016,Lena Hernandez,Consumer,Dover,Delaware,Technology,Phones,"LF Elite 3D Dazzle Designer Hard Case Cover, Lf Stylus Pen and Wiper For Apple Iphone 5c Mini Lite",21.8,2,0,6.104
CA-2015-115742,4/18/2015,Darren Powers,Consumer,New Albany,Indiana,Office Supplies,Binders,"C-Line Peel & Stick Add-On Filing Pockets, 8-3/4 x 5-1/8, 10/Pack",38.22,6,0,17.9634
CA-2015-115742,4/18/2015,Darren Powers,Consumer,New Albany,Indiana,Office Supplies,Labels,Avery 485,75.18,6,0,35.3346
CA-2015-115742,4/18/2015,Darren Powers,Consumer,New Albany,Indiana,Furniture,Furnishings,Longer-Life Soft White Bulbs,6.16,2,0,2.9568
CA-2015-115742,4/18/2015,Darren Powers,Consumer,New Albany,Indiana,Furniture,Chairs,"Global Leather Task Chair, Black",89.99,1,0,17.0981
CA-2016-105816,12/11/2016,Janet Molinari,Corporate,New York City,New York,Office Supplies,Fasteners,Advantus Push Pins,15.26,7,0,6.2566
CA-2016-105816,12/11/2016,Janet Molinari,Corporate,New York City,New York,Technology,Phones,AT&T CL83451 4-Handset Telephone,1029.95,5,0,298.6855
CA-2016-111682,6/17/2016,Ted Butterfield,Consumer,Troy,New York,Office Supplies,Storage,Home/Office Personal File Carts,208.56,6,0,52.14
CA-2016-111682,6/17/2016,Ted Butterfield,Consumer,Troy,New York,Office Supplies,Paper,Xerox 232,32.4,5,0,15.552
CA-2016-111682,6/17/2016,Ted Butterfield,Consumer,Troy,New York,Furniture,Chairs,Novimex Turbo Task Chair,319.41,5,0.1,7.098
CA-2016-111682,6/17/2016,Ted Butterfield,Consumer,Troy,New York,Office Supplies,Paper,"Array Parchment Paper, Assorted Colors",14.56,2,0,6.9888
CA-2016-111682,6/17/2016,Ted Butterfield,Consumer,Troy,New York,Technology,Accessories,Imation 8gb Micro Traveldrive Usb 2.0 Flash Drive,30,2,0,3.3
CA-2016-111682,6/17/2016,Ted Butterfield,Consumer,Troy,New York,Office Supplies,Binders,Plastic Binding Combs,48.48,4,0.2,16.362
CA-2016-111682,6/17/2016,Ted Butterfield,Consumer,Troy,New York,Office Supplies,Art,Prang Dustless Chalk Sticks,1.68,1,0,0.84
CA-2015-135545,11/24/2015,Kunst Miller,Consumer,Los Angeles,California,Technology,Accessories,"Verbatim 25 GB 6x Blu-ray Single Layer Recordable Disc, 3/Pack",13.98,2,0,6.1512
CA-2015-135545,11/24/2015,Kunst Miller,Consumer,Los Angeles,California,Office Supplies,Binders,"Acco PRESSTEX Data Binder with Storage Hooks, Dark Blue, 14 7/8"" X 11""",25.824,6,0.2,9.3612
CA-2015-135545,11/24/2015,Kunst Miller,Consumer,Los Angeles,California,Office Supplies,Paper,Xerox 1943,146.73,3,0,68.9631
CA-2015-135545,11/24/2015,Kunst Miller,Consumer,Los Angeles,California,Furniture,Furnishings,Luxo Economy Swing Arm Lamp,79.76,4,0,22.3328
US-2015-164175,4/30/2015,Paul Stevenson,Home Office,Chicago,Illinois,Furniture,Chairs,"Global Value Mid-Back Manager's Chair, Gray",213.115,5,0.3,-15.2225
CA-2014-106376,12/05/2014,Brendan Sweed,Corporate,Gilbert,Arizona,Office Supplies,Art,"Hunt BOSTON Model 1606 High-Volume Electric Pencil Sharpener, Beige",1113.024,8,0.2,111.3024
CA-2014-106376,12/05/2014,Brendan Sweed,Corporate,Gilbert,Arizona,Technology,Phones,netTALK DUO VoIP Telephone Service,167.968,4,0.2,62.988
CA-2016-119823,06/04/2016,Karen Daniels,Consumer,Springfield,Virginia,Office Supplies,Paper,"Snap-A-Way Black Print Carbonless Ruled Speed Letter, Triplicate",75.88,2,0,35.6636
CA-2016-106075,9/18/2016,Henry MacAllister,Consumer,New York City,New York,Office Supplies,Binders,Avery Binding System Hidden Tab Executive Style Index Sets,4.616,1,0.2,1.731
CA-2017-114440,9/14/2017,Tracy Blumstein,Consumer,Jackson,Michigan,Office Supplies,Paper,"Telephone Message Books with Fax/Mobile Section, 5 1/2"" x 3 3/16""",19.05,3,0,8.763
US-2015-134026,4/26/2015,Joel Eaton,Consumer,Memphis,Tennessee,Furniture,Chairs,High-Back Leather Manager's Chair,831.936,8,0.2,-114.3912
US-2015-134026,4/26/2015,Joel Eaton,Consumer,Memphis,Tennessee,Furniture,Furnishings,"Tenex Traditional Chairmats for Medium Pile Carpet, Standard Lip, 36"" x 48""",97.04,2,0.2,1.213
US-2015-134026,4/26/2015,Joel Eaton,Consumer,Memphis,Tennessee,Office Supplies,Storage,Safco Industrial Wire Shelving System,72.784,1,0.2,-18.196
US-2017-118038,12/09/2017,Ken Brennan,Corporate,Houston,Texas,Office Supplies,Binders,Economy Binders,1.248,3,0.8,-1.9344
US-2017-118038,12/09/2017,Ken Brennan,Corporate,Houston,Texas,Furniture,Furnishings,"6"" Cubicle Wall Clock, Black",9.708,3,0.6,-5.8248
US-2017-118038,12/09/2017,Ken Brennan,Corporate,Houston,Texas,Office Supplies,Storage,"SimpliFile Personal File, Black Granite, 15w x 6-15/16d x 11-1/4h",27.24,3,0.2,2.724
US-2014-147606,11/26/2014,Joel Eaton,Consumer,Houston,Texas,Furniture,Furnishings,"Eldon Expressions Desk Accessory, Wood Pencil Holder, Oak",19.3,5,0.6,-14.475
CA-2016-127208,06/12/2016,Stewart Carmichael,Corporate,Decatur,Alabama,Office Supplies,Appliances,"1.7 Cubic Foot Compact ""Cube"" Office Refrigerators",208.16,1,0,56.2032
CA-2016-127208,06/12/2016,Stewart Carmichael,Corporate,Decatur,Alabama,Office Supplies,Binders,Avery Heavy-Duty EZD  Binder With Locking Rings,16.74,3,0,8.0352
CA-2014-139451,10/12/2014,Duane Noonan,Consumer,San Francisco,California,Office Supplies,Art,"Premium Writing Pencils, Soft, #2 by Central Association for the Blind",14.9,5,0,4.172
CA-2014-139451,10/12/2014,Duane Noonan,Consumer,San Francisco,California,Office Supplies,Storage,"Sortfiler Multipurpose Personal File Organizer, Black",21.39,1,0,6.2031
CA-2015-149734,09/03/2015,Julie Creighton,Corporate,Durham,North Carolina,Office Supplies,Envelopes,Jet-Pak Recycled Peel 'N' Seal Padded Mailers,200.984,7,0.2,62.8075
US-2017-119662,11/13/2017,Christopher Schild,Home Office,Chicago,Illinois,Office Supplies,Storage,Safco Industrial Wire Shelving,230.376,3,0.2,-48.9549
CA-2017-140088,5/28/2017,Patrick O'Donnell,Consumer,Columbia,South Carolina,Furniture,Chairs,Novimex Swivel Fabric Task Chair,301.96,2,0,33.2156
CA-2017-155558,10/26/2017,Paul Gonzalez,Consumer,Rochester,Minnesota,Technology,Accessories,Logitech LS21 Speaker System - PC Multimedia - 2.1-CH - Wired,19.99,1,0,6.7966
CA-2017-155558,10/26/2017,Paul Gonzalez,Consumer,Rochester,Minnesota,Office Supplies,Labels,Avery 511,6.16,2,0,2.9568
CA-2016-159695,04/05/2016,Gary Mitchum,Home Office,Houston,Texas,Office Supplies,Storage,Eldon Portable Mobile Manager,158.368,7,0.2,13.8572
CA-2016-109806,9/17/2016,Jim Sink,Corporate,Los Angeles,California,Office Supplies,Art,Turquoise Lead Holder with Pocket Clip,20.1,3,0,6.633
CA-2016-109806,9/17/2016,Jim Sink,Corporate,Los Angeles,California,Technology,Phones,Panasonic Kx-TS550,73.584,2,0.2,8.2782
CA-2016-109806,9/17/2016,Jim Sink,Corporate,Los Angeles,California,Office Supplies,Paper,Xerox 1995,6.48,1,0,3.1104
CA-2015-149587,1/31/2015,Karl Braun,Consumer,Minneapolis,Minnesota,Office Supplies,Paper,Xerox 1999,12.96,2,0,6.2208
CA-2015-149587,1/31/2015,Karl Braun,Consumer,Minneapolis,Minnesota,Furniture,Furnishings,"Seth Thomas 13 1/2"" Wall Clock",53.34,3,0,16.5354
CA-2015-149587,1/31/2015,Karl Braun,Consumer,Minneapolis,Minnesota,Office Supplies,Binders,Ibico Standard Transparent Covers,32.96,2,0,16.1504
US-2017-109484,11/06/2017,Roger Barcio,Home Office,Portland,Oregon,Office Supplies,Binders,Flexible Leather- Look Classic Collection Ring Binder,5.682,1,0.7,-3.788
CA-2017-161018,11/09/2017,Parhena Norris,Home Office,New York City,New York,Furniture,Furnishings,9-3/4 Diameter Round Wall Clock,96.53,7,0,40.5426
CA-2017-157833,6/17/2017,Katherine Ducich,Consumer,San Francisco,California,Office Supplies,Binders,Trimflex Flexible Post Binders,51.312,3,0.2,17.9592
CA-2016-149223,09/06/2016,Elpida Rittenbach,Corporate,Saint Paul,Minnesota,Office Supplies,Appliances,Fellowes Basic Home/Office Series Surge Protectors,77.88,6,0,22.5852
CA-2016-158568,8/29/2016,Rick Bensley,Home Office,Chicago,Illinois,Office Supplies,Paper,Avery Personal Creations Heavyweight Cards,64.624,7,0.2,22.6184
CA-2016-158568,8/29/2016,Rick Bensley,Home Office,Chicago,Illinois,Technology,Accessories,SanDisk Ultra 64 GB MicroSDHC Class 10 Memory Card,95.976,3,0.2,-10.7973
CA-2016-158568,8/29/2016,Rick Bensley,Home Office,Chicago,Illinois,Office Supplies,Binders,Avery Hidden Tab Dividers for Binding Systems,1.788,3,0.8,-3.0396
CA-2016-129903,12/01/2016,Gary Zandusky,Consumer,Rochester,Minnesota,Office Supplies,Paper,Universal Premium White Copier/Laser Paper (20Lb. and 87 Bright),23.92,4,0,11.7208
US-2015-156867,11/13/2015,Lena Cacioppo,Consumer,Aurora,Colorado,Technology,Accessories,Logitech K350 2.4Ghz Wireless Keyboard,238.896,6,0.2,-26.8758
US-2015-156867,11/13/2015,Lena Cacioppo,Consumer,Aurora,Colorado,Furniture,Furnishings,"Deflect-o DuraMat Lighweight, Studded, Beveled Mat for Low Pile Carpeting",102.36,3,0.2,-3.8385
US-2015-156867,11/13/2015,Lena Cacioppo,Consumer,Aurora,Colorado,Office Supplies,Binders,"Avery Trapezoid Ring Binder, 3"" Capacity, Black, 1040 sheets",36.882,3,0.7,-25.8174
CA-2017-119004,11/23/2017,Janet Martin,Consumer,Charlotte,North Carolina,Technology,Accessories,Memorex Mini Travel Drive 8 GB USB 2.0 Flash Drive,74.112,8,0.2,17.6016
CA-2017-119004,11/23/2017,Janet Martin,Consumer,Charlotte,North Carolina,Technology,Phones,Speck Products Candyshell Flip Case,27.992,1,0.2,2.0994
CA-2017-119004,11/23/2017,Janet Martin,Consumer,Charlotte,North Carolina,Office Supplies,Art,Newell Chalk Holder,3.304,1,0.2,1.0738
CA-2015-129476,10/15/2015,Pete Armstrong,Home Office,Orland Park,Illinois,Technology,Accessories,Logitech Gaming G510s - Keyboard,339.96,5,0.2,67.992
CA-2017-146780,12/25/2017,Cynthia Voltz,Corporate,New York City,New York,Furniture,Furnishings,Magnifier Swing Arm Lamp,41.96,2,0,10.9096
CA-2016-128867,11/03/2016,Clay Ludtke,Consumer,Urbandale,Iowa,Office Supplies,Art,"Hunt PowerHouse Electric Pencil Sharpener, Blue",75.96,2,0,22.788
CA-2016-128867,11/03/2016,Clay Ludtke,Consumer,Urbandale,Iowa,Office Supplies,Binders,"Avery Durable Plastic 1"" Binders",27.24,6,0,13.3476
CA-2014-115259,8/25/2014,Ryan Crowe,Consumer,Columbus,Ohio,Office Supplies,Fasteners,"OIC Colored Binder Clips, Assorted Sizes",40.096,14,0.2,14.5348
CA-2014-115259,8/25/2014,Ryan Crowe,Consumer,Columbus,Ohio,Office Supplies,Envelopes,"Redi-Strip #10 Envelopes, 4 1/8 x 9 1/2",4.72,2,0.2,1.652
CA-2014-115259,8/25/2014,Ryan Crowe,Consumer,Columbus,Ohio,Office Supplies,Paper,Xerox 1921,23.976,3,0.2,7.4925
CA-2014-115259,8/25/2014,Ryan Crowe,Consumer,Columbus,Ohio,Office Supplies,Envelopes,"Tyvek  Top-Opening Peel & Seel Envelopes, Plain White",130.464,6,0.2,44.0316
CA-2015-110457,03/02/2015,Dave Kipp,Consumer,Seattle,Washington,Furniture,Tables,Hon Racetrack Conference Tables,787.53,3,0,165.3813
US-2015-136476,04/05/2015,Greg Guthrie,Corporate,Bristol,Tennessee,Office Supplies,Binders,GBC DocuBind 300 Electric Binding Machine,157.794,1,0.7,-115.7156
CA-2016-103730,06/12/2016,Steven Cartwright,Consumer,Wilmington,Delaware,Furniture,Furnishings,Artistic Insta-Plaque,47.04,3,0,18.3456
CA-2016-103730,06/12/2016,Steven Cartwright,Consumer,Wilmington,Delaware,Office Supplies,Binders,DXL Angle-View Binders with Locking Rings by Samsill,30.84,4,0,13.878
CA-2016-103730,06/12/2016,Steven Cartwright,Consumer,Wilmington,Delaware,Office Supplies,Storage,"Companion Letter/Legal File, Black",226.56,6,0,63.4368
CA-2016-103730,06/12/2016,Steven Cartwright,Consumer,Wilmington,Delaware,Office Supplies,Envelopes,Globe Weis Peel & Seel First Class Envelopes,115.02,9,0,51.759
CA-2016-103730,06/12/2016,Steven Cartwright,Consumer,Wilmington,Delaware,Technology,Phones,KLD Oscar II Style Snap-on Ultra Thin Side Flip Synthetic Leather Cover Case for HTC One HTC M7,68.04,7,0,19.7316
US-2014-152030,12/26/2014,Alan Dominguez,Home Office,Houston,Texas,Furniture,Chairs,Global Deluxe High-Back Manager's Chair,600.558,3,0.3,-8.5794
US-2014-134614,9/20/2014,Philip Fox,Consumer,Bloomington,Illinois,Furniture,Tables,Bevis 44 x 96 Conference Tables,617.7,6,0.5,-407.682
US-2017-107272,11/05/2017,Troy Staebel,Consumer,Phoenix,Arizona,Office Supplies,Binders,"Avery Durable Slant Ring Binders, No Labels",2.388,2,0.7,-1.8308
US-2017-107272,11/05/2017,Troy Staebel,Consumer,Phoenix,Arizona,Office Supplies,Storage,"Trav-L-File Heavy-Duty Shuttle II, Black",243.992,7,0.2,30.499
US-2016-125969,11/06/2016,Lindsay Shagiari,Home Office,Los Angeles,California,Furniture,Chairs,"Global Task Chair, Black",81.424,2,0.2,-9.1602
US-2016-125969,11/06/2016,Lindsay Shagiari,Home Office,Los Angeles,California,Furniture,Furnishings,Eldon Cleatmat Plus Chair Mats for High Pile Carpets,238.56,3,0,26.2416
US-2017-164147,02/02/2017,Dorothy Wardle,Corporate,Columbus,Ohio,Technology,Phones,Anker 36W 4-Port USB Wall Charger Travel Power Adapter for iPhone 5s 5c 5,59.97,5,0.4,-11.994
US-2017-164147,02/02/2017,Dorothy Wardle,Corporate,Columbus,Ohio,Office Supplies,Paper,Xerox 1916,78.304,2,0.2,29.364
US-2017-164147,02/02/2017,Dorothy Wardle,Corporate,Columbus,Ohio,Office Supplies,Fasteners,Staples,21.456,9,0.2,6.9732
CA-2016-145583,10/13/2016,Lena Creighton,Consumer,Roseville,California,Office Supplies,Paper,Xerox 195,20.04,3,0,9.6192
CA-2016-145583,10/13/2016,Lena Creighton,Consumer,Roseville,California,Office Supplies,Paper,Xerox 1880,35.44,1,0,16.6568
CA-2016-145583,10/13/2016,Lena Creighton,Consumer,Roseville,California,Office Supplies,Art,"Sanford Colorific Colored Pencils, 12/Box",11.52,4,0,3.456
CA-2016-145583,10/13/2016,Lena Creighton,Consumer,Roseville,California,Office Supplies,Fasteners,Ideal Clamps,4.02,2,0,1.9698
CA-2016-145583,10/13/2016,Lena Creighton,Consumer,Roseville,California,Office Supplies,Binders,GBC Wire Binding Strips,76.176,3,0.2,26.6616
CA-2016-145583,10/13/2016,Lena Creighton,Consumer,Roseville,California,Office Supplies,Supplies,Fiskars Softgrip Scissors,65.88,6,0,18.4464
CA-2016-145583,10/13/2016,Lena Creighton,Consumer,Roseville,California,Furniture,Furnishings,Longer-Life Soft White Bulbs,43.12,14,0,20.6976
CA-2016-110366,09/05/2016,Jonathan Doherty,Corporate,Philadelphia,Pennsylvania,Furniture,Furnishings,"Howard Miller 13-3/4"" Diameter Brushed Chrome Round Wall Clock",82.8,2,0.2,10.35
CA-2017-106180,9/18/2017,Sally Hughsby,Corporate,San Francisco,California,Office Supplies,Art,Newell 343,8.82,3,0,2.3814
CA-2017-106180,9/18/2017,Sally Hughsby,Corporate,San Francisco,California,Office Supplies,Envelopes,Convenience Packs of Business Envelopes,10.86,3,0,5.1042
CA-2017-106180,9/18/2017,Sally Hughsby,Corporate,San Francisco,California,Office Supplies,Paper,Xerox 1911,143.7,3,0,68.976
CA-2017-155376,12/22/2017,Sandra Glassco,Consumer,Independence,Missouri,Office Supplies,Appliances,Sanyo 2.5 Cubic Foot Mid-Size Office Refrigerators,839.43,3,0,218.2518
CA-2015-110744,09/07/2015,Helen Andreada,Consumer,Pasadena,California,Office Supplies,Storage,Safco Industrial Wire Shelving,671.93,7,0,20.1579
CA-2014-110072,10/22/2014,Maureen Gastineau,Home Office,Newark,Ohio,Furniture,Furnishings,"Seth Thomas 14"" Putty-Colored Wall Clock",93.888,4,0.2,12.9096
CA-2016-114489,12/05/2016,Justin Ellison,Corporate,Franklin,Wisconsin,Technology,Phones,Plantronics Cordless Phone Headset with In-line Volume - M214C,384.45,11,0,103.8015
CA-2016-114489,12/05/2016,Justin Ellison,Corporate,Franklin,Wisconsin,Technology,Phones,Anker Astro 15000mAh USB Portable Charger,149.97,3,0,5.9988
CA-2016-114489,12/05/2016,Justin Ellison,Corporate,Franklin,Wisconsin,Furniture,Chairs,"Hon Deluxe Fabric Upholstered Stacking Chairs, Rounded Back",1951.84,8,0,585.552
CA-2016-114489,12/05/2016,Justin Ellison,Corporate,Franklin,Wisconsin,Office Supplies,Binders,GBC Prestige Therm-A-Bind Covers,171.55,5,0,80.6285
CA-2016-158834,3/13/2016,Tamara Willingham,Home Office,Scottsdale,Arizona,Office Supplies,Appliances,Belkin 7 Outlet SurgeMaster Surge Protector with Phone Protection,157.92,5,0.2,17.766
CA-2016-158834,3/13/2016,Tamara Willingham,Home Office,Scottsdale,Arizona,Technology,Phones,Jabra BIZ 2300 Duo QD Duo Corded Headset,203.184,2,0.2,15.2388
CA-2015-124919,5/31/2015,Stephanie Phelps,Corporate,San Jose,California,Office Supplies,Paper,Southworth 25% Cotton Antique Laid Paper & Envelopes,58.38,7,0,26.271
CA-2015-124919,5/31/2015,Stephanie Phelps,Corporate,San Jose,California,Office Supplies,Paper,Xerox 1883,105.52,4,0,48.5392
CA-2015-124919,5/31/2015,Stephanie Phelps,Corporate,San Jose,California,Office Supplies,Storage,"Tenex Personal Project File with Scoop Front Design, Black",80.88,6,0,21.0288
CA-2015-118948,5/28/2015,Neil Knudson,Home Office,Seattle,Washington,Office Supplies,Art,Newell 311,6.63,3,0,1.7901
CA-2014-104269,03/01/2014,Dave Brooks,Consumer,Seattle,Washington,Furniture,Chairs,Global Deluxe High-Back Manager's Chair,457.568,2,0.2,51.4764
CA-2016-114104,11/20/2016,Nora Paige,Consumer,Edmond,Oklahoma,Office Supplies,Labels,Avery 519,14.62,2,0,6.8714
CA-2016-114104,11/20/2016,Nora Paige,Consumer,Edmond,Oklahoma,Technology,Phones,Avaya 5420 Digital phone,944.93,7,0,236.2325
CA-2016-162733,05/11/2016,Ted Trevino,Consumer,Los Angeles,California,Office Supplies,Paper,Xerox 1920,5.98,1,0,2.691
CA-2015-119697,12/28/2015,Eric Murdock,Consumer,Philadelphia,Pennsylvania,Technology,Accessories,Lenovo 17-Key USB Numeric Keypad,54.384,2,0.2,1.3596
CA-2016-154508,11/16/2016,Ruben Dartt,Consumer,Carlsbad,New Mexico,Office Supplies,Envelopes,Staple envelope,28.4,5,0,13.348
CA-2016-113817,11/07/2016,Max Jones,Consumer,Seattle,Washington,Office Supplies,Binders,Wilson Jones International Size A4 Ring Binders,27.68,2,0.2,9.688
CA-2014-139892,09/08/2014,Becky Martin,Consumer,San Antonio,Texas,Office Supplies,Art,BIC Brite Liner Highlighters,9.936,3,0.2,2.7324
CA-2014-139892,09/08/2014,Becky Martin,Consumer,San Antonio,Texas,Technology,Machines,Lexmark MX611dhe Monochrome Laser Printer,8159.952,8,0.4,-1359.992
CA-2014-139892,09/08/2014,Becky Martin,Consumer,San Antonio,Texas,Office Supplies,Storage,Space Solutions HD Industrial Steel Shelving.,275.928,3,0.2,-58.6347
CA-2014-139892,09/08/2014,Becky Martin,Consumer,San Antonio,Texas,Furniture,Chairs,SAFCO Arco Folding Chair,1740.06,9,0.3,-24.858
CA-2014-139892,09/08/2014,Becky Martin,Consumer,San Antonio,Texas,Office Supplies,Art,Sanford Liquid Accent Highlighters,32.064,6,0.2,6.8136
CA-2014-139892,09/08/2014,Becky Martin,Consumer,San Antonio,Texas,Office Supplies,Appliances,Kensington 7 Outlet MasterPiece Power Center,177.98,5,0.8,-453.849
CA-2014-139892,09/08/2014,Becky Martin,Consumer,San Antonio,Texas,Technology,Phones,JBL Micro Wireless Portable Bluetooth Speaker,143.976,3,0.2,8.9985
CA-2014-118962,08/05/2014,Chad Sievert,Consumer,Los Angeles,California,Office Supplies,Paper,"Adams Phone Message Book, Professional, 400 Message Capacity, 5 3/6” x 11”",20.94,3,0,9.8418
CA-2014-118962,08/05/2014,Chad Sievert,Consumer,Los Angeles,California,Office Supplies,Paper,Xerox 1913,110.96,2,0,53.2608
CA-2014-118962,08/05/2014,Chad Sievert,Consumer,Los Angeles,California,Furniture,Chairs,"Global Value Steno Chair, Gray",340.144,7,0.2,21.259
US-2014-100853,9/14/2014,Jennifer Braxton,Corporate,Chicago,Illinois,Office Supplies,Appliances,Kensington 7 Outlet MasterPiece HOMEOFFICE Power Control Center,52.448,2,0.8,-131.12
US-2014-100853,9/14/2014,Jennifer Braxton,Corporate,Chicago,Illinois,Office Supplies,Labels,Avery 51,20.16,4,0.2,6.552
US-2017-152366,4/21/2017,Shirley Jackson,Consumer,Houston,Texas,Office Supplies,Appliances,"Acco 7-Outlet Masterpiece Power Center, Wihtout Fax/Phone Line Protection",97.264,4,0.8,-243.16
US-2015-101511,11/21/2015,Joel Eaton,Consumer,Newark,Ohio,Furniture,Chairs,"Padded Folding Chairs, Black, 4/Carton",396.802,7,0.3,-11.3372
US-2015-101511,11/21/2015,Joel Eaton,Consumer,Newark,Ohio,Office Supplies,Supplies,Acme Rosewood Handle Letter Opener,15.88,5,0.2,-3.7715
CA-2015-137225,12/15/2015,Jim Kriz,Home Office,New York City,New York,Office Supplies,Art,"Sanford Colorific Eraseable Coloring Pencils, 12 Count",3.28,1,0,1.4104
CA-2014-166191,12/05/2014,David Kendrick,Corporate,Decatur,Illinois,Office Supplies,Storage,"Tenex File Box, Personal Filing Tote with Lid, Black",24.816,2,0.2,1.8612
CA-2014-166191,12/05/2014,David Kendrick,Corporate,Decatur,Illinois,Technology,Accessories,Imation Secure+ Hardware Encrypted USB 2.0 Flash Drive; 16GB,408.744,7,0.2,76.6395
CA-2014-158274,11/19/2014,Robert Marley,Home Office,Monroe,Louisiana,Technology,Phones,AT&T TR1909W,503.96,4,0,131.0296
CA-2014-158274,11/19/2014,Robert Marley,Home Office,Monroe,Louisiana,Technology,Phones,Nokia Lumia 521 (T-Mobile),149.95,5,0,41.986
CA-2014-158274,11/19/2014,Robert Marley,Home Office,Monroe,Louisiana,Technology,Accessories,HP Standard 104 key PS/2 Keyboard,29,2,0,7.25
CA-2016-105018,11/28/2016,Sally Knutson,Consumer,Fairfield,Connecticut,Office Supplies,Binders,Avery Poly Binder Pockets,7.16,2,0,3.4368
CA-2014-123260,8/26/2014,Frank Merwin,Home Office,Los Angeles,California,Technology,Accessories,SanDisk Ultra 32 GB MicroSDHC Class 10 Memory Card,176.8,8,0,22.984
CA-2016-157000,7/16/2016,Alice McCarthy,Corporate,Grand Prairie,Texas,Office Supplies,Storage,"Personal Filing Tote with Lid, Black/Gray",37.224,3,0.2,3.7224
CA-2016-157000,7/16/2016,Alice McCarthy,Corporate,Grand Prairie,Texas,Office Supplies,Paper,Southworth 25% Cotton Antique Laid Paper & Envelopes,20.016,3,0.2,6.255
CA-2015-102281,10/12/2015,Mark Packer,Home Office,New York City,New York,Furniture,Bookcases,"Atlantic Metals Mobile 4-Shelf Bookcases, Custom Colors",899.136,4,0.2,112.392
CA-2015-102281,10/12/2015,Mark Packer,Home Office,New York City,New York,Technology,Phones,I Need's 3d Hello Kitty Hybrid Silicone Case Cover for HTC One X 4g with 3d Hello Kitty Stylus Pen Green/pink,71.76,6,0,20.0928
CA-2015-102281,10/12/2015,Mark Packer,Home Office,New York City,New York,Office Supplies,Paper,Xerox 205,51.84,8,0,24.8832
CA-2015-102281,10/12/2015,Mark Packer,Home Office,New York City,New York,Furniture,Bookcases,"Atlantic Metals Mobile 3-Shelf Bookcases, Custom Colors",626.352,3,0.2,46.9764
CA-2015-102281,10/12/2015,Mark Packer,Home Office,New York City,New York,Office Supplies,Art,4009 Highlighters by Sanford,19.9,5,0,6.567
CA-2015-131457,10/31/2015,Mary Zewe,Corporate,Redlands,California,Office Supplies,Envelopes,Poly String Tie Envelopes,14.28,7,0,6.7116
CA-2014-140004,3/21/2014,Cassandra Brandow,Consumer,Hamilton,Ohio,Office Supplies,Art,"Binney & Smith Crayola Metallic Colored Pencils, 8-Color Set",7.408,2,0.2,1.2038
CA-2014-140004,3/21/2014,Cassandra Brandow,Consumer,Hamilton,Ohio,Office Supplies,Art,"Binney & Smith inkTank Erasable Desk Highlighter, Chisel Tip, Yellow, 12/Box",6.048,3,0.2,1.5876
CA-2017-107720,11/06/2017,Valerie Mitchum,Home Office,Westfield,New Jersey,Office Supplies,Storage,Decoflex Hanging Personal Folder File,46.26,3,0,12.0276
US-2017-124303,07/06/2017,Fred Hopkins,Corporate,Philadelphia,Pennsylvania,Office Supplies,Binders,"Pressboard Covers with Storage Hooks, 9 1/2"" x 11"", Light Blue",2.946,2,0.7,-2.2586
US-2017-124303,07/06/2017,Fred Hopkins,Corporate,Philadelphia,Pennsylvania,Office Supplies,Paper,"Wirebound Message Books, 5-1/2 x 4 Forms, 2 or 4 Forms per Page",16.056,3,0.2,5.8203
CA-2017-105074,6/24/2017,Maria Bertelson,Consumer,Akron,Ohio,Office Supplies,Paper,Southworth 25% Cotton Linen-Finish Paper & Envelopes,21.744,3,0.2,6.795
CA-2014-133690,08/03/2014,Bruce Stewart,Consumer,Denver,Colorado,Furniture,Tables,BoxOffice By Design Rectangular and Half-Moon Meeting Room Tables,218.75,2,0.5,-161.875
CA-2014-133690,08/03/2014,Bruce Stewart,Consumer,Denver,Colorado,Office Supplies,Appliances,"Bravo II Megaboss 12-Amp Hard Body Upright, Replacement Belts, 2 Belts per Pack",2.6,1,0.2,0.2925
US-2017-116701,12/17/2017,Logan Currie,Consumer,Dallas,Texas,Office Supplies,Appliances,Eureka Sanitaire  Commercial Upright,66.284,2,0.8,-178.9668
CA-2017-126382,06/03/2017,Heather Kirkland,Corporate,Franklin,Tennessee,Furniture,Furnishings,"Eldon 200 Class Desk Accessories, Burgundy",35.168,7,0.2,9.6712
CA-2017-108329,12/09/2017,Laurel Elliston,Consumer,Whittier,California,Technology,Phones,Nortel Business Series Terminal T7208 Digital phone,444.768,4,0.2,44.4768
CA-2017-135860,12/01/2017,Joseph Holt,Consumer,Saginaw,Michigan,Office Supplies,Storage,"Tennsco Lockers, Gray",83.92,4,0,5.8744
CA-2017-135860,12/01/2017,Joseph Holt,Consumer,Saginaw,Michigan,Technology,Phones,Panasonic KX-TG6844B Expandable Digital Cordless Telephone,131.98,2,0,35.6346
CA-2017-135860,12/01/2017,Joseph Holt,Consumer,Saginaw,Michigan,Office Supplies,Binders,"Avery Durable Slant Ring Binders, No Labels",15.92,4,0,7.4824
CA-2017-135860,12/01/2017,Joseph Holt,Consumer,Saginaw,Michigan,Office Supplies,Fasteners,"Advantus Push Pins, Aluminum Head",52.29,9,0,16.2099
CA-2017-135860,12/01/2017,Joseph Holt,Consumer,Saginaw,Michigan,Office Supplies,Storage,"Gould Plastics 18-Pocket Panel Bin, 34w x 5-1/4d x 20-1/2h",91.99,1,0,3.6796
CA-2015-101007,02/09/2015,Michael Stewart,Corporate,Dallas,Texas,Technology,Accessories,Memorex Micro Travel Drive 8 GB,20.8,2,0.2,6.5
CA-2015-146262,01/02/2015,Victoria Wilson,Corporate,Medina,Ohio,Office Supplies,Labels,Avery 505,23.68,2,0.2,8.88
CA-2015-146262,01/02/2015,Victoria Wilson,Corporate,Medina,Ohio,Furniture,Bookcases,O'Sullivan 2-Door Barrister Bookcase in Odessa Pine,452.45,5,0.5,-244.323
CA-2015-146262,01/02/2015,Victoria Wilson,Corporate,Medina,Ohio,Technology,Phones,Speck Products Candyshell Flip Case,62.982,3,0.4,-14.6958
CA-2015-146262,01/02/2015,Victoria Wilson,Corporate,Medina,Ohio,Technology,Machines,Cisco 9971 IP Video Phone Charcoal,1188,9,0.7,-950.4
CA-2015-146262,01/02/2015,Victoria Wilson,Corporate,Medina,Ohio,Technology,Accessories,Sony Micro Vault Click 16 GB USB 2.0 Flash Drive,89.584,2,0.2,4.4792
CA-2016-130162,10/28/2016,Jonathan Howell,Consumer,Los Angeles,California,Office Supplies,Storage,"Personal Filing Tote with Lid, Black/Gray",93.06,6,0,26.0568
CA-2016-130162,10/28/2016,Jonathan Howell,Consumer,Los Angeles,California,Technology,Phones,Adtran 1202752G1,302.376,3,0.2,22.6782
CA-2015-169397,12/24/2015,Joni Blumstein,Consumer,Dublin,Ohio,Office Supplies,Fasteners,OIC Bulk Pack Metal Binder Clips,5.584,2,0.2,1.8148
CA-2015-169397,12/24/2015,Joni Blumstein,Consumer,Dublin,Ohio,Office Supplies,Paper,"While You Were Out Pads, 50 per Pad, 4 x 5 1/4, Green Cycle",22.704,6,0.2,8.2302
CA-2015-169397,12/24/2015,Joni Blumstein,Consumer,Dublin,Ohio,Office Supplies,Binders,Ibico Standard Transparent Covers,19.776,4,0.7,-13.8432
CA-2015-169397,12/24/2015,Joni Blumstein,Consumer,Dublin,Ohio,Furniture,Furnishings,"Executive Impressions 14"" Two-Color Numerals Wall Clock",72.704,4,0.2,19.0848
CA-2015-169397,12/24/2015,Joni Blumstein,Consumer,Dublin,Ohio,Technology,Machines,Swingline SM12-08 MicroCut Jam Free Shredder,479.988,4,0.7,-383.9904
CA-2015-169397,12/24/2015,Joni Blumstein,Consumer,Dublin,Ohio,Office Supplies,Art,Stanley Bostitch Contemporary Electric Pencil Sharpeners,27.168,2,0.2,2.7168
CA-2015-163055,08/09/2015,David Smith,Corporate,Detroit,Michigan,Office Supplies,Art,"Sanford Uni-Blazer View Highlighters, Chisel Tip, Yellow",2.2,1,0,0.968
CA-2015-163055,08/09/2015,David Smith,Corporate,Detroit,Michigan,Furniture,Tables,Bevis 36 x 72 Conference Tables,622.45,5,0,136.939
CA-2015-163055,08/09/2015,David Smith,Corporate,Detroit,Michigan,Office Supplies,Storage,Rogers Deluxe File Chest,21.98,1,0,0.2198
US-2015-145436,2/28/2015,Valerie Dominguez,Consumer,Columbia,Tennessee,Furniture,Chairs,Global Low Back Tilter Chair,161.568,2,0.2,-28.2744
US-2015-145436,2/28/2015,Valerie Dominguez,Consumer,Columbia,Tennessee,Furniture,Chairs,"Global Push Button Manager's Chair, Indigo",389.696,8,0.2,43.8408
US-2014-156216,9/13/2014,Erin Ashbrook,Corporate,Charlotte,North Carolina,Office Supplies,Binders,GBC Instant Index System for Binding Systems,18.648,7,0.7,-12.432
US-2017-100930,04/07/2017,Christopher Schild,Home Office,Tampa,Florida,Furniture,Tables,Bush Advantage Collection Round Conference Table,233.86,2,0.45,-102.048
US-2017-100930,04/07/2017,Christopher Schild,Home Office,Tampa,Florida,Furniture,Tables,Bretford Rectangular Conference Table Tops,620.6145,3,0.45,-248.2458
US-2017-100930,04/07/2017,Christopher Schild,Home Office,Tampa,Florida,Office Supplies,Binders,GBC Instant Index System for Binding Systems,5.328,2,0.7,-3.552
US-2017-100930,04/07/2017,Christopher Schild,Home Office,Tampa,Florida,Furniture,Furnishings,"Tenex Contemporary Contur Chairmats for Low and Medium Pile Carpet, Computer, 39"" x 49""",258.072,3,0.2,0
US-2017-100930,04/07/2017,Christopher Schild,Home Office,Tampa,Florida,Technology,Accessories,Logitech P710e Mobile Speakerphone,617.976,3,0.2,-7.7247
CA-2017-160514,11/12/2017,David Bremer,Corporate,Santa Clara,California,Office Supplies,Paper,Xerox 4200 Series MultiUse Premium Copy Paper (20Lb. and 84 Bright),10.56,2,0,4.752
CA-2016-157749,06/04/2016,Ken Lonsdale,Consumer,Chicago,Illinois,Office Supplies,Paper,Xerox 1957,25.92,5,0.2,9.396
CA-2016-157749,06/04/2016,Ken Lonsdale,Consumer,Chicago,Illinois,Furniture,Furnishings,Luxo Professional Fluorescent Magnifier Lamp with Clamp-Mount Base,419.68,5,0.6,-356.728
CA-2016-157749,06/04/2016,Ken Lonsdale,Consumer,Chicago,Illinois,Furniture,Furnishings,Staple-based wall hangings,11.688,3,0.6,-4.6752
CA-2016-157749,06/04/2016,Ken Lonsdale,Consumer,Chicago,Illinois,Technology,Phones,PureGear Roll-On Screen Protector,31.984,2,0.2,11.1944
CA-2016-157749,06/04/2016,Ken Lonsdale,Consumer,Chicago,Illinois,Furniture,Tables,KI Conference Tables,177.225,5,0.5,-120.513
CA-2016-157749,06/04/2016,Ken Lonsdale,Consumer,Chicago,Illinois,Furniture,Furnishings,Eldon 100 Class Desk Accessories,4.044,3,0.6,-2.8308
CA-2016-157749,06/04/2016,Ken Lonsdale,Consumer,Chicago,Illinois,Office Supplies,Art,"Binney & Smith Crayola Metallic Colored Pencils, 8-Color Set",7.408,2,0.2,1.2038
CA-2014-131926,06/01/2014,Dianna Wilson,Home Office,Lakeville,Minnesota,Furniture,Chairs,Global Deluxe High-Back Manager's Chair,2001.86,7,0,580.5394
CA-2014-131926,06/01/2014,Dianna Wilson,Home Office,Lakeville,Minnesota,Office Supplies,Storage,Safco Steel Mobile File Cart,166.72,2,0,41.68
CA-2014-131926,06/01/2014,Dianna Wilson,Home Office,Lakeville,Minnesota,Office Supplies,Paper,"Adams Telephone Message Book w/Frequently-Called Numbers Space, 400 Messages per Book",47.88,6,0,23.94
CA-2014-131926,06/01/2014,Dianna Wilson,Home Office,Lakeville,Minnesota,Office Supplies,Appliances,Honeywell Enviracaire Portable HEPA Air Cleaner for 17' x 22' Room,1503.25,5,0,496.0725
CA-2014-131926,06/01/2014,Dianna Wilson,Home Office,Lakeville,Minnesota,Office Supplies,Paper,Xerox 205,25.92,4,0,12.4416
CA-2016-154739,12/10/2016,Logan Haushalter,Consumer,San Francisco,California,Furniture,Chairs,"Global Leather Highback Executive Chair with Pneumatic Height Adjustment, Black",321.568,2,0.2,28.1372
CA-2016-145625,09/11/2016,Kelly Collister,Consumer,San Diego,California,Office Supplies,Paper,"Wirebound Message Books, Two 4 1/4"" x 5"" Forms per Page",7.61,1,0,3.5767
CA-2016-145625,09/11/2016,Kelly Collister,Consumer,San Diego,California,Technology,Accessories,Logitech P710e Mobile Speakerphone,3347.37,13,0,636.0003
CA-2016-146941,12/10/2016,Delfina Latchford,Consumer,New York City,New York,Office Supplies,Storage,"Fellowes Personal Hanging Folder Files, Navy",80.58,6,0,22.5624
CA-2016-146941,12/10/2016,Delfina Latchford,Consumer,New York City,New York,Office Supplies,Envelopes,Tyvek Side-Opening Peel & Seel Expanding Envelopes,361.92,4,0,162.864
US-2015-159982,11/28/2015,Dan Reichenbach,Corporate,Chicago,Illinois,Furniture,Furnishings,Eldon 100 Class Desk Accessories,12.132,9,0.6,-8.4924
US-2015-159982,11/28/2015,Dan Reichenbach,Corporate,Chicago,Illinois,Office Supplies,Storage,"Belkin 19"" Vented Equipment Shelf, Black",82.368,2,0.2,-19.5624
US-2015-159982,11/28/2015,Dan Reichenbach,Corporate,Chicago,Illinois,Office Supplies,Storage,"Tenex Personal Project File with Scoop Front Design, Black",53.92,5,0.2,4.044
US-2015-159982,11/28/2015,Dan Reichenbach,Corporate,Chicago,Illinois,Technology,Phones,Logitech Mobile Speakerphone P710e - speaker phone,647.904,6,0.2,56.6916
CA-2017-163139,12/01/2017,Craig Carreira,Consumer,New York City,New York,Technology,Accessories,Sabrent 4-Port USB 2.0 Hub,20.37,3,0,6.9258
CA-2017-163139,12/01/2017,Craig Carreira,Consumer,New York City,New York,Office Supplies,Storage,Safco Industrial Shelving,221.55,3,0,6.6465
CA-2017-163139,12/01/2017,Craig Carreira,Consumer,New York City,New York,Office Supplies,Binders,Acco 3-Hole Punch,17.52,5,0.2,6.132
US-2017-155299,06/08/2017,Dorris liebe,Corporate,Pasadena,Texas,Office Supplies,Appliances,Eureka Disposable Bags for Sanitaire Vibra Groomer I Upright Vac,1.624,2,0.8,-4.466
US-2014-106992,9/19/2014,Sean Braxton,Corporate,Houston,Texas,Technology,Machines,Lexmark MX611dhe Monochrome Laser Printer,3059.982,3,0.4,-509.997
US-2014-106992,9/19/2014,Sean Braxton,Corporate,Houston,Texas,Technology,Machines,Xerox WorkCentre 6505DN Laser Multifunction Printer,2519.958,7,0.4,-251.9958
CA-2016-125318,06/06/2016,Roy Collins,Consumer,Chicago,Illinois,Technology,Phones,Cisco Small Business SPA 502G VoIP phone,328.224,4,0.2,28.7196
CA-2015-155040,11/10/2015,Alan Hwang,Consumer,Brentwood,California,Technology,Accessories,Microsoft Sculpt Comfort Mouse,79.9,2,0,35.156
CA-2017-136826,6/16/2017,Claudia Bergmann,Corporate,Chapel Hill,North Carolina,Office Supplies,Art,"Quartet Omega Colored Chalk, 12/Pack",14.016,3,0.2,4.7304
CA-2016-111010,1/22/2016,Paul Gonzalez,Consumer,Morristown,New Jersey,Office Supplies,Fasteners,Bagged Rubber Bands,7.56,6,0,0.3024
US-2017-145366,12/09/2017,Christine Abelman,Corporate,Cincinnati,Ohio,Office Supplies,Storage,Safco Commercial Shelving,37.208,1,0.2,-7.4416
US-2017-145366,12/09/2017,Christine Abelman,Corporate,Cincinnati,Ohio,Office Supplies,Envelopes,"Recycled Interoffice Envelopes with String and Button Closure, 10 x 13",57.576,3,0.2,21.591
CA-2017-163979,12/28/2017,Kristen Hastings,Corporate,San Francisco,California,Office Supplies,Storage,Adjustable Depth Letter/Legal Cart,725.84,4,0,210.4936
CA-2015-155334,7/30/2015,Helen Andreada,Consumer,San Francisco,California,Technology,Accessories,Logitech 910-002974 M325 Wireless Mouse for Web Scrolling,209.93,7,0,92.3692
CA-2015-155334,7/30/2015,Helen Andreada,Consumer,San Francisco,California,Furniture,Furnishings,Regeneration Desk Collection,5.28,3,0,2.3232
CA-2015-155334,7/30/2015,Helen Andreada,Consumer,San Francisco,California,Office Supplies,Binders,Presstex Flexible Ring Binders,10.92,3,0.2,4.095
CA-2017-118136,9/16/2017,Barry Blumstein,Corporate,Inglewood,California,Office Supplies,Paper,"Ampad Gold Fibre Wirebound Steno Books, 6"" x 9"", Gregg Ruled",8.82,2,0,4.0572
CA-2017-118136,9/16/2017,Barry Blumstein,Corporate,Inglewood,California,Office Supplies,Art,Newell 330,5.98,1,0,1.5548
CA-2017-132976,10/13/2017,Andrew Gjertsen,Corporate,Philadelphia,Pennsylvania,Office Supplies,Paper,"Post-it “Important Message” Note Pad, Neon Colors, 50 Sheets/Pad",11.648,2,0.2,4.0768
CA-2017-132976,10/13/2017,Andrew Gjertsen,Corporate,Philadelphia,Pennsylvania,Office Supplies,Paper,"Adams Write n' Stick Phone Message Book, 11"" X 5 1/4"", 200 Messages",18.176,4,0.2,5.9072
CA-2017-132976,10/13/2017,Andrew Gjertsen,Corporate,Philadelphia,Pennsylvania,Office Supplies,Storage,Eldon Simplefile Box Office,59.712,6,0.2,5.9712
CA-2017-132976,10/13/2017,Andrew Gjertsen,Corporate,Philadelphia,Pennsylvania,Office Supplies,Labels,Avery 489,24.84,3,0.2,8.694
US-2015-161991,9/26/2015,Steven Cartwright,Consumer,Houston,Texas,Office Supplies,Binders,Round Ring Binders,2.08,5,0.8,-3.432
US-2015-161991,9/26/2015,Steven Cartwright,Consumer,Houston,Texas,Technology,Phones,Bose SoundLink Bluetooth Speaker,1114.4,7,0.2,376.11
CA-2015-130890,11/02/2015,Jas O'Carroll,Consumer,Los Angeles,California,Furniture,Tables,"Bevis Round Bullnose 29"" High Table Top",1038.84,5,0.2,51.942
CA-2015-130883,9/26/2015,Tracy Blumstein,Consumer,Portland,Oregon,Office Supplies,Paper,Easy-staple paper,141.76,5,0.2,47.844
CA-2015-130883,9/26/2015,Tracy Blumstein,Consumer,Portland,Oregon,Technology,Accessories,Microsoft Arc Touch Mouse,239.8,5,0.2,47.96
CA-2015-130883,9/26/2015,Tracy Blumstein,Consumer,Portland,Oregon,Office Supplies,Paper,Xerox 216,31.104,6,0.2,10.8864
CA-2016-112697,12/18/2016,Alan Haines,Corporate,Tamarac,Florida,Office Supplies,Binders,GBC VeloBinder Electric Binding Machine,254.058,7,0.7,-169.372
CA-2016-112697,12/18/2016,Alan Haines,Corporate,Tamarac,Florida,Office Supplies,Appliances,"Acco 7-Outlet Masterpiece Power Center, Wihtout Fax/Phone Line Protection",194.528,2,0.2,24.316
CA-2016-112697,12/18/2016,Alan Haines,Corporate,Tamarac,Florida,Office Supplies,Supplies,Premier Automatic Letter Opener,961.48,5,0.2,-204.3145
CA-2016-110772,11/20/2016,Nick Zandusky,Home Office,Columbus,Ohio,Office Supplies,Fasteners,Advantus SlideClip Paper Clips,19.096,7,0.2,6.6836
CA-2016-110772,11/20/2016,Nick Zandusky,Home Office,Columbus,Ohio,Office Supplies,Labels,Avery 512,18.496,8,0.2,6.2424
CA-2016-110772,11/20/2016,Nick Zandusky,Home Office,Columbus,Ohio,Technology,Accessories,Logitech Wireless Gaming Headset G930,255.984,2,0.2,54.3966
CA-2016-110772,11/20/2016,Nick Zandusky,Home Office,Columbus,Ohio,Furniture,Bookcases,"Bush Westfield Collection Bookcases, Medium Cherry Finish",86.97,3,0.5,-48.7032
CA-2014-111451,12/26/2014,Kelly Lampkin,Corporate,Colorado Springs,Colorado,Furniture,Furnishings,"Howard Miller 13"" Diameter Goldtone Round Wall Clock",300.416,8,0.2,78.8592
CA-2014-111451,12/26/2014,Kelly Lampkin,Corporate,Colorado Springs,Colorado,Furniture,Chairs,Global Deluxe Office Fabric Chairs,230.352,3,0.2,20.1558
CA-2014-111451,12/26/2014,Kelly Lampkin,Corporate,Colorado Springs,Colorado,Furniture,Furnishings,Eldon ClusterMat Chair Mat with Cordless Antistatic Protection,218.352,3,0.2,-24.5646
CA-2014-111451,12/26/2014,Kelly Lampkin,Corporate,Colorado Springs,Colorado,Office Supplies,Binders,Ibico Laser Imprintable Binding System Covers,78.6,5,0.7,-62.88
CA-2014-111451,12/26/2014,Kelly Lampkin,Corporate,Colorado Springs,Colorado,Office Supplies,Fasteners,"Vinyl Coated Wire Paper Clips in Organizer Box, 800/Box",27.552,3,0.2,9.2988
CA-2016-142545,10/28/2016,Jonathan Doherty,Corporate,Belleville,New Jersey,Office Supplies,Paper,Xerox 223,32.4,5,0,15.552
CA-2016-142545,10/28/2016,Jonathan Doherty,Corporate,Belleville,New Jersey,Office Supplies,Storage,"Tennsco Stur-D-Stor Boltless Shelving, 5 Shelves, 24"" Deep, Sand",1082.48,8,0,10.8248
CA-2016-142545,10/28/2016,Jonathan Doherty,Corporate,Belleville,New Jersey,Office Supplies,Paper,Xerox 1939,56.91,3,0,27.3168
CA-2016-142545,10/28/2016,Jonathan Doherty,Corporate,Belleville,New Jersey,Furniture,Furnishings,"Floodlight Indoor Halogen Bulbs, 1 Bulb per Pack, 60 Watts",77.6,4,0,38.024
CA-2016-142545,10/28/2016,Jonathan Doherty,Corporate,Belleville,New Jersey,Office Supplies,Binders,Avery Premier Heavy-Duty Binder with Round Locking Rings,14.28,1,0,6.5688
US-2017-152380,11/19/2017,Jonathan Howell,Consumer,Chicago,Illinois,Furniture,Tables,BPI Conference Tables,219.075,3,0.5,-131.445
CA-2015-144253,05/04/2015,Alan Schoenberger,Corporate,New York City,New York,Furniture,Furnishings,Electrix 20W Halogen Replacement Bulb for Zoom-In Desk Lamp,26.8,2,0,12.864
CA-2014-130960,12/30/2014,Ken Brennan,Corporate,Taylor,Michigan,Office Supplies,Art,Newell 350,9.84,3,0,2.8536
CA-2014-111003,06/01/2014,Corey Roper,Home Office,Lakewood,New Jersey,Office Supplies,Binders,"GBC Clear Cover, 8-1/2 x 11, unpunched, 25 covers per pack",45.48,3,0,20.9208
CA-2014-111003,06/01/2014,Corey Roper,Home Office,Lakewood,New Jersey,Office Supplies,Art,Boston Heavy-Duty Trimline Electric Pencil Sharpeners,289.2,6,0,83.868
CA-2017-126774,4/15/2017,Shahid Hopkins,Consumer,Arlington,Virginia,Office Supplies,Art,Faber Castell Col-Erase Pencils,4.89,1,0,2.0049
CA-2016-142902,09/12/2016,Ben Peterman,Corporate,Arvada,Colorado,Furniture,Furnishings,C-Line Cubicle Keepers Polyproplyene Holder With Velcro Backings,15.136,4,0.2,3.5948
CA-2016-142902,09/12/2016,Ben Peterman,Corporate,Arvada,Colorado,Furniture,Chairs,Hon 4070 Series Pagoda Armless Upholstered Stacking Chairs,466.768,2,0.2,52.5114
CA-2016-142902,09/12/2016,Ben Peterman,Corporate,Arvada,Colorado,Furniture,Furnishings,"Eldon Expressions Desk Accessory, Wood Photo Frame, Mahogany",15.232,1,0.2,1.7136
CA-2016-142902,09/12/2016,Ben Peterman,Corporate,Arvada,Colorado,Office Supplies,Labels,Avery 509,6.264,3,0.2,2.0358
CA-2014-120887,9/27/2014,Thomas Seio,Corporate,Hackensack,New Jersey,Furniture,Furnishings,"Deflect-o SuperTray Unbreakable Stackable Tray, Letter, Black",87.54,3,0,37.6422
CA-2014-167850,08/09/2014,Andy Gerbode,Corporate,Saint Petersburg,Florida,Technology,Phones,AT&T 1070 Corded Phone,178.384,2,0.2,22.298
CA-2014-167850,08/09/2014,Andy Gerbode,Corporate,Saint Petersburg,Florida,Office Supplies,Paper,Xerox 21,15.552,3,0.2,5.4432
CA-2014-164259,12/28/2014,Sung Pak,Corporate,Philadelphia,Pennsylvania,Office Supplies,Art,"Boston School Pro Electric Pencil Sharpener, 1670",99.136,4,0.2,8.6744
CA-2014-164973,11/04/2014,Nathan Mautz,Home Office,New York City,New York,Furniture,Chairs,DMI Arturo Collection Mission-style Design Wood Chair,135.882,1,0.1,24.1568
CA-2014-164973,11/04/2014,Nathan Mautz,Home Office,New York City,New York,Technology,Machines,Canon imageCLASS MF7460 Monochrome Digital Laser Multifunction Copier,3991.98,2,0,1995.99
CA-2014-164973,11/04/2014,Nathan Mautz,Home Office,New York City,New York,Technology,Phones,Panasonic Kx-TS550,275.94,6,0,80.0226
CA-2014-164973,11/04/2014,Nathan Mautz,Home Office,New York City,New York,Technology,Accessories,NETGEAR N750 Dual Band Wi-Fi Gigabit Router,360,4,0,129.6
CA-2014-164973,11/04/2014,Nathan Mautz,Home Office,New York City,New York,Office Supplies,Storage,"Trav-L-File Heavy-Duty Shuttle II, Black",43.57,1,0,13.071
CA-2014-156601,9/19/2014,Frank Atkinson,Corporate,Long Beach,California,Office Supplies,Fasteners,OIC Binder Clips,7.16,2,0,3.58
CA-2016-162138,4/23/2016,Grace Kelly,Corporate,Hesperia,California,Office Supplies,Binders,Ibico Laser Imprintable Binding System Covers,251.52,6,0.2,81.744
CA-2016-162138,4/23/2016,Grace Kelly,Corporate,Hesperia,California,Technology,Accessories,Logitech Wireless Headset h800,99.99,1,0,34.9965
CA-2017-153339,11/03/2017,Don Jones,Corporate,Murfreesboro,Tennessee,Furniture,Furnishings,Telescoping Adjustable Floor Lamp,15.992,1,0.2,0.9995
US-2016-141544,8/30/2016,Patrick O'Brill,Consumer,Philadelphia,Pennsylvania,Technology,Phones,Aastra 57i VoIP phone,290.898,3,0.4,-67.8762
US-2016-141544,8/30/2016,Patrick O'Brill,Consumer,Philadelphia,Pennsylvania,Office Supplies,Storage,"File Shuttle II and Handi-File, Black",54.224,2,0.2,3.389
US-2016-141544,8/30/2016,Patrick O'Brill,Consumer,Philadelphia,Pennsylvania,Furniture,Chairs,Hon 2090 “Pillow Soft” Series Mid Back Swivel/Tilt Chairs,786.744,4,0.3,-258.5016
US-2016-141544,8/30/2016,Patrick O'Brill,Consumer,Philadelphia,Pennsylvania,Office Supplies,Labels,Round Specialty Laser Printer Labels,100.24,10,0.2,33.831
US-2016-141544,8/30/2016,Patrick O'Brill,Consumer,Philadelphia,Pennsylvania,Office Supplies,Binders,GBC Premium Transparent Covers with Diagonal Lined Pattern,37.764,6,0.7,-27.6936
US-2016-150147,4/25/2016,John Lucas,Consumer,Philadelphia,Pennsylvania,Technology,Phones,AT&T 841000 Phone,82.8,2,0.4,-20.7
US-2016-150147,4/25/2016,John Lucas,Consumer,Philadelphia,Pennsylvania,Office Supplies,Binders,Ibico Recycled Grain-Textured Covers,20.724,2,0.7,-13.816
US-2016-150147,4/25/2016,John Lucas,Consumer,Philadelphia,Pennsylvania,Office Supplies,Binders,Wilson Jones Custom Binder Spines & Labels,4.896,3,0.7,-3.4272
CA-2015-137946,09/01/2015,Doug Bickford,Consumer,Los Angeles,California,Office Supplies,Binders,Storex Dura Pro Binders,4.752,1,0.2,1.6038
CA-2015-137946,09/01/2015,Doug Bickford,Consumer,Los Angeles,California,Technology,Copiers,Hewlett Packard LaserJet 3310 Copier,959.984,2,0.2,335.9944
CA-2015-137946,09/01/2015,Doug Bickford,Consumer,Los Angeles,California,Office Supplies,Binders,Avery Non-Stick Binders,14.368,4,0.2,4.49
CA-2014-129924,07/12/2014,Alyssa Crouse,Corporate,San Francisco,California,Office Supplies,Binders,Tuff Stuff Recycled Round Ring Binders,7.712,2,0.2,2.7956
CA-2014-129924,07/12/2014,Alyssa Crouse,Corporate,San Francisco,California,Furniture,Tables,Hon 5100 Series Wood Tables,698.352,3,0.2,-17.4588
CA-2015-128167,6/22/2015,Ken Lonsdale,Consumer,Layton,Utah,Office Supplies,Fasteners,"OIC Binder Clips, Mini, 1/4"" Capacity, Black",4.96,4,0,2.3312
CA-2014-122336,4/13/2014,Jonathan Doherty,Corporate,Philadelphia,Pennsylvania,Office Supplies,Art,Newell 314,17.856,4,0.2,1.116
CA-2014-122336,4/13/2014,Jonathan Doherty,Corporate,Philadelphia,Pennsylvania,Office Supplies,Binders,Fellowes PB200 Plastic Comb Binding Machine,509.97,10,0.7,-407.976
CA-2014-122336,4/13/2014,Jonathan Doherty,Corporate,Philadelphia,Pennsylvania,Office Supplies,Fasteners,Staples,30.992,13,0.2,10.0724
CA-2014-122336,4/13/2014,Jonathan Doherty,Corporate,Philadelphia,Pennsylvania,Technology,Phones,"Square Credit Card Reader, 4 1/2"" x 4 1/2"" x 1"", White",71.928,12,0.4,8.3916
US-2015-120712,12/20/2015,Chad Sievert,Consumer,Austin,Texas,Office Supplies,Storage,Fellowes Super Stor/Drawer,88.8,4,0.2,-2.22
CA-2017-169901,6/15/2017,Clay Cheatham,Consumer,San Francisco,California,Technology,Phones,Anker 36W 4-Port USB Wall Charger Travel Power Adapter for iPhone 5s 5c 5,47.976,3,0.2,4.7976
CA-2017-134306,07/08/2017,Tamara Dahlen,Consumer,Lowell,Massachusetts,Office Supplies,Art,"Binney & Smith inkTank Erasable Desk Highlighter, Chisel Tip, Yellow, 12/Box",7.56,3,0,3.0996
CA-2017-134306,07/08/2017,Tamara Dahlen,Consumer,Lowell,Massachusetts,Office Supplies,Paper,Easy-staple paper,24.56,2,0,11.5432
CA-2017-134306,07/08/2017,Tamara Dahlen,Consumer,Lowell,Massachusetts,Office Supplies,Art,"BIC Brite Liner Highlighters, Chisel Tip",12.96,2,0,4.1472
CA-2016-129714,09/01/2016,Adam Bellavance,Home Office,New York City,New York,Technology,Accessories,Sabrent 4-Port USB 2.0 Hub,6.79,1,0,2.3086
CA-2016-129714,09/01/2016,Adam Bellavance,Home Office,New York City,New York,Office Supplies,Paper,Xerox 1881,24.56,2,0,11.5432
CA-2016-129714,09/01/2016,Adam Bellavance,Home Office,New York City,New York,Office Supplies,Binders,Acco Hanging Data Binders,3.048,1,0.2,1.0668
CA-2016-129714,09/01/2016,Adam Bellavance,Home Office,New York City,New York,Office Supplies,Paper,Xerox 1881,49.12,4,0,23.0864
CA-2016-129714,09/01/2016,Adam Bellavance,Home Office,New York City,New York,Office Supplies,Binders,GBC DocuBind P400 Electric Binding System,4355.168,4,0.2,1415.4296
CA-2016-138520,04/08/2016,Jeremy Lonsdale,Consumer,New York City,New York,Furniture,Bookcases,Sauder Barrister Bookcases,388.704,6,0.2,-4.8588
CA-2016-138520,04/08/2016,Jeremy Lonsdale,Consumer,New York City,New York,Office Supplies,Envelopes,"#10 Gummed Flap White Envelopes, 100/Box",8.26,2,0,3.7996
CA-2016-138520,04/08/2016,Jeremy Lonsdale,Consumer,New York City,New York,Office Supplies,Art,"Dixon Prang Watercolor Pencils, 10-Color Set with Brush",17.04,4,0,6.9864
CA-2016-138520,04/08/2016,Jeremy Lonsdale,Consumer,New York City,New York,Office Supplies,Paper,"Adams Phone Message Book, 200 Message Capacity, 8 1/16” x 11”",34.4,5,0,15.824
CA-2016-130001,4/23/2016,Heather Kirkland,Corporate,Charlotte,North Carolina,Office Supplies,Paper,Southworth 25% Cotton Linen-Finish Paper & Envelopes,36.24,5,0.2,11.325
CA-2017-155698,03/08/2017,Victoria Brennan,Corporate,Columbus,Georgia,Office Supplies,Appliances,Belkin 8 Outlet SurgeMaster II Gold Surge Protector with Phone Protection,647.84,8,0,168.4384
CA-2017-155698,03/08/2017,Victoria Brennan,Corporate,Columbus,Georgia,Office Supplies,Labels,"Avery Address/Shipping Labels for Typewriters, 4"" x 2""",20.7,2,0,9.936
CA-2017-144904,9/25/2017,Katrina Willman,Consumer,New York City,New York,Office Supplies,Labels,"Avery Address/Shipping Labels for Typewriters, 4"" x 2""",20.7,2,0,9.936
CA-2017-144904,9/25/2017,Katrina Willman,Consumer,New York City,New York,Furniture,Chairs,Global Ergonomic Managers Chair,488.646,3,0.1,86.8704
CA-2017-144904,9/25/2017,Katrina Willman,Consumer,New York City,New York,Office Supplies,Art,Newell 333,5.56,2,0,1.4456
CA-2017-144904,9/25/2017,Katrina Willman,Consumer,New York City,New York,Furniture,Furnishings,Eldon Wave Desk Accessories,47.12,8,0,20.7328
CA-2014-123344,9/24/2014,Julia Dunbar,Consumer,San Francisco,California,Office Supplies,Storage,"Gould Plastics 9-Pocket Panel Bin, 18-3/8w x 5-1/4d x 20-1/2h, Black",211.96,4,0,8.4784
CA-2016-155516,10/21/2016,Michael Kennedy,Corporate,Manchester,Connecticut,Office Supplies,Binders,Wilson Jones “Snap” Scratch Pad Binder Tool for Ring Binders,23.2,4,0,10.44
CA-2016-155516,10/21/2016,Michael Kennedy,Corporate,Manchester,Connecticut,Office Supplies,Supplies,Staple remover,7.36,2,0,0.1472
CA-2016-155516,10/21/2016,Michael Kennedy,Corporate,Manchester,Connecticut,Office Supplies,Storage,Pizazz Global Quick File,104.79,7,0,29.3412
CA-2016-155516,10/21/2016,Michael Kennedy,Corporate,Manchester,Connecticut,Furniture,Bookcases,"Atlantic Metals Mobile 3-Shelf Bookcases, Custom Colors",1043.92,4,0,271.4192
CA-2017-104745,5/29/2017,Guy Thornton,Consumer,Harlingen,Texas,Office Supplies,Paper,Xerox 1930,25.92,5,0.2,9.396
CA-2017-104745,5/29/2017,Guy Thornton,Consumer,Harlingen,Texas,Office Supplies,Storage,File Shuttle I and Handi-File,53.424,3,0.2,4.6746
US-2014-119137,7/23/2014,Arthur Gainer,Consumer,Tucson,Arizona,Office Supplies,Binders,Wilson Jones Custom Binder Spines & Labels,8.16,5,0.7,-5.712
US-2014-119137,7/23/2014,Arthur Gainer,Consumer,Tucson,Arizona,Technology,Accessories,NETGEAR AC1750 Dual Band Gigabit Smart WiFi Router,1023.936,8,0.2,179.1888
US-2014-119137,7/23/2014,Arthur Gainer,Consumer,Tucson,Arizona,Office Supplies,Art,Newell 324,9.24,1,0.2,0.924
US-2014-119137,7/23/2014,Arthur Gainer,Consumer,Tucson,Arizona,Technology,Accessories,Microsoft Natural Keyboard Elite,479.04,10,0.2,-29.94
US-2016-134656,9/28/2016,Muhammed MacIntyre,Corporate,Quincy,Illinois,Office Supplies,Paper,Xerox 1960,99.136,4,0.2,30.98
US-2017-134481,8/27/2017,Allen Rosenblatt,Corporate,Franklin,Massachusetts,Furniture,Tables,"Office Impressions End Table, 20-1/2""H x 24""W x 20""D",1488.424,7,0.3,-297.6848
CA-2015-130792,4/28/2015,Russell Applegate,Consumer,Houston,Texas,Office Supplies,Appliances,Holmes Odor Grabber,8.652,3,0.8,-20.3322
CA-2015-130792,4/28/2015,Russell Applegate,Consumer,Houston,Texas,Office Supplies,Storage,Akro-Mils 12-Gallon Tote,23.832,3,0.2,2.6811
CA-2015-130792,4/28/2015,Russell Applegate,Consumer,Houston,Texas,Office Supplies,Binders,"GBC Twin Loop Wire Binding Elements, 9/16"" Spine, Black",12.176,4,0.8,-18.8728
CA-2016-134775,10/28/2016,Alejandro Savely,Corporate,San Francisco,California,Office Supplies,Paper,Southworth Structures Collection,50.96,7,0,25.48
CA-2016-134775,10/28/2016,Alejandro Savely,Corporate,San Francisco,California,Office Supplies,Binders,"Square Ring Data Binders, Rigid 75 Pt. Covers, 11"" x 14-7/8""",49.536,3,0.2,17.3376
CA-2015-125395,6/26/2015,Laura Armstrong,Corporate,Taylor,Michigan,Technology,Accessories,Sony 32GB Class 10 Micro SDHC R40 Memory Card,41.9,2,0,8.799
US-2015-168935,11/27/2015,Denny Ordway,Consumer,Pembroke Pines,Florida,Furniture,Tables,"Hon Practical Foundations 30 x 60 Training Table, Light Gray/Charcoal",375.4575,3,0.45,-157.0095
US-2015-168935,11/27/2015,Denny Ordway,Consumer,Pembroke Pines,Florida,Technology,Accessories,Logitech Media Keyboard K200,83.976,3,0.2,-1.0497
CA-2015-122756,12/03/2015,Dean Katz,Corporate,Philadelphia,Pennsylvania,Technology,Machines,Lexmark MarkNet N8150 Wireless Print Server,482.34,4,0.7,-337.638
CA-2015-122756,12/03/2015,Dean Katz,Corporate,Philadelphia,Pennsylvania,Furniture,Furnishings,3M Hangers With Command Adhesive,2.96,1,0.2,0.777
CA-2014-115973,11/24/2014,Nathan Gelder,Consumer,Cincinnati,Ohio,Office Supplies,Art,Crayola Colored Pencils,2.624,1,0.2,0.4264
CA-2017-101798,12/11/2017,Mike Vittorini,Consumer,New York City,New York,Office Supplies,Binders,"Angle-D Binders with Locking Rings, Label Holders",23.36,4,0.2,7.884
CA-2017-101798,12/11/2017,Mike Vittorini,Consumer,New York City,New York,Technology,Accessories,Logitech LS21 Speaker System - PC Multimedia - 2.1-CH - Wired,39.98,2,0,13.5932
US-2014-135972,9/21/2014,Jack Garza,Consumer,Des Moines,Washington,Technology,Phones,Nortel Meridian M3904 Professional Digital phone,246.384,2,0.2,27.7182
US-2014-135972,9/21/2014,Jack Garza,Consumer,Des Moines,Washington,Technology,Copiers,Canon PC1080F Personal Copier,1799.97,3,0,701.9883
US-2014-134971,06/07/2014,Bart Pistole,Corporate,Peoria,Illinois,Office Supplies,Binders,Wilson Jones Century Plastic Molded Ring Binders,12.462,3,0.8,-20.5623
CA-2017-102946,6/30/2017,Victor Preis,Home Office,Las Vegas,Nevada,Office Supplies,Binders,Tuf-Vin Binders,75.792,3,0.2,25.5798
CA-2017-165603,10/17/2017,Saphhira Shifley,Corporate,Warwick,Rhode Island,Office Supplies,Storage,2300 Heavy-Duty Transfer File Systems by Perma,49.96,2,0,9.4924
CA-2017-165603,10/17/2017,Saphhira Shifley,Corporate,Warwick,Rhode Island,Office Supplies,Paper,Xerox 1958,12.96,2,0,6.2208
CA-2015-122259,10/31/2015,Harold Pawlan,Home Office,Jackson,Michigan,Office Supplies,Supplies,"Acme 10"" Easy Grip Assistive Scissors",70.12,4,0,21.036
CA-2016-108987,09/08/2016,Anna Gayman,Consumer,Houston,Texas,Office Supplies,Storage,Super Decoflex Portable Personal File,35.952,3,0.2,3.5952
CA-2016-108987,09/08/2016,Anna Gayman,Consumer,Houston,Texas,Furniture,Bookcases,"Riverside Palais Royal Lawyers Bookcase, Royale Cherry Finish",2396.2656,4,0.32,-317.1528
CA-2016-108987,09/08/2016,Anna Gayman,Consumer,Houston,Texas,Office Supplies,Storage,"Contico 72""H Heavy-Duty Storage System",131.136,4,0.2,-32.784
CA-2016-108987,09/08/2016,Anna Gayman,Consumer,Houston,Texas,Technology,Accessories,Sony 64GB Class 10 Micro SDHC R40 Memory Card,57.584,2,0.2,0.7198
CA-2014-113166,12/24/2014,Luke Foster,Consumer,Miami,Florida,Office Supplies,Paper,Xerox 1974,9.568,2,0.2,3.4684
CA-2014-155208,4/16/2014,Stephanie Phelps,Corporate,Wilmington,North Carolina,Office Supplies,Art,"Avery Hi-Liter EverBold Pen Style Fluorescent Highlighters, 4/Pack",39.072,6,0.2,9.768
CA-2017-117933,12/24/2017,Roy Französisch,Consumer,New York City,New York,Office Supplies,Appliances,Staple holder,35.91,3,0,9.6957
CA-2017-117457,12/08/2017,Keith Herrera,Consumer,San Francisco,California,Technology,Accessories,Sony 64GB Class 10 Micro SDHC R40 Memory Card,179.95,5,0,37.7895
CA-2017-117457,12/08/2017,Keith Herrera,Consumer,San Francisco,California,Technology,Copiers,Sharp AL-1530CS Digital Copier,1199.976,3,0.2,434.9913
CA-2017-117457,12/08/2017,Keith Herrera,Consumer,San Francisco,California,Office Supplies,Paper,"Wirebound Message Book, 4 per Page",27.15,5,0,13.3035
CA-2017-117457,12/08/2017,Keith Herrera,Consumer,San Francisco,California,Furniture,Tables,"Bevis Round Conference Table Top, X-Base",1004.024,7,0.2,-112.9527
CA-2017-117457,12/08/2017,Keith Herrera,Consumer,San Francisco,California,Office Supplies,Paper,"Wirebound Service Call Books, 5 1/2"" x 4""",9.68,1,0,4.6464
CA-2017-117457,12/08/2017,Keith Herrera,Consumer,San Francisco,California,Office Supplies,Labels,Self-Adhesive Removable Labels,28.35,9,0,13.608
CA-2017-117457,12/08/2017,Keith Herrera,Consumer,San Francisco,California,Office Supplies,Paper,Xerox 1908,55.98,1,0,27.4302
CA-2017-117457,12/08/2017,Keith Herrera,Consumer,San Francisco,California,Furniture,Bookcases,O'Sullivan 4-Shelf Bookcase in Odessa Pine,1336.829,13,0.15,31.4548
CA-2017-117457,12/08/2017,Keith Herrera,Consumer,San Francisco,California,Furniture,Chairs,Novimex High-Tech Fabric Mesh Task Chair,113.568,2,0.2,-18.4548
CA-2017-142636,11/03/2017,Kimberly Carter,Corporate,Seattle,Washington,Office Supplies,Paper,Xerox 191,139.86,7,0,65.7342
CA-2017-142636,11/03/2017,Kimberly Carter,Corporate,Seattle,Washington,Furniture,Chairs,Global Deluxe Office Fabric Chairs,307.136,4,0.2,26.8744
CA-2017-122105,6/24/2017,Caroline Jumper,Consumer,Huntington Beach,California,Office Supplies,Art,Bulldog Vacuum Base Pencil Sharpener,95.92,8,0,25.8984
CA-2016-148796,4/14/2016,Philip Brown,Consumer,Los Angeles,California,Furniture,Chairs,Bevis Steel Folding Chairs,383.8,5,0.2,38.38
CA-2017-154816,11/06/2017,Victoria Brennan,Corporate,Richmond,Kentucky,Office Supplies,Paper,Xerox 1987,5.78,1,0,2.8322
CA-2017-110478,03/04/2017,Sung Pak,Corporate,Los Angeles,California,Office Supplies,Art,American Pencil,9.32,4,0,2.7028
CA-2017-110478,03/04/2017,Sung Pak,Corporate,Los Angeles,California,Office Supplies,Envelopes,"White Envelopes, White Envelopes with Clear Poly Window",15.25,1,0,7.015
CA-2014-142048,6/22/2014,Joel Eaton,Consumer,Louisville,Colorado,Technology,Accessories,KeyTronic 6101 Series - Keyboard - Black,196.752,6,0.2,56.5662
CA-2017-125388,10/19/2017,Michael Paige,Corporate,Lawrence,Massachusetts,Furniture,Furnishings,"Westinghouse Mesh Shade Clip-On Gooseneck Lamp, Black",56.56,4,0,14.7056
CA-2017-125388,10/19/2017,Michael Paige,Corporate,Lawrence,Massachusetts,Office Supplies,Storage,Crate-A-Files,32.7,3,0,8.502
CA-2017-155705,8/21/2017,Natalie Fritzler,Consumer,Jackson,Mississippi,Furniture,Chairs,Hon Multipurpose Stacking Arm Chairs,866.4,4,0,225.264
CA-2017-149160,11/23/2017,Janet Molinari,Corporate,Canton,Michigan,Furniture,Furnishings,Coloredge Poster Frame,28.4,2,0,11.076
CA-2017-149160,11/23/2017,Janet Molinari,Corporate,Canton,Michigan,Office Supplies,Binders,GBC VeloBinder Manual Binding System,287.92,8,0,138.2016
CA-2014-101476,09/12/2014,Shirley Daniels,Home Office,New Rochelle,New York,Technology,Machines,"Epson WorkForce WF-2530 All-in-One Printer, Copier Scanner",69.99,1,0,30.0957
CA-2017-152275,10/01/2017,Ken Heidel,Corporate,San Antonio,Texas,Office Supplies,Art,Design Ebony Sketching Pencil,6.672,6,0.2,0.5004
US-2016-123750,4/15/2016,Ross Baird,Home Office,Gastonia,North Carolina,Office Supplies,Binders,GBC ProClick 150 Presentation Binding System,189.588,2,0.7,-145.3508
US-2016-123750,4/15/2016,Ross Baird,Home Office,Gastonia,North Carolina,Technology,Accessories,Imation Secure+ Hardware Encrypted USB 2.0 Flash Drive; 16GB,408.744,7,0.2,76.6395
US-2016-123750,4/15/2016,Ross Baird,Home Office,Gastonia,North Carolina,Technology,Accessories,Imation Secure+ Hardware Encrypted USB 2.0 Flash Drive; 16GB,291.96,5,0.2,54.7425
US-2016-123750,4/15/2016,Ross Baird,Home Office,Gastonia,North Carolina,Office Supplies,Storage,Woodgrain Magazine Files by Perma,4.768,2,0.2,-0.7748
CA-2016-127369,06/06/2016,Dave Brooks,Consumer,Lowell,Massachusetts,Office Supplies,Storage,Letter Size Cart,714.3,5,0,207.147
US-2014-150574,12/19/2014,Mike Kennedy,Consumer,Jacksonville,Florida,Office Supplies,Binders,Insertable Tab Post Binder Dividers,4.812,2,0.7,-3.6892
US-2014-150574,12/19/2014,Mike Kennedy,Consumer,Jacksonville,Florida,Technology,Accessories,Belkin QODE FastFit Bluetooth Keyboard,247.8,5,0.2,-18.585
CA-2016-147375,06/12/2016,Philisse Overcash,Home Office,Chicago,Illinois,Technology,Machines,"Canon Color ImageCLASS MF8580Cdw Wireless Laser All-In-One Printer, Copier, Scanner",1007.979,3,0.3,43.1991
CA-2016-147375,06/12/2016,Philisse Overcash,Home Office,Chicago,Illinois,Office Supplies,Paper,Xerox 1908,313.488,7,0.2,113.6394
CA-2017-130043,9/15/2017,Brenda Bowman,Corporate,Houston,Texas,Office Supplies,Paper,Xerox 1897,31.872,8,0.2,11.5536
CA-2017-157252,1/20/2017,Cynthia Voltz,Corporate,New York City,New York,Furniture,Chairs,Global Deluxe Steno Chair,207.846,3,0.1,2.3094
CA-2016-115756,09/05/2016,Pete Kriz,Consumer,Detroit,Michigan,Furniture,Furnishings,Aluminum Document Frame,12.22,1,0,3.666
CA-2016-115756,09/05/2016,Pete Kriz,Consumer,Detroit,Michigan,Office Supplies,Storage,Fellowes Bankers Box Staxonsteel Drawer File/Stacking System,194.94,3,0,23.3928
CA-2016-115756,09/05/2016,Pete Kriz,Consumer,Detroit,Michigan,Office Supplies,Storage,Eldon Mobile Mega Data Cart  Mega Stackable  Add-On Trays,70.95,3,0,20.5755
CA-2016-115756,09/05/2016,Pete Kriz,Consumer,Detroit,Michigan,Office Supplies,Paper,"Xerox Color Copier Paper, 11"" x 17"", Ream",91.36,4,0,42.0256
CA-2016-115756,09/05/2016,Pete Kriz,Consumer,Detroit,Michigan,Furniture,Chairs,Office Star - Ergonomically Designed Knee Chair,242.94,3,0,29.1528
CA-2016-115756,09/05/2016,Pete Kriz,Consumer,Detroit,Michigan,Office Supplies,Labels,Avery 520,22.05,7,0,10.584
CA-2017-154214,3/20/2017,Troy Blackwell,Consumer,Columbus,Indiana,Furniture,Furnishings,"GE General Purpose, Extra Long Life, Showcase & Floodlight Incandescent Bulbs",2.91,1,0,1.3677
CA-2016-166674,04/01/2016,Raymond Buch,Consumer,Auburn,New York,Office Supplies,Art,Newell 345,59.52,3,0,15.4752
CA-2016-166674,04/01/2016,Raymond Buch,Consumer,Auburn,New York,Office Supplies,Storage,Fellowes Bankers Box Recycled Super Stor/Drawer,161.94,3,0,9.7164
CA-2016-166674,04/01/2016,Raymond Buch,Consumer,Auburn,New York,Office Supplies,Art,Boston 1645 Deluxe Heavier-Duty Electric Pencil Sharpener,263.88,6,0,71.2476
CA-2016-166674,04/01/2016,Raymond Buch,Consumer,Auburn,New York,Office Supplies,Art,50 Colored Long Pencils,30.48,3,0,7.9248
CA-2016-166674,04/01/2016,Raymond Buch,Consumer,Auburn,New York,Office Supplies,Art,Newell 342,9.84,3,0,2.8536
CA-2016-166674,04/01/2016,Raymond Buch,Consumer,Auburn,New York,Technology,Phones,Belkin Grip Candy Sheer Case / Cover for iPhone 5 and 5S,35.12,4,0,9.1312
CA-2017-147277,10/20/2017,Ed Braxton,Corporate,Akron,Ohio,Furniture,Tables,Chromcraft Rectangular Conference Tables,284.364,2,0.4,-75.8304
CA-2017-147277,10/20/2017,Ed Braxton,Corporate,Akron,Ohio,Office Supplies,Storage,Deluxe Rollaway Locking File with Drawer,665.408,2,0.2,66.5408
CA-2016-100153,12/13/2016,Ken Heidel,Corporate,Norman,Oklahoma,Technology,Accessories,Memorex Mini Travel Drive 16 GB USB 2.0 Flash Drive,63.88,4,0,24.9132
US-2014-110674,02/12/2014,Sanjit Chand,Consumer,Concord,California,Furniture,Chairs,"Global Geo Office Task Chair, Gray",129.568,2,0.2,-24.294
US-2016-157945,9/26/2016,Natalie Fritzler,Consumer,Decatur,Illinois,Furniture,Chairs,Hon 4700 Series Mobuis Mid-Back Task Chairs with Adjustable Arms,747.558,3,0.3,-96.1146
US-2016-157945,9/26/2016,Natalie Fritzler,Consumer,Decatur,Illinois,Office Supplies,Envelopes,Staple envelope,8.928,2,0.2,3.348
CA-2015-109638,12/15/2015,Joseph Holt,Consumer,Seattle,Washington,Office Supplies,Appliances,3M Office Air Cleaner,103.92,4,0,36.372
CA-2015-109638,12/15/2015,Joseph Holt,Consumer,Seattle,Washington,Technology,Accessories,Logitech G700s Rechargeable Gaming Mouse,899.91,9,0,377.9622
CA-2015-109638,12/15/2015,Joseph Holt,Consumer,Seattle,Washington,Office Supplies,Binders,Acco D-Ring Binder w/DublLock,51.312,3,0.2,18.6006
CA-2016-109869,4/22/2016,Tanja Norvell,Home Office,Phoenix,Arizona,Furniture,Furnishings,Eldon Wave Desk Accessories,23.56,5,0.2,7.068
CA-2016-109869,4/22/2016,Tanja Norvell,Home Office,Phoenix,Arizona,Furniture,Tables,Bush Advantage Collection Racetrack Conference Table,1272.63,6,0.5,-814.4832
CA-2016-109869,4/22/2016,Tanja Norvell,Home Office,Phoenix,Arizona,Office Supplies,Binders,Poly Designer Cover & Back,28.485,5,0.7,-20.889
CA-2016-109869,4/22/2016,Tanja Norvell,Home Office,Phoenix,Arizona,Office Supplies,Supplies,Premier Electric Letter Opener,185.376,2,0.2,-34.758
CA-2016-109869,4/22/2016,Tanja Norvell,Home Office,Phoenix,Arizona,Office Supplies,Appliances,"Fellowes Premier Superior Surge Suppressor, 10-Outlet, With Phone and Remote",78.272,2,0.2,5.8704
US-2015-101399,1/17/2015,Joni Sundaresam,Home Office,Park Ridge,Illinois,Furniture,Furnishings,Eldon ClusterMat Chair Mat with Cordless Antistatic Protection,254.744,7,0.6,-312.0614
CA-2017-154907,3/31/2017,David Smith,Corporate,Amarillo,Texas,Furniture,Bookcases,Bush Mission Pointe Library,205.3328,2,0.32,-36.2352
US-2016-100419,12/16/2016,Craig Carreira,Consumer,Chicago,Illinois,Office Supplies,Binders,Cardinal Hold-It CD Pocket,4.788,3,0.8,-7.9002
CA-2015-154144,12/20/2015,Maya Herman,Corporate,Lindenhurst,New York,Office Supplies,Paper,"Eaton Premium Continuous-Feed Paper, 25% Cotton, Letter Size, White, 1000 Shts/Box",55.48,1,0,26.6304
CA-2014-144666,11/09/2014,Jeremy Pistek,Consumer,San Francisco,California,Office Supplies,Storage,SAFCO Boltless Steel Shelving,340.92,3,0,3.4092
CA-2014-144666,11/09/2014,Jeremy Pistek,Consumer,San Francisco,California,Furniture,Bookcases,"Sauder Mission Library with Doors, Fruitwood Finish",222.666,2,0.15,10.4784
CA-2014-144666,11/09/2014,Jeremy Pistek,Consumer,San Francisco,California,Technology,Phones,Samsung Galaxy Note 3,703.968,4,0.2,87.996
CA-2014-144666,11/09/2014,Jeremy Pistek,Consumer,San Francisco,California,Office Supplies,Storage,"Decoflex Hanging Personal Folder File, Blue",92.52,6,0,24.9804
CA-2014-144666,11/09/2014,Jeremy Pistek,Consumer,San Francisco,California,Office Supplies,Paper,"Recycled Desk Saver Line ""While You Were Out"" Book, 5 1/2"" X 4""",62.65,7,0,28.819
CA-2014-144666,11/09/2014,Jeremy Pistek,Consumer,San Francisco,California,Office Supplies,Paper,Xerox 1912,94.85,5,0,45.528
CA-2016-103891,07/12/2016,Kristen Hastings,Corporate,Los Angeles,California,Technology,Phones,Cisco SPA525G2 IP Phone - Wireless,95.76,6,0.2,7.182
CA-2016-152632,10/27/2016,Jeremy Ellison,Consumer,Troy,New York,Furniture,Furnishings,Electrix 20W Halogen Replacement Bulb for Zoom-In Desk Lamp,40.2,3,0,19.296
CA-2016-100790,6/26/2016,John Grady,Corporate,New York City,New York,Office Supplies,Art,Prang Colored Pencils,14.7,5,0,6.615
CA-2016-100790,6/26/2016,John Grady,Corporate,New York City,New York,Office Supplies,Storage,"Fellowes Strictly Business Drawer File, Letter/Legal Size",704.25,5,0,84.51
CA-2014-134677,10/06/2014,Xylona Preis,Consumer,San Diego,California,Technology,Accessories,Imation USB 2.0 Swivel Flash Drive USB flash drive - 4 GB - Pink,9.09,3,0,1.9089
CA-2014-127691,7/22/2014,Erin Mull,Consumer,New York City,New York,Office Supplies,Art,"Premium Writing Pencils, Soft, #2 by Central Association for the Blind",5.96,2,0,1.6688
CA-2014-127691,7/22/2014,Erin Mull,Consumer,New York City,New York,Technology,Accessories,Logitech G602 Wireless Gaming Mouse,159.98,2,0,57.5928
CA-2017-140963,06/10/2017,Michelle Tran,Home Office,Los Angeles,California,Office Supplies,Labels,Alphabetical Labels for Top Tab Filing,29.6,2,0,14.8
CA-2017-140963,06/10/2017,Michelle Tran,Home Office,Los Angeles,California,Furniture,Bookcases,O'Sullivan Living Dimensions 2-Shelf Bookcases,514.165,5,0.15,-30.245
CA-2017-140963,06/10/2017,Michelle Tran,Home Office,Los Angeles,California,Technology,Phones,iHome FM Clock Radio with Lightning Dock,279.96,5,0.2,17.4975
CA-2014-154627,10/29/2014,Sue Ann Reed,Consumer,Chicago,Illinois,Technology,Phones,Apple iPhone 5S,2735.952,6,0.2,341.994
CA-2014-133753,06/09/2014,Carl Weiss,Home Office,Huntsville,Texas,Technology,Phones,Square Credit Card Reader,7.992,1,0.2,0.5994
CA-2014-133753,06/09/2014,Carl Weiss,Home Office,Huntsville,Texas,Technology,Accessories,Logitech M510 Wireless Mouse,63.984,2,0.2,10.3974
CA-2014-133753,06/09/2014,Carl Weiss,Home Office,Huntsville,Texas,Office Supplies,Art,Boston 1645 Deluxe Heavier-Duty Electric Pencil Sharpener,70.368,2,0.2,6.1572
CA-2014-113362,9/14/2014,Astrea Jones,Consumer,Rochester,New York,Office Supplies,Storage,Fellowes Officeware Wire Shelving,449.15,5,0,8.983
CA-2014-113362,9/14/2014,Astrea Jones,Consumer,Rochester,New York,Office Supplies,Envelopes,Colored Envelopes,11.07,3,0,5.0922
CA-2016-169166,05/09/2016,Sonia Sunley,Consumer,Seattle,Washington,Technology,Accessories,Sony Micro Vault Click 8 GB USB 2.0 Flash Drive,93.98,2,0,13.1572
US-2016-120929,3/18/2016,Rose O'Brian,Consumer,Memphis,Tennessee,Furniture,Tables,Balt Solid Wood Rectangular Table,189.882,3,0.4,-94.941
CA-2015-134782,12/27/2015,Maribeth Dona,Consumer,Fayetteville,Arkansas,Office Supplies,Envelopes,"Strathmore #10 Envelopes, Ultimate White",105.42,2,0,51.6558
CA-2016-126158,7/25/2016,Sanjit Chand,Consumer,Costa Mesa,California,Office Supplies,Binders,Clear Mylar Reinforcing Strips,119.616,8,0.2,40.3704
CA-2016-126158,7/25/2016,Sanjit Chand,Consumer,Costa Mesa,California,Furniture,Furnishings,"Howard Miller 14-1/2"" Diameter Chrome Round Wall Clock",255.76,4,0,81.8432
CA-2016-126158,7/25/2016,Sanjit Chand,Consumer,Costa Mesa,California,Furniture,Chairs,DMI Arturo Collection Mission-style Design Wood Chair,241.568,2,0.2,18.1176
CA-2016-126158,7/25/2016,Sanjit Chand,Consumer,Costa Mesa,California,Furniture,Furnishings,Deflect-O Glasstique Clear Desk Accessories,69.3,9,0,22.869
US-2016-105578,5/30/2016,Maribeth Yedwab,Corporate,Parker,Colorado,Office Supplies,Binders,Vinyl Sectional Post Binders,22.62,2,0.7,-15.08
US-2016-105578,5/30/2016,Maribeth Yedwab,Corporate,Parker,Colorado,Office Supplies,Binders,GBC Standard Therm-A-Bind Covers,14.952,2,0.7,-11.9616
US-2016-105578,5/30/2016,Maribeth Yedwab,Corporate,Parker,Colorado,Furniture,Chairs,Global Troy Executive Leather Low-Back Tilter,801.568,2,0.2,50.098
US-2016-105578,5/30/2016,Maribeth Yedwab,Corporate,Parker,Colorado,Office Supplies,Binders,Storex Flexible Poly Binders with Double Pockets,2.376,3,0.7,-1.9008
US-2016-105578,5/30/2016,Maribeth Yedwab,Corporate,Parker,Colorado,Office Supplies,Paper,"White Dual Perf Computer Printout Paper, 2700 Sheets, 1 Part, Heavyweight, 20 lbs., 14 7/8 x 11",32.792,1,0.2,11.8871
CA-2017-134978,11/12/2017,Ed Braxton,Corporate,New York City,New York,Office Supplies,Binders,"Avery Durable Slant Ring Binders, No Labels",15.92,5,0.2,5.373
CA-2015-145352,3/16/2015,Christopher Martinez,Consumer,Atlanta,Georgia,Office Supplies,Art,Rogers Handheld Barrel Pencil Sharpener,2.74,1,0,0.7398
CA-2015-145352,3/16/2015,Christopher Martinez,Consumer,Atlanta,Georgia,Office Supplies,Art,Newell 344,8.34,3,0,2.1684
CA-2015-145352,3/16/2015,Christopher Martinez,Consumer,Atlanta,Georgia,Office Supplies,Storage,Personal File Boxes with Fold-Down Carry Handle,46.74,3,0,11.685
CA-2015-145352,3/16/2015,Christopher Martinez,Consumer,Atlanta,Georgia,Office Supplies,Binders,Fellowes PB500 Electric Punch Plastic Comb Binding Machine with Manual Bind,6354.95,5,0,3177.475
CA-2017-135307,11/26/2017,Lynn Smith,Consumer,Gladstone,Missouri,Furniture,Furnishings,Executive Impressions Supervisor Wall Clock,126.3,3,0,40.416
CA-2017-135307,11/26/2017,Lynn Smith,Consumer,Gladstone,Missouri,Technology,Accessories,SanDisk Cruzer 32 GB USB Flash Drive,38.04,2,0,12.1728
CA-2016-106341,10/20/2016,Luke Foster,Consumer,Newark,Ohio,Office Supplies,Art,"Premium Writing Pencils, Soft, #2 by Central Association for the Blind",7.152,3,0.2,0.7152
CA-2017-163405,12/21/2017,Bradley Nguyen,Consumer,Los Angeles,California,Office Supplies,Art,Newell 327,6.63,3,0,1.7901
CA-2017-163405,12/21/2017,Bradley Nguyen,Consumer,Los Angeles,California,Office Supplies,Art,Newell 317,5.88,2,0,1.7052
CA-2017-127432,1/22/2017,Alan Dominguez,Home Office,Great Falls,Montana,Technology,Copiers,Canon Image Class D660 Copier,2999.95,5,0,1379.977
CA-2017-127432,1/22/2017,Alan Dominguez,Home Office,Great Falls,Montana,Office Supplies,Storage,Advantus Rolling Storage Box,51.45,3,0,13.8915
CA-2017-127432,1/22/2017,Alan Dominguez,Home Office,Great Falls,Montana,Office Supplies,Paper,Great White Multi-Use Recycled Paper (20Lb. and 84 Bright),11.96,2,0,5.382
CA-2017-127432,1/22/2017,Alan Dominguez,Home Office,Great Falls,Montana,Office Supplies,Storage,Tennsco Single-Tier Lockers,1126.02,3,0,56.301
CA-2015-157812,3/22/2015,Dean Braden,Consumer,Houston,Texas,Technology,Accessories,"Verbatim 25 GB 6x Blu-ray Single Layer Recordable Disc, 25/Pack",18.392,1,0.2,5.2877
CA-2015-157812,3/22/2015,Dean Braden,Consumer,Houston,Texas,Office Supplies,Storage,Carina Double Wide Media Storage Towers in Natural & Black,129.568,2,0.2,-25.9136
CA-2015-157812,3/22/2015,Dean Braden,Consumer,Houston,Texas,Office Supplies,Binders,XtraLife ClearVue Slant-D Ring Binders by Cardinal,14.112,9,0.8,-21.168
CA-2017-145142,1/23/2017,Matt Connell,Corporate,Detroit,Michigan,Furniture,Tables,Balt Solid Wood Rectangular Table,210.98,2,0,21.098
US-2016-139486,5/21/2016,Logan Haushalter,Consumer,Los Angeles,California,Technology,Phones,Motorola HK250 Universal Bluetooth Headset,55.176,3,0.2,-12.4146
US-2016-139486,5/21/2016,Logan Haushalter,Consumer,Los Angeles,California,Technology,Accessories,Imation 16GB Mini TravelDrive USB 2.0 Flash Drive,66.26,2,0,27.1666
CA-2015-158792,12/26/2015,Brian Dahlen,Consumer,Lawrence,Massachusetts,Office Supplies,Fasteners,Staples,22.2,5,0,10.434
CA-2017-113558,10/21/2017,Patricia Hirasaki,Home Office,Lakeland,Florida,Furniture,Chairs,Global Commerce Series High-Back Swivel/Tilt Chairs,683.952,3,0.2,42.747
CA-2017-113558,10/21/2017,Patricia Hirasaki,Home Office,Lakeland,Florida,Furniture,Furnishings,"Eldon Expressions Desk Accessory, Wood Photo Frame, Mahogany",45.696,3,0.2,5.1408
US-2015-138303,09/03/2015,Mike Gockenbach,Consumer,Philadelphia,Pennsylvania,Office Supplies,Storage,Eldon Gobal File Keepers,36.336,3,0.2,-7.2672
US-2015-138303,09/03/2015,Mike Gockenbach,Consumer,Philadelphia,Pennsylvania,Office Supplies,Supplies,Martin Yale Chadless Opener Electric Letter Opener,666.248,1,0.2,-149.9058
US-2015-138303,09/03/2015,Mike Gockenbach,Consumer,Philadelphia,Pennsylvania,Office Supplies,Envelopes,"White Business Envelopes with Contemporary Seam, Recycled White Business Envelopes",52.512,6,0.2,19.692
CA-2015-102848,11/07/2015,Karen Bern,Corporate,Los Angeles,California,Furniture,Chairs,Safco Contoured Stacking Chairs,190.72,1,0.2,11.92
US-2017-129441,09/07/2017,Jasper Cacioppo,Consumer,Los Angeles,California,Furniture,Furnishings,Tenex Chairmats For Use With Carpeted Floors,47.94,3,0,2.397
CA-2016-168753,5/29/2016,Rob Lucas,Consumer,Montgomery,Alabama,Technology,Phones,Panasonic KX-TG9471B,979.95,5,0,274.386
CA-2016-168753,5/29/2016,Rob Lucas,Consumer,Montgomery,Alabama,Office Supplies,Binders,Presstex Flexible Ring Binders,22.75,5,0,11.375
CA-2016-126613,07/10/2016,Allen Armold,Consumer,Mesa,Arizona,Office Supplies,Storage,Sterilite Officeware Hinged File Box,16.768,2,0.2,1.4672
US-2017-122637,09/03/2017,Emily Phan,Consumer,Chicago,Illinois,Office Supplies,Binders,"Premier Elliptical Ring Binder, Black",42.616,7,0.8,-68.1856
CA-2015-147851,12/03/2015,Mark Packer,Home Office,New York City,New York,Office Supplies,Binders,Cardinal Poly Pocket Divider Pockets for Ring Binders,10.752,4,0.2,3.36
CA-2015-134894,12/07/2015,Darren Koutras,Consumer,Henderson,Kentucky,Office Supplies,Appliances,Eureka The Boss Cordless Rechargeable Stick Vac,152.94,3,0,41.2938
CA-2015-134894,12/07/2015,Darren Koutras,Consumer,Henderson,Kentucky,Furniture,Chairs,"Situations Contoured Folding Chairs, 4/Set",283.92,4,0,70.98
CA-2014-140795,02/01/2014,Bradley Drucker,Consumer,Green Bay,Wisconsin,Technology,Accessories,Enermax Aurora Lite Keyboard,468.9,6,0,206.316
CA-2016-136924,7/14/2016,Erin Smith,Corporate,Tucson,Arizona,Technology,Phones,LG Electronics Tone+ HBS-730 Bluetooth Headset,380.864,8,0.2,38.0864
US-2015-120161,12/18/2015,Liz MacKendrick,Consumer,Springfield,Ohio,Office Supplies,Storage,Fellowes Officeware Wire Shelving,646.776,9,0.2,-145.5246
CA-2014-103849,05/11/2014,Paul Gonzalez,Consumer,Fort Worth,Texas,Technology,Accessories,SanDisk Cruzer 64 GB USB Flash Drive,58.112,2,0.2,7.264
CA-2014-103849,05/11/2014,Paul Gonzalez,Consumer,Fort Worth,Texas,Technology,Phones,Xblue XB-1670-86 X16 Small Office Telephone - Titanium,100.792,1,0.2,6.2995
CA-2014-103849,05/11/2014,Paul Gonzalez,Consumer,Fort Worth,Texas,Furniture,Furnishings,"Deflect-o EconoMat Studded, No Bevel Mat for Low Pile Carpeting",66.112,4,0.6,-84.2928
CA-2017-162929,11/19/2017,Adrian Shami,Home Office,New York City,New York,Office Supplies,Binders,Avery Printable Repositionable Plastic Tabs,41.28,6,0.2,13.932
CA-2017-162929,11/19/2017,Adrian Shami,Home Office,New York City,New York,Office Supplies,Paper,Xerox 1898,13.36,2,0,6.4128
CA-2015-113173,11/15/2015,Dean Katz,Corporate,Chicago,Illinois,Office Supplies,Storage,Home/Office Personal File Carts,250.272,9,0.2,15.642
CA-2015-113173,11/15/2015,Dean Katz,Corporate,Chicago,Illinois,Office Supplies,Binders,Flexible Leather- Look Classic Collection Ring Binder,11.364,3,0.8,-17.046
CA-2015-113173,11/15/2015,Dean Katz,Corporate,Chicago,Illinois,Office Supplies,Supplies,Staple remover,8.72,5,0.2,-1.744
CA-2016-136406,4/15/2016,Bill Donatelli,Consumer,San Francisco,California,Furniture,Chairs,HON 5400 Series Task Chairs for Big and Tall,1121.568,2,0.2,0
CA-2017-112774,09/11/2017,Ryan Crowe,Consumer,Jacksonville,Florida,Furniture,Furnishings,"Howard Miller 11-1/2"" Diameter Grantwood Wall Clock",34.504,1,0.2,6.0382
CA-2017-101945,11/24/2017,Greg Tran,Consumer,Houston,Texas,Office Supplies,Fasteners,Advantus T-Pin Paper Clips,10.824,3,0.2,2.5707
CA-2017-100650,6/29/2017,Dean Katz,Corporate,Anaheim,California,Office Supplies,Storage,Tennsco 16-Compartment Lockers with Coat Rack,1295.78,2,0,310.9872
CA-2014-155852,03/03/2014,Ashley Jarboe,Consumer,Wilmington,North Carolina,Office Supplies,Art,Zebra Zazzle Fluorescent Highlighters,19.456,4,0.2,3.4048
CA-2016-113243,06/10/2016,Olvera Toch,Consumer,Los Angeles,California,Office Supplies,Labels,Avery 473,20.7,2,0,9.936
CA-2016-113243,06/10/2016,Olvera Toch,Consumer,Los Angeles,California,Furniture,Tables,Bretford “Just In Time” Height-Adjustable Multi-Task Work Tables,1335.68,4,0.2,-217.048
CA-2016-113243,06/10/2016,Olvera Toch,Consumer,Los Angeles,California,Office Supplies,Paper,Xerox 226,32.4,5,0,15.552
CA-2017-118731,11/20/2017,Liz Pelletier,Consumer,San Francisco,California,Furniture,Furnishings,Coloredge Poster Frame,42.6,3,0,16.614
CA-2017-118731,11/20/2017,Liz Pelletier,Consumer,San Francisco,California,Office Supplies,Binders,"GBC Prepunched Paper, 19-Hole, for Binding Systems, 24-lb",84.056,7,0.2,27.3182
CA-2014-145576,9/14/2014,Cynthia Arntzen,Consumer,Tampa,Florida,Office Supplies,Appliances,"Sanitaire Vibra Groomer IR Commercial Upright Vacuum, Replacement Belts",13,5,0.2,1.3
CA-2014-145576,9/14/2014,Cynthia Arntzen,Consumer,Tampa,Florida,Furniture,Furnishings,Advantus Panel Wall Acrylic Frame,13.128,3,0.2,3.7743
CA-2015-130736,12/07/2015,Jeremy Farry,Consumer,Seattle,Washington,Office Supplies,Fasteners,"Alliance Big Bands Rubber Bands, 12/Pack",3.96,2,0,0
CA-2015-130736,12/07/2015,Jeremy Farry,Consumer,Seattle,Washington,Office Supplies,Labels,Avery 509,2.61,1,0,1.2006
CA-2017-137099,12/07/2017,Frank Preis,Consumer,Los Angeles,California,Technology,Phones,Cisco SPA301,374.376,3,0.2,46.797
CA-2017-156951,10/01/2017,Ellis Ballard,Corporate,Seattle,Washington,Office Supplies,Paper,Personal Creations Ink Jet Cards and Labels,91.84,8,0,45.0016
CA-2017-156951,10/01/2017,Ellis Ballard,Corporate,Seattle,Washington,Office Supplies,Binders,"GBC White Gloss Covers, Plain Front",81.088,7,0.2,27.3672
CA-2017-156951,10/01/2017,Ellis Ballard,Corporate,Seattle,Washington,Office Supplies,Paper,Xerox 222,19.44,3,0,9.3312
CA-2017-156951,10/01/2017,Ellis Ballard,Corporate,Seattle,Washington,Furniture,Chairs,Hon Every-Day Series Multi-Task Chairs,451.152,3,0.2,0
CA-2017-164826,12/28/2017,Jennifer Ferguson,Consumer,New York City,New York,Office Supplies,Labels,Avery 473,72.45,7,0,34.776
CA-2017-164826,12/28/2017,Jennifer Ferguson,Consumer,New York City,New York,Office Supplies,Fasteners,OIC Bulk Pack Metal Binder Clips,13.96,4,0,6.4216
CA-2017-164826,12/28/2017,Jennifer Ferguson,Consumer,New York City,New York,Office Supplies,Binders,Storex Dura Pro Binders,33.264,7,0.2,11.2266
CA-2017-164826,12/28/2017,Jennifer Ferguson,Consumer,New York City,New York,Technology,Phones,Cush Cases Heavy Duty Rugged Cover Case for Samsung Galaxy S5 - Purple,14.85,3,0,4.0095
CA-2016-127250,11/03/2016,Sarah Foster,Consumer,Marysville,Washington,Office Supplies,Art,Newell 332,8.82,3,0,2.3814
CA-2015-149713,9/18/2015,Trudy Glocke,Consumer,Long Beach,California,Office Supplies,Paper,Personal Creations Ink Jet Cards and Labels,160.72,14,0,78.7528
CA-2015-149713,9/18/2015,Trudy Glocke,Consumer,Long Beach,California,Office Supplies,Paper,Rediform S.O.S. Phone Message Books,19.92,4,0,9.7608
CA-2015-149713,9/18/2015,Trudy Glocke,Consumer,Long Beach,California,Office Supplies,Supplies,Acme Value Line Scissors,7.3,2,0,2.19
CA-2017-118640,7/20/2017,Carlos Soltero,Consumer,Chicago,Illinois,Office Supplies,Storage,"Trav-L-File Heavy-Duty Shuttle II, Black",69.712,2,0.2,8.714
CA-2017-118640,7/20/2017,Carlos Soltero,Consumer,Chicago,Illinois,Furniture,Furnishings,"Contract Clock, 14"", Brown",8.792,1,0.6,-5.7148
CA-2015-132906,09/10/2015,Charles Crestani,Consumer,Los Angeles,California,Office Supplies,Supplies,Martin-Yale Premier Letter Opener,51.52,4,0,1.5456
CA-2017-145233,12/01/2017,Dianna Vittorini,Consumer,Denver,Colorado,Technology,Phones,GE 30524EE4,470.376,3,0.2,52.9173
CA-2017-145233,12/01/2017,Dianna Vittorini,Consumer,Denver,Colorado,Technology,Phones,AT&T SB67148 SynJ,105.584,2,0.2,9.2386
CA-2017-145233,12/01/2017,Dianna Vittorini,Consumer,Denver,Colorado,Office Supplies,Appliances,Fellowes Basic Home/Office Series Surge Protectors,31.152,3,0.2,3.5046
CA-2017-145233,12/01/2017,Dianna Vittorini,Consumer,Denver,Colorado,Office Supplies,Binders,Recycled Pressboard Report Cover with Reinforced Top Hinge,6.783,7,0.7,-4.7481
CA-2017-145233,12/01/2017,Dianna Vittorini,Consumer,Denver,Colorado,Technology,Phones,Jabra BIZ 2300 Duo QD Duo Corded Headset,406.368,4,0.2,30.4776
CA-2015-128139,07/03/2015,Bruce Degenhardt,Consumer,Richmond,Kentucky,Furniture,Chairs,Novimex High-Tech Fabric Mesh Task Chair,70.98,1,0,4.9686
CA-2015-128139,07/03/2015,Bruce Degenhardt,Consumer,Richmond,Kentucky,Office Supplies,Labels,"Dot Matrix Printer Tape Reel Labels, White, 5000/Box",294.93,3,0,144.5157
US-2016-156986,3/20/2016,Zuschuss Carroll,Consumer,Salem,Oregon,Technology,Phones,i.Sound Portable Power - 8000 mAh,84.784,2,0.2,-20.1362
US-2016-156986,3/20/2016,Zuschuss Carroll,Consumer,Salem,Oregon,Office Supplies,Paper,Xerox 225,20.736,4,0.2,7.2576
US-2016-156986,3/20/2016,Zuschuss Carroll,Consumer,Salem,Oregon,Office Supplies,Binders,Clear Mylar Reinforcing Strips,16.821,3,0.7,-12.8961
US-2016-156986,3/20/2016,Zuschuss Carroll,Consumer,Salem,Oregon,Office Supplies,Paper,Xerox 1894,10.368,2,0.2,3.6288
CA-2014-135405,01/09/2014,Melanie Seite,Consumer,Laredo,Texas,Office Supplies,Art,Newell 312,9.344,2,0.2,1.168
CA-2014-135405,01/09/2014,Melanie Seite,Consumer,Laredo,Texas,Technology,Accessories,Memorex Micro Travel Drive 8 GB,31.2,3,0.2,9.75
CA-2014-131450,08/08/2014,Lena Radford,Consumer,San Diego,California,Office Supplies,Appliances,Fellowes Superior 10 Outlet Split Surge Protector,76.12,2,0,22.0748
CA-2014-131450,08/08/2014,Lena Radford,Consumer,San Diego,California,Technology,Copiers,Sharp AL-1530CS Digital Copier,1199.976,3,0.2,434.9913
CA-2014-131450,08/08/2014,Lena Radford,Consumer,San Diego,California,Technology,Phones,AT&T 1070 Corded Phone,445.96,5,0.2,55.745
CA-2014-131450,08/08/2014,Lena Radford,Consumer,San Diego,California,Furniture,Furnishings,Dana Halogen Swing-Arm Architect Lamp,327.76,8,0,91.7728
CA-2016-120180,7/14/2016,Theone Pippenger,Consumer,Philadelphia,Pennsylvania,Office Supplies,Supplies,Acme Stainless Steel Office Snips,11.632,2,0.2,1.0178
US-2016-100720,7/16/2016,Chloris Kastensmidt,Consumer,Philadelphia,Pennsylvania,Technology,Phones,Mophie Juice Pack Helium for iPhone,143.982,3,0.4,-28.7964
US-2016-100720,7/16/2016,Chloris Kastensmidt,Consumer,Philadelphia,Pennsylvania,Technology,Phones,GE 2-Jack Phone Line Splitter,494.376,4,0.4,-115.3544
US-2016-100720,7/16/2016,Chloris Kastensmidt,Consumer,Philadelphia,Pennsylvania,Office Supplies,Supplies,Acme Value Line Scissors,5.84,2,0.2,0.73
CA-2014-149958,3/15/2014,Alan Shonely,Consumer,Tampa,Florida,Office Supplies,Storage,"Hot File 7-Pocket, Floor Stand",142.776,1,0.2,17.847
CA-2014-149958,3/15/2014,Alan Shonely,Consumer,Tampa,Florida,Furniture,Furnishings,"Eldon Expressions Desk Accessory, Wood Photo Frame, Mahogany",45.696,3,0.2,5.1408
CA-2014-149958,3/15/2014,Alan Shonely,Consumer,Tampa,Florida,Office Supplies,Binders,Insertable Tab Post Binder Dividers,7.218,3,0.7,-5.5338
CA-2014-149958,3/15/2014,Alan Shonely,Consumer,Tampa,Florida,Office Supplies,Binders,GBC VeloBinder Manual Binding System,43.188,4,0.7,-31.6712
CA-2014-149958,3/15/2014,Alan Shonely,Consumer,Tampa,Florida,Office Supplies,Paper,Xerox 1889,131.904,3,0.2,47.8152
US-2014-105767,5/23/2014,Andrew Roberts,Consumer,Philadelphia,Pennsylvania,Office Supplies,Binders,Angle-D Ring Binders,3.282,2,0.7,-2.6256
US-2014-105767,5/23/2014,Andrew Roberts,Consumer,Philadelphia,Pennsylvania,Office Supplies,Art,Newell 317,21.168,9,0.2,2.3814
US-2014-105767,5/23/2014,Andrew Roberts,Consumer,Philadelphia,Pennsylvania,Technology,Phones,Motorola L804,55.188,2,0.4,-10.1178
CA-2016-161816,4/28/2016,Nona Balk,Corporate,Dallas,Texas,Technology,Phones,Nortel Meridian M3904 Professional Digital phone,369.576,3,0.2,41.5773
CA-2016-161816,4/28/2016,Nona Balk,Corporate,Dallas,Texas,Office Supplies,Labels,Avery 493,15.712,4,0.2,5.6956
CA-2016-121223,09/11/2016,Giulietta Dortch,Corporate,Philadelphia,Pennsylvania,Office Supplies,Paper,Xerox 1972,8.448,2,0.2,2.64
CA-2016-121223,09/11/2016,Giulietta Dortch,Corporate,Philadelphia,Pennsylvania,Technology,Phones,Cisco 8x8 Inc. 6753i IP Business Phone System,728.946,9,0.4,-157.9383
CA-2017-138611,11/14/2017,Clytie Kelty,Consumer,Grove City,Ohio,Technology,Phones,PureGear Roll-On Screen Protector,119.94,10,0.4,15.992
CA-2017-138611,11/14/2017,Clytie Kelty,Consumer,Grove City,Ohio,Office Supplies,Binders,Prestige Round Ring Binders,3.648,2,0.7,-2.7968
CA-2017-117947,8/18/2017,Nat Gilpin,Corporate,New York City,New York,Furniture,Furnishings,"DAX Metal Frame, Desktop, Stepped-Edge",40.48,2,0,15.7872
CA-2017-117947,8/18/2017,Nat Gilpin,Corporate,New York City,New York,Furniture,Furnishings,"DAX Value U-Channel Document Frames, Easel Back",9.94,2,0,3.0814
CA-2017-117947,8/18/2017,Nat Gilpin,Corporate,New York City,New York,Office Supplies,Binders,Recycled Easel Ring Binders,107.424,9,0.2,33.57
CA-2017-117947,8/18/2017,Nat Gilpin,Corporate,New York City,New York,Technology,Phones,Grandstream GXP1160 VoIP phone,37.91,1,0,10.9939
CA-2017-117947,8/18/2017,Nat Gilpin,Corporate,New York City,New York,Furniture,Furnishings,"Seth Thomas 14"" Putty-Colored Wall Clock",88.02,3,0,27.2862
US-2014-111171,12/26/2014,Christina Anderson,Consumer,Chicago,Illinois,Office Supplies,Binders,"Cardinal Slant-D Ring Binder, Heavy Gauge Vinyl",8.69,5,0.8,-14.773
CA-2015-138009,11/29/2015,Sylvia Foulston,Corporate,Dearborn,Michigan,Furniture,Chairs,"Global Manager's Adjustable Task Chair, Storm",301.96,2,0,87.5684
CA-2015-138009,11/29/2015,Sylvia Foulston,Corporate,Dearborn,Michigan,Office Supplies,Appliances,Honeywell Enviracaire Portable HEPA Air Cleaner for up to 10 x 16 Room,555.21,5,0.1,178.901
CA-2015-138009,11/29/2015,Sylvia Foulston,Corporate,Dearborn,Michigan,Office Supplies,Storage,"Mini 13-1/2 Capacity Data Binder Rack, Pearl",523.48,4,0,130.87
CA-2015-138009,11/29/2015,Sylvia Foulston,Corporate,Dearborn,Michigan,Office Supplies,Art,"BOSTON Model 1800 Electric Pencil Sharpeners, Putty/Woodgrain",161.82,9,0,46.9278
CA-2017-163020,9/15/2017,Meg O'Connel,Home Office,New York City,New York,Furniture,Furnishings,"Master Caster Door Stop, Brown",35.56,7,0,12.0904
CA-2017-153787,5/19/2017,Annie Thurman,Consumer,Seattle,Washington,Office Supplies,Appliances,Belkin Premiere Surge Master II 8-outlet surge protector,97.16,2,0,28.1764
CA-2017-133431,12/17/2017,Logan Currie,Consumer,San Francisco,California,Office Supplies,Binders,"Acco Pressboard Covers with Storage Hooks, 9 1/2"" x 11"", Executive Red",15.24,5,0.2,5.1435
CA-2017-133431,12/17/2017,Logan Currie,Consumer,San Francisco,California,Office Supplies,Paper,"Ampad Gold Fibre Wirebound Steno Books, 6"" x 9"", Gregg Ruled",13.23,3,0,6.0858
US-2016-135720,12/11/2016,Fred McMath,Consumer,Aurora,Colorado,Office Supplies,Storage,Tennsco Regal Shelving Units,243.384,3,0.2,-51.7191
US-2016-135720,12/11/2016,Fred McMath,Consumer,Aurora,Colorado,Technology,Accessories,Imation 32GB Pocket Pro USB 3.0 Flash Drive - 32 GB - Black - 1 P ...,119.8,5,0.2,29.95
US-2016-135720,12/11/2016,Fred McMath,Consumer,Aurora,Colorado,Technology,Phones,Jabra SPEAK 410,300.768,4,0.2,30.0768
CA-2017-144694,9/24/2017,Brian Dahlen,Consumer,Miami,Florida,Technology,Accessories,"Verbatim 25 GB 6x Blu-ray Single Layer Recordable Disc, 1/Pack",17.88,3,0.2,2.4585
CA-2017-144694,9/24/2017,Brian Dahlen,Consumer,Miami,Florida,Office Supplies,Labels,"Dot Matrix Printer Tape Reel Labels, White, 5000/Box",235.944,3,0.2,85.5297
CA-2015-168004,10/04/2015,Denny Joy,Corporate,Warner Robins,Georgia,Furniture,Chairs,Office Star - Mesh Screen back chair with Vinyl seat,392.94,3,0,43.2234
US-2016-123470,8/15/2016,Max Engle,Consumer,Aurora,Colorado,Office Supplies,Binders,Premium Transparent Presentation Covers by GBC,18.882,3,0.7,-13.8468
US-2016-123470,8/15/2016,Max Engle,Consumer,Aurora,Colorado,Office Supplies,Appliances,Tripp Lite TLP810NET Broadband Surge for Modem/Fax,122.328,3,0.2,12.2328
CA-2016-115917,5/20/2016,Rick Bensley,Home Office,Vallejo,California,Furniture,Furnishings,Luxo Professional Fluorescent Magnifier Lamp with Clamp-Mount Base,1049.2,5,0,272.792
CA-2016-115917,5/20/2016,Rick Bensley,Home Office,Vallejo,California,Office Supplies,Binders,Wilson Jones Turn Tabs Binder Tool for Ring Binders,15.424,4,0.2,5.0128
CA-2016-147067,12/18/2016,Justin Deggeller,Corporate,Minneapolis,Minnesota,Furniture,Furnishings,Eldon 200 Class Desk Accessories,18.84,3,0,6.0288
CA-2017-167913,7/30/2017,John Lee,Consumer,Mission Viejo,California,Office Supplies,Storage,Economy Rollaway Files,330.4,2,0,85.904
CA-2017-167913,7/30/2017,John Lee,Consumer,Mission Viejo,California,Office Supplies,Labels,Avery 480,26.25,7,0,12.6
CA-2017-106103,06/10/2017,Sean Christensen,Consumer,Rochester Hills,Michigan,Technology,Accessories,Imation 16GB Mini TravelDrive USB 2.0 Flash Drive,132.52,4,0,54.3332
US-2017-127719,7/21/2017,Tamara Willingham,Home Office,Plainfield,New Jersey,Office Supplies,Paper,Xerox 1993,6.48,1,0,3.1752
CA-2017-126221,12/30/2017,Chuck Clark,Home Office,Columbus,Indiana,Office Supplies,Appliances,"Eureka The Boss Plus 12-Amp Hard Box Upright Vacuum, Red",209.3,2,0,56.511
CA-2016-103947,04/01/2016,Barry Blumstein,Corporate,Sierra Vista,Arizona,Office Supplies,Fasteners,Staples,31.56,5,0.2,9.8625
CA-2016-103947,04/01/2016,Barry Blumstein,Corporate,Sierra Vista,Arizona,Office Supplies,Appliances,Belkin F9H710-06 7 Outlet SurgeMaster Surge Protector,30.144,2,0.2,3.0144
CA-2016-160745,12/11/2016,Anthony Rawles,Corporate,Vancouver,Washington,Furniture,Furnishings,3M Hangers With Command Adhesive,14.8,4,0,6.068
CA-2016-160745,12/11/2016,Anthony Rawles,Corporate,Vancouver,Washington,Technology,Phones,AT&T TR1909W,302.376,3,0.2,22.6782
CA-2016-160745,12/11/2016,Anthony Rawles,Corporate,Vancouver,Washington,Technology,Accessories,First Data FD10 PIN Pad,316,4,0,31.6
CA-2016-132661,10/23/2016,Steven Roelle,Home Office,New York City,New York,Office Supplies,Paper,"Snap-A-Way Black Print Carbonless Ruled Speed Letter, Triplicate",379.4,10,0,178.318
CA-2017-140844,6/19/2017,Allen Rosenblatt,Corporate,New York City,New York,Office Supplies,Paper,Xerox 1943,97.82,2,0,45.9754
CA-2017-140844,6/19/2017,Allen Rosenblatt,Corporate,New York City,New York,Technology,Accessories,Sony 16GB Class 10 Micro SDHC R40 Memory Card,103.12,8,0,10.312
CA-2016-137239,8/22/2016,Craig Reiter,Consumer,Columbus,Ohio,Office Supplies,Appliances,Tripp Lite Isotel 8 Ultra 8 Outlet Metal Surge,113.552,2,0.2,8.5164
CA-2016-137239,8/22/2016,Craig Reiter,Consumer,Columbus,Ohio,Office Supplies,Binders,Avery Durable Poly Binders,3.318,2,0.7,-2.6544
CA-2016-137239,8/22/2016,Craig Reiter,Consumer,Columbus,Ohio,Office Supplies,Envelopes,Airmail Envelopes,134.288,2,0.2,45.3222
US-2016-156097,9/19/2016,Eugene Hildebrand,Home Office,Aurora,Illinois,Furniture,Chairs,Global Troy Executive Leather Low-Back Tilter,701.372,2,0.3,-50.098
US-2016-156097,9/19/2016,Eugene Hildebrand,Home Office,Aurora,Illinois,Office Supplies,Binders,Avery Binding System Hidden Tab Executive Style Index Sets,2.308,2,0.8,-3.462
CA-2015-146563,8/24/2015,Cassandra Brandow,Consumer,Arlington,Texas,Office Supplies,Storage,"Hot File 7-Pocket, Floor Stand",999.432,7,0.2,124.929
CA-2015-146563,8/24/2015,Cassandra Brandow,Consumer,Arlington,Texas,Office Supplies,Storage,Space Solutions Commercial Steel Shelving,724.08,14,0.2,-135.765
CA-2015-146563,8/24/2015,Cassandra Brandow,Consumer,Arlington,Texas,Furniture,Tables,Hon Racetrack Conference Tables,918.785,5,0.3,-118.1295
CA-2015-146563,8/24/2015,Cassandra Brandow,Consumer,Arlington,Texas,Office Supplies,Binders,"Avery Durable Plastic 1"" Binders",2.724,3,0.8,-4.2222
CA-2016-123666,3/26/2016,Sibella Parks,Corporate,New York City,New York,Office Supplies,Storage,"Gould Plastics 18-Pocket Panel Bin, 34w x 5-1/4d x 20-1/2h",459.95,5,0,18.398
CA-2016-143308,11/04/2016,Roy Collins,Consumer,Louisville,Kentucky,Office Supplies,Fasteners,"OIC Colored Binder Clips, Assorted Sizes",10.74,3,0,5.2626
CA-2017-132682,06/08/2017,Tiffany House,Corporate,Dallas,Texas,Office Supplies,Supplies,Acme Tagit Stainless Steel Antibacterial Scissors,23.76,3,0.2,2.079
CA-2017-132682,06/08/2017,Tiffany House,Corporate,Dallas,Texas,Office Supplies,Paper,Easy-staple paper,85.056,3,0.2,28.7064
CA-2017-132682,06/08/2017,Tiffany House,Corporate,Dallas,Texas,Technology,Phones,ClearOne Communications CHAT 70 OC Speaker Phone,381.576,3,0.2,28.6182
CA-2014-156314,12/24/2014,Resi Pölking,Consumer,Cleveland,Ohio,Furniture,Furnishings,"Master Giant Foot Doorstop, Safety Yellow",30.36,5,0.2,8.7285
US-2017-106663,06/09/2017,Meg O'Connel,Home Office,Chicago,Illinois,Furniture,Furnishings,12-1/2 Diameter Round Wall Clock,23.976,3,0.6,-14.3856
US-2017-106663,06/09/2017,Meg O'Connel,Home Office,Chicago,Illinois,Furniture,Tables,"Chromcraft Bull-Nose Wood Round Conference Table Top, Wood Base",108.925,1,0.5,-71.8905
US-2017-106663,06/09/2017,Meg O'Connel,Home Office,Chicago,Illinois,Office Supplies,Paper,"Adams Telephone Message Book W/Dividers/Space For Phone Numbers, 5 1/4""X8 1/2"", 200/Messages",36.352,8,0.2,11.36
CA-2017-111178,6/15/2017,Tamara Dahlen,Consumer,Quincy,Illinois,Office Supplies,Art,Newell 331,19.56,5,0.2,1.7115
CA-2017-130351,12/05/2017,Rob Beeghly,Consumer,Columbus,Indiana,Office Supplies,Appliances,Kensington 6 Outlet Guardian Standard Surge Protector,61.44,3,0,16.5888
CA-2017-130351,12/05/2017,Rob Beeghly,Consumer,Columbus,Indiana,Office Supplies,Paper,"Southworth 100% Résumé Paper, 24lb.",38.9,5,0,17.505
CA-2017-130351,12/05/2017,Rob Beeghly,Consumer,Columbus,Indiana,Technology,Accessories,Imation 16GB Mini TravelDrive USB 2.0 Flash Drive,99.39,3,0,40.7499
US-2017-119438,3/18/2017,Carol Darley,Consumer,Tyler,Texas,Office Supplies,Appliances,Hoover Portapower Portable Vacuum,2.688,3,0.8,-7.392
US-2017-119438,3/18/2017,Carol Darley,Consumer,Tyler,Texas,Technology,Accessories,"Verbatim 25 GB 6x Blu-ray Single Layer Recordable Disc, 10/Pack",27.816,3,0.2,4.5201
US-2017-119438,3/18/2017,Carol Darley,Consumer,Tyler,Texas,Furniture,Furnishings,"Howard Miller 13-1/2"" Diameter Rosebrook Wall Clock",82.524,3,0.6,-41.262
US-2017-119438,3/18/2017,Carol Darley,Consumer,Tyler,Texas,Office Supplies,Binders,Ibico Hi-Tech Manual Binding System,182.994,3,0.8,-320.2395
CA-2016-164511,11/19/2016,Doug Jacobs,Consumer,New York City,New York,Office Supplies,Binders,Avery Hanging File Binders,14.352,3,0.2,4.6644
CA-2016-164511,11/19/2016,Doug Jacobs,Consumer,New York City,New York,Office Supplies,Storage,Fellowes Neat Ideas Storage Cubes,64.96,2,0,2.5984
CA-2016-164511,11/19/2016,Doug Jacobs,Consumer,New York City,New York,Office Supplies,Storage,Advantus Rolling Storage Box,68.6,4,0,18.522
US-2017-168116,11/04/2017,Grant Thornton,Corporate,Burlington,North Carolina,Technology,Machines,Cubify CubeX 3D Printer Triple Head Print,7999.98,4,0.5,-3839.9904
US-2017-168116,11/04/2017,Grant Thornton,Corporate,Burlington,North Carolina,Office Supplies,Appliances,"Eureka The Boss Plus 12-Amp Hard Box Upright Vacuum, Red",167.44,2,0.2,14.651
CA-2014-157784,07/05/2014,Michael Chen,Consumer,Jackson,Mississippi,Technology,Accessories,NETGEAR AC1750 Dual Band Gigabit Smart WiFi Router,479.97,3,0,163.1898
CA-2014-157784,07/05/2014,Michael Chen,Consumer,Jackson,Mississippi,Office Supplies,Labels,Avery 516,14.62,2,0,6.8714
CA-2014-157784,07/05/2014,Michael Chen,Consumer,Jackson,Mississippi,Office Supplies,Paper,Xerox 1995,19.44,3,0,9.3312
CA-2017-161480,12/25/2017,Ralph Arnett,Consumer,New York City,New York,Furniture,Bookcases,"Bush Andora Bookcase, Maple/Graphite Gray Finish",191.984,2,0.2,4.7996
US-2014-117135,6/21/2014,Naresj Patel,Consumer,Waynesboro,Virginia,Furniture,Furnishings,Luxo Professional Magnifying Clamp-On Fluorescent Lamps,104.01,1,0,14.5614
US-2014-117135,6/21/2014,Naresj Patel,Consumer,Waynesboro,Virginia,Technology,Phones,Konftel 250 Conference phone - Charcoal black,284.82,1,0,74.0532
US-2014-117135,6/21/2014,Naresj Patel,Consumer,Waynesboro,Virginia,Office Supplies,Storage,Recycled Eldon Regeneration Jumbo File,36.84,3,0,10.3152
CA-2015-131534,3/28/2015,Alan Barnes,Consumer,Los Angeles,California,Technology,Accessories,Imation Bio 8GB USB Flash Drive Imation Corp,166.24,1,0,24.936
CA-2015-131534,3/28/2015,Alan Barnes,Consumer,Los Angeles,California,Office Supplies,Paper,Xerox 1977,33.4,5,0,16.032
CA-2015-119291,5/14/2015,Jesus Ocampo,Home Office,Chester,Pennsylvania,Office Supplies,Art,"Boston School Pro Electric Pencil Sharpener, 1670",198.272,8,0.2,17.3488
CA-2015-119291,5/14/2015,Jesus Ocampo,Home Office,Chester,Pennsylvania,Office Supplies,Labels,Avery 490,47.36,4,0.2,17.76
CA-2015-119291,5/14/2015,Jesus Ocampo,Home Office,Chester,Pennsylvania,Office Supplies,Envelopes,Jet-Pak Recycled Peel 'N' Seal Padded Mailers,200.984,7,0.2,62.8075
CA-2015-119291,5/14/2015,Jesus Ocampo,Home Office,Chester,Pennsylvania,Office Supplies,Labels,"Avery 4027 File Folder Labels for Dot Matrix Printers, 5000 Labels per Box, White",97.696,4,0.2,31.7512
CA-2015-119291,5/14/2015,Jesus Ocampo,Home Office,Chester,Pennsylvania,Office Supplies,Art,"Binney & Smith Crayola Metallic Crayons, 16-Color Pack",2.696,1,0.2,0.8088
CA-2015-119291,5/14/2015,Jesus Ocampo,Home Office,Chester,Pennsylvania,Office Supplies,Binders,GBC Linen Binding Covers,18.588,2,0.7,-13.6312
CA-2015-119291,5/14/2015,Jesus Ocampo,Home Office,Chester,Pennsylvania,Office Supplies,Binders,Wilson Jones Custom Binder Spines & Labels,4.896,3,0.7,-3.4272
CA-2017-114552,09/02/2017,Dorris liebe,Corporate,Cleveland,Ohio,Furniture,Furnishings,"Eldon 200 Class Desk Accessories, Burgundy",15.072,3,0.2,4.1448
CA-2016-163755,11/04/2016,Alejandro Savely,Corporate,Seattle,Washington,Furniture,Furnishings,"Tenex ""The Solids"" Textured Chair Mats",209.88,3,0,35.6796
CA-2015-142027,04/09/2015,Jay Kimmel,Consumer,Long Beach,California,Furniture,Tables,Laminate Occasional Tables,369.912,3,0.2,-13.8717
CA-2014-138527,09/12/2014,Brad Norvell,Corporate,Cary,North Carolina,Office Supplies,Paper,Xerox 220,10.368,2,0.2,3.6288
CA-2014-138527,09/12/2014,Brad Norvell,Corporate,Cary,North Carolina,Office Supplies,Appliances,Fellowes 8 Outlet Superior Workstation Surge Protector,166.84,5,0.2,18.7695
CA-2014-138527,09/12/2014,Brad Norvell,Corporate,Cary,North Carolina,Technology,Accessories,SanDisk Cruzer 32 GB USB Flash Drive,15.216,1,0.2,2.2824
CA-2014-112158,12/02/2014,David Philippe,Consumer,New York City,New York,Technology,Accessories,Logitech 910-002974 M325 Wireless Mouse for Web Scrolling,119.96,4,0,52.7824
CA-2014-112158,12/02/2014,David Philippe,Consumer,New York City,New York,Furniture,Bookcases,O'Sullivan Living Dimensions 5-Shelf Bookcases,883.92,5,0.2,-110.49
CA-2014-112158,12/02/2014,David Philippe,Consumer,New York City,New York,Office Supplies,Binders,"Angle-D Binders with Locking Rings, Label Holders",46.72,8,0.2,15.768
CA-2014-113887,04/05/2014,Tracy Hopkins,Home Office,New York City,New York,Office Supplies,Paper,"Eaton Premium Continuous-Feed Paper, 25% Cotton, Letter Size, White, 1000 Shts/Box",55.48,1,0,26.6304
CA-2017-146136,09/03/2017,Arthur Prichep,Consumer,Palm Coast,Florida,Office Supplies,Envelopes,"#10- 4 1/8"" x 9 1/2"" Security-Tint Envelopes",24.448,4,0.2,8.8624
US-2017-100048,5/19/2017,Roland Schwarz,Corporate,Mount Vernon,New York,Office Supplies,Appliances,Bionaire Personal Warm Mist Humidifier/Vaporizer,281.34,6,0,109.7226
US-2017-100048,5/19/2017,Roland Schwarz,Corporate,Mount Vernon,New York,Technology,Phones,Nortel Meridian M3904 Professional Digital phone,307.98,2,0,89.3142
US-2017-100048,5/19/2017,Roland Schwarz,Corporate,Mount Vernon,New York,Technology,Accessories,Logitech Wireless Performance Mouse MX for PC and Mac,299.97,3,0,113.9886
CA-2014-153150,07/01/2014,Dorris liebe,Corporate,Seattle,Washington,Office Supplies,Binders,Cardinal Holdit Business Card Pockets,19.92,5,0.2,6.972
CA-2014-130092,01/11/2014,Seth Vernon,Consumer,Dover,Delaware,Furniture,Furnishings,"DAX Value U-Channel Document Frames, Easel Back",9.94,2,0,3.0814
CA-2017-108910,9/24/2017,Kelly Collister,Consumer,Newark,Ohio,Furniture,Furnishings,"Howard Miller 13"" Diameter Pewter Finish Round Wall Clock",103.056,3,0.2,24.4758
CA-2014-104472,06/02/2014,Christine Kargatis,Home Office,Orem,Utah,Office Supplies,Binders,GBC Standard Therm-A-Bind Covers,59.808,3,0.2,19.4376
CA-2014-104472,06/02/2014,Christine Kargatis,Home Office,Orem,Utah,Furniture,Furnishings,Aluminum Document Frame,73.32,6,0,21.996
CA-2016-112942,2/13/2016,Ross DeVincentis,Home Office,Los Angeles,California,Office Supplies,Paper,Tops Green Bar Computer Printout Paper,146.82,3,0,73.41
CA-2016-142335,12/15/2016,Michael Paige,Corporate,Detroit,Michigan,Furniture,Tables,Chromcraft Bull-Nose Wood Oval Conference Tables & Bases,1652.94,3,0,231.4116
CA-2016-142335,12/15/2016,Michael Paige,Corporate,Detroit,Michigan,Office Supplies,Storage,"Recycled Data-Pak for Archival Bound Computer Printouts, 12-1/2 x 12-1/2 x 16",296.37,3,0,80.0199
CA-2014-117429,10/07/2014,Mathew Reese,Home Office,Philadelphia,Pennsylvania,Furniture,Furnishings,"Seth Thomas 16"" Steel Case Clock",129.92,5,0.2,21.112
CA-2016-114713,07/07/2016,Steve Chapman,Corporate,Hialeah,Florida,Office Supplies,Supplies,Acme Softgrip Scissors,45.584,7,0.2,5.1282
CA-2017-144113,9/16/2017,Jay Fein,Consumer,Austin,Texas,Office Supplies,Envelopes,"Manila Recycled Extra-Heavyweight Clasp Envelopes, 6"" x 9""",17.568,2,0.2,6.3684
CA-2017-144113,9/16/2017,Jay Fein,Consumer,Austin,Texas,Technology,Phones,ClearSounds CSC500 Amplified Spirit Phone Corded phone,55.992,1,0.2,5.5992
US-2016-150861,12/03/2016,Emily Grady,Consumer,Oceanside,New York,Office Supplies,Paper,Xerox 1964,182.72,8,0,84.0512
US-2016-150861,12/03/2016,Emily Grady,Consumer,Oceanside,New York,Furniture,Tables,"Bevis Traditional Conference Table Top, Plinth Base",400.032,2,0.4,-153.3456
US-2016-150861,12/03/2016,Emily Grady,Consumer,Oceanside,New York,Office Supplies,Storage,"Personal Folder Holder, Ebony",33.63,3,0,10.089
US-2016-150861,12/03/2016,Emily Grady,Consumer,Oceanside,New York,Furniture,Chairs,"Global Leather Highback Executive Chair with Pneumatic Height Adjustment, Black",542.646,3,0.1,102.4998
US-2016-150861,12/03/2016,Emily Grady,Consumer,Oceanside,New York,Office Supplies,Labels,Avery 520,6.3,2,0,3.024
CA-2017-131954,1/21/2017,Darrin Sayre,Home Office,Seattle,Washington,Office Supplies,Storage,Carina Double Wide Media Storage Towers in Natural & Black,242.94,3,0,9.7176
CA-2017-131954,1/21/2017,Darrin Sayre,Home Office,Seattle,Washington,Technology,Accessories,Logitech Illuminated - Keyboard,179.97,3,0,86.3856
CA-2017-131954,1/21/2017,Darrin Sayre,Home Office,Seattle,Washington,Office Supplies,Binders,Wilson Jones Century Plastic Molded Ring Binders,99.696,6,0.2,33.6474
CA-2017-131954,1/21/2017,Darrin Sayre,Home Office,Seattle,Washington,Office Supplies,Binders,Wilson Jones Leather-Like Binders with DublLock Round Rings,27.936,4,0.2,9.4284
CA-2017-131954,1/21/2017,Darrin Sayre,Home Office,Seattle,Washington,Furniture,Bookcases,O'Sullivan Cherrywood Estates Traditional Bookcase,84.98,1,0,18.6956
CA-2017-131954,1/21/2017,Darrin Sayre,Home Office,Seattle,Washington,Office Supplies,Binders,Acco Translucent Poly Ring Binders,18.72,5,0.2,6.552
CA-2014-132500,09/08/2014,Gary Zandusky,Consumer,San Francisco,California,Technology,Accessories,Logitech Wireless Touch Keyboard K400,49.98,2,0,8.4966
CA-2014-112326,01/04/2014,Phillina Ober,Home Office,Naperville,Illinois,Office Supplies,Labels,Avery 508,11.784,3,0.2,4.2717
CA-2014-112326,01/04/2014,Phillina Ober,Home Office,Naperville,Illinois,Office Supplies,Storage,SAFCO Boltless Steel Shelving,272.736,3,0.2,-64.7748
CA-2014-112326,01/04/2014,Phillina Ober,Home Office,Naperville,Illinois,Office Supplies,Binders,GBC Standard Plastic Binding Systems Combs,3.54,2,0.8,-5.487
US-2016-146710,8/27/2016,Sung Shariari,Consumer,Dallas,Texas,Office Supplies,Supplies,Martin-Yale Premier Letter Opener,51.52,5,0.2,-10.948
US-2016-146710,8/27/2016,Sung Shariari,Consumer,Dallas,Texas,Office Supplies,Paper,"Ampad Gold Fibre Wirebound Steno Books, 6"" x 9"", Gregg Ruled",3.528,1,0.2,1.1466
US-2016-146710,8/27/2016,Sung Shariari,Consumer,Dallas,Texas,Office Supplies,Paper,Xerox 196,4.624,1,0.2,1.6762
US-2016-146710,8/27/2016,Sung Shariari,Consumer,Dallas,Texas,Office Supplies,Supplies,"Fiskars 8"" Scissors, 2/Pack",55.168,4,0.2,6.2064
CA-2014-124429,5/27/2014,Maya Herman,Corporate,San Diego,California,Furniture,Tables,KI Conference Tables,567.12,10,0.2,-28.356
CA-2014-124429,5/27/2014,Maya Herman,Corporate,San Diego,California,Office Supplies,Storage,Fellowes Officeware Wire Shelving,359.32,4,0,7.1864
CA-2016-150889,3/20/2016,Peter Bühler,Consumer,Evanston,Illinois,Technology,Phones,Belkin iPhone and iPad Lightning Cable,11.992,1,0.2,0.8994
CA-2017-126074,10/02/2017,Roland Fjeld,Consumer,Trenton,Michigan,Office Supplies,Binders,GBC Durable Plastic Covers,58.05,3,0,26.703
CA-2017-126074,10/02/2017,Roland Fjeld,Consumer,Trenton,Michigan,Furniture,Furnishings,Nu-Dell Leatherette Frames,157.74,11,0,56.7864
CA-2017-126074,10/02/2017,Roland Fjeld,Consumer,Trenton,Michigan,Office Supplies,Art,"Avery Hi-Liter EverBold Pen Style Fluorescent Highlighters, 4/Pack",56.98,7,0,22.792
CA-2017-126074,10/02/2017,Roland Fjeld,Consumer,Trenton,Michigan,Office Supplies,Binders,Avery Durable Binders,2.88,1,0,1.4112
CA-2016-110499,04/07/2016,Yoseph Carroll,Corporate,San Francisco,California,Technology,Copiers,Hewlett Packard 610 Color Digital Copier / Printer,1199.976,3,0.2,374.9925
CA-2015-135272,12/07/2015,Melanie Seite,Consumer,Los Angeles,California,Furniture,Furnishings,12-1/2 Diameter Round Wall Clock,79.92,4,0,28.7712
CA-2016-140928,9/18/2016,Nona Balk,Corporate,Jacksonville,Florida,Furniture,Tables,Chromcraft Round Conference Tables,383.438,4,0.45,-167.3184
CA-2014-106803,12/29/2014,Debra Catini,Consumer,Cottage Grove,Minnesota,Office Supplies,Storage,Recycled Eldon Regeneration Jumbo File,24.56,2,0,6.8768
CA-2014-106803,12/29/2014,Debra Catini,Consumer,Cottage Grove,Minnesota,Technology,Accessories,Imation 32GB Pocket Pro USB 3.0 Flash Drive - 32 GB - Black - 1 P ...,119.8,4,0,47.92
CA-2017-117240,7/23/2017,Christine Phan,Corporate,New York City,New York,Office Supplies,Binders,Angle-D Ring Binders,13.128,3,0.2,4.2666
CA-2017-133333,9/18/2017,Barry Französisch,Corporate,Green Bay,Wisconsin,Office Supplies,Paper,"Adams Telephone Message Book W/Dividers/Space For Phone Numbers, 5 1/4""X8 1/2"", 200/Messages",22.72,4,0,10.224
CA-2015-112319,8/31/2015,Andrew Roberts,Consumer,Los Angeles,California,Office Supplies,Paper,Xerox 226,58.32,9,0,27.9936
CA-2017-126046,11/03/2017,Julie Creighton,Corporate,Atlanta,Georgia,Office Supplies,Labels,Avery 476,12.39,3,0,5.6994
CA-2015-114923,02/08/2015,Lisa Hazard,Consumer,Columbus,Ohio,Technology,Phones,JBL Micro Wireless Portable Bluetooth Speaker,107.982,3,0.4,-26.9955
CA-2014-162775,1/13/2014,Chris Selesnick,Corporate,Bossier City,Louisiana,Office Supplies,Envelopes,Staple envelope,11.36,2,0,5.3392
CA-2014-162775,1/13/2014,Chris Selesnick,Corporate,Bossier City,Louisiana,Office Supplies,Envelopes,Brown Kraft Recycled Envelopes,50.94,3,0,25.47
CA-2014-162775,1/13/2014,Chris Selesnick,Corporate,Bossier City,Louisiana,Technology,Accessories,Plantronics S12 Corded Telephone Headset System,646.74,6,0,258.696
CA-2014-162775,1/13/2014,Chris Selesnick,Corporate,Bossier City,Louisiana,Office Supplies,Binders,3-ring staple pack,5.64,3,0,2.7072
CA-2014-162775,1/13/2014,Chris Selesnick,Corporate,Bossier City,Louisiana,Office Supplies,Storage,Fellowes Stor/Drawer Steel Plus Storage Drawers,572.58,6,0,34.3548
CA-2014-106810,5/14/2014,Anthony Johnson,Corporate,Saint Petersburg,Florida,Furniture,Furnishings,Electrix Halogen Magnifier Lamp,310.88,2,0.2,23.316
CA-2016-157245,5/19/2016,Laurel Elliston,Consumer,Arlington,Virginia,Furniture,Chairs,Hon 4070 Series Pagoda Round Back Stacking Chairs,641.96,2,0,179.7488
CA-2017-104220,1/30/2017,Benjamin Venier,Corporate,Des Moines,Iowa,Office Supplies,Binders,Cardinal EasyOpen D-Ring Binders,18.28,2,0,9.14
CA-2017-104220,1/30/2017,Benjamin Venier,Corporate,Des Moines,Iowa,Technology,Phones,AT&T 841000 Phone,207,3,0,51.75
CA-2017-104220,1/30/2017,Benjamin Venier,Corporate,Des Moines,Iowa,Office Supplies,Binders,GBC Instant Report Kit,32.35,5,0,16.175
CA-2017-104220,1/30/2017,Benjamin Venier,Corporate,Des Moines,Iowa,Office Supplies,Binders,DXL Angle-View Binders with Locking Rings by Samsill,7.71,1,0,3.4695
CA-2017-104220,1/30/2017,Benjamin Venier,Corporate,Des Moines,Iowa,Office Supplies,Art,Boston 19500 Mighty Mite Electric Pencil Sharpener,40.3,2,0,10.881
CA-2017-104220,1/30/2017,Benjamin Venier,Corporate,Des Moines,Iowa,Furniture,Furnishings,"C-Line Magnetic Cubicle Keepers, Clear Polypropylene",34.58,7,0,14.5236
CA-2014-165974,6/29/2014,Dan Lawera,Consumer,Cincinnati,Ohio,Office Supplies,Art,"Dixon My First Ticonderoga Pencil, #2",32.76,7,0.2,3.6855
CA-2015-144267,8/21/2015,Nick Zandusky,Home Office,San Francisco,California,Furniture,Chairs,Hon GuestStacker Chair,544.008,3,0.2,40.8006
CA-2015-144267,8/21/2015,Nick Zandusky,Home Office,San Francisco,California,Office Supplies,Paper,Xerox 191,59.94,3,0,28.1718
CA-2015-144267,8/21/2015,Nick Zandusky,Home Office,San Francisco,California,Office Supplies,Paper,Xerox 1974,23.92,4,0,11.7208
CA-2015-144267,8/21/2015,Nick Zandusky,Home Office,San Francisco,California,Office Supplies,Paper,Xerox 1927,4.28,1,0,1.926
US-2015-157014,10/03/2015,Bryan Mills,Consumer,Columbus,Ohio,Office Supplies,Binders,Acco D-Ring Binder w/DublLock,32.07,5,0.7,-22.449
US-2015-157014,10/03/2015,Bryan Mills,Consumer,Columbus,Ohio,Technology,Accessories,Imation 8gb Micro Traveldrive Usb 2.0 Flash Drive,24,2,0.2,-2.7
US-2015-157014,10/03/2015,Bryan Mills,Consumer,Columbus,Ohio,Furniture,Bookcases,"Safco Value Mate Series Steel Bookcases, Baked Enamel Finish on Steel, Gray",35.49,1,0.5,-15.6156
US-2015-157014,10/03/2015,Bryan Mills,Consumer,Columbus,Ohio,Technology,Accessories,Microsoft Natural Ergonomic Keyboard 4000,47.984,2,0.2,0.5998
CA-2015-154921,5/23/2015,Erin Ashbrook,Corporate,Columbia,South Carolina,Office Supplies,Envelopes,Cameo Buff Policy Envelopes,186.69,3,0,87.7443
CA-2017-129567,3/17/2017,Clay Ludtke,Consumer,Lancaster,California,Office Supplies,Binders,Heavy-Duty E-Z-D Binders,17.456,2,0.2,5.8914
CA-2015-154620,12/12/2015,Liz Thompson,Consumer,Lancaster,California,Furniture,Chairs,"Lifetime Advantage Folding Chairs, 4/Carton",348.928,2,0.2,34.8928
CA-2015-115938,6/26/2015,Sue Ann Reed,Consumer,Richmond,Virginia,Office Supplies,Binders,GBC VeloBinder Manual Binding System,143.96,4,0,69.1008
CA-2015-115938,6/26/2015,Sue Ann Reed,Consumer,Richmond,Virginia,Office Supplies,Storage,"Decoflex Hanging Personal Folder File, Blue",15.42,1,0,4.1634
CA-2015-115938,6/26/2015,Sue Ann Reed,Consumer,Richmond,Virginia,Office Supplies,Binders,"Acco PRESSTEX Data Binder with Storage Hooks, Dark Blue, 9 1/2"" X 11""",43.04,8,0,21.0896
CA-2015-115938,6/26/2015,Sue Ann Reed,Consumer,Richmond,Virginia,Furniture,Chairs,Office Star - Contemporary Task Swivel Chair,332.94,3,0,79.9056
CA-2016-105256,5/20/2016,Joe Kamberova,Consumer,Asheville,North Carolina,Technology,Phones,Cisco Unified IP Phone 7945G VoIP phone,1363.96,5,0.2,85.2475
CA-2014-156433,9/20/2014,Erica Smith,Consumer,San Francisco,California,Office Supplies,Labels,Avery 499,9.96,2,0,4.5816
CA-2014-156433,9/20/2014,Erica Smith,Consumer,San Francisco,California,Office Supplies,Paper,"Wirebound Message Book, 4 per Page",21.72,4,0,10.6428
CA-2017-151428,9/21/2017,Rick Hansen,Consumer,Rochester,Minnesota,Office Supplies,Binders,Avery Durable Binders,20.16,7,0,9.8784
CA-2015-124653,12/24/2015,David Bremer,Corporate,Rochester,New York,Office Supplies,Paper,Xerox 1887,132.79,7,0,63.7392
CA-2015-124653,12/24/2015,David Bremer,Corporate,Rochester,New York,Office Supplies,Paper,Xerox 1967,12.96,2,0,6.2208
CA-2015-124653,12/24/2015,David Bremer,Corporate,Rochester,New York,Office Supplies,Labels,Smead Alpha-Z Color-Coded Second Alphabetical Labels and Starter Set,21.56,7,0,10.3488
CA-2015-101910,11/27/2015,Carlos Daly,Consumer,Lake Elsinore,California,Furniture,Chairs,"Situations Contoured Folding Chairs, 4/Set",283.92,5,0.2,17.745
CA-2017-105809,2/20/2017,Helen Wasserman,Corporate,San Diego,California,Furniture,Furnishings,"Executive Impressions 14"" Contract Wall Clock",22.23,1,0,7.3359
CA-2017-105809,2/20/2017,Helen Wasserman,Corporate,San Diego,California,Technology,Phones,Logitech Mobile Speakerphone P710e - speaker phone,215.968,2,0.2,18.8972
CA-2016-136133,8/18/2016,Helen Wasserman,Corporate,New York City,New York,Office Supplies,Appliances,Belkin 7 Outlet SurgeMaster II,355.32,9,0,99.4896
CA-2016-115504,03/12/2016,Mike Caudle,Corporate,Monroe,Louisiana,Office Supplies,Paper,Xerox 218,12.96,2,0,6.2208
CA-2017-135783,4/22/2017,Gary McGarr,Consumer,San Francisco,California,Furniture,Furnishings,"Eldon Stackable Tray, Side-Load, Legal, Smoke",18.28,2,0,6.2152
CA-2014-134313,11/01/2014,Russell Applegate,Consumer,Denver,Colorado,Office Supplies,Art,Model L Table or Wall-Mount Pencil Sharpener,43.176,3,0.2,4.3176
CA-2014-134313,11/01/2014,Russell Applegate,Consumer,Denver,Colorado,Technology,Phones,ClearOne CHATAttach 160 - speaker phone,1983.968,4,0.2,247.996
CA-2015-140921,02/03/2015,Allen Armold,Consumer,Omaha,Nebraska,Furniture,Furnishings,Coloredge Poster Frame,28.4,2,0,11.076
CA-2015-140921,02/03/2015,Allen Armold,Consumer,Omaha,Nebraska,Technology,Accessories,Kensington SlimBlade Notebook Wireless Mouse with Nano Receiver ,149.97,3,0,50.9898
CA-2014-151995,10/13/2014,Zuschuss Carroll,Consumer,Edmonds,Washington,Office Supplies,Art,Newell 32,11.52,4,0,3.2256
CA-2014-151995,10/13/2014,Zuschuss Carroll,Consumer,Edmonds,Washington,Furniture,Tables,"Bevis Round Bullnose 29"" High Table Top",1298.55,5,0,311.652
CA-2014-151995,10/13/2014,Zuschuss Carroll,Consumer,Edmonds,Washington,Office Supplies,Appliances,Belkin F9G930V10-GRY 9 Outlet Surge,213.92,4,0,62.0368
CA-2014-151995,10/13/2014,Zuschuss Carroll,Consumer,Edmonds,Washington,Technology,Accessories,Sony 16GB Class 10 Micro SDHC R40 Memory Card,25.78,2,0,2.578
CA-2017-143686,5/14/2017,Pauline Johnson,Consumer,Santa Ana,California,Furniture,Furnishings,"Eldon Stackable Tray, Side-Load, Legal, Smoke",18.28,2,0,6.2152
CA-2017-143686,5/14/2017,Pauline Johnson,Consumer,Santa Ana,California,Technology,Accessories,Razer Tiamat Over Ear 7.1 Surround Sound PC Gaming Headset,1399.93,7,0,601.9699
CA-2015-106565,3/20/2015,Bart Watters,Corporate,Milwaukee,Wisconsin,Office Supplies,Paper,Xerox 205,51.84,8,0,24.8832
CA-2016-149370,9/15/2016,Dean Braden,Consumer,Philadelphia,Pennsylvania,Office Supplies,Paper,Xerox 1968,5.344,1,0.2,1.8704
CA-2014-140858,6/28/2014,Cynthia Arntzen,Consumer,Philadelphia,Pennsylvania,Office Supplies,Paper,Xerox 1995,41.472,8,0.2,14.5152
CA-2014-140858,6/28/2014,Cynthia Arntzen,Consumer,Philadelphia,Pennsylvania,Office Supplies,Binders,Self-Adhesive Ring Binder Labels,3.168,3,0.7,-2.4288
CA-2014-140858,6/28/2014,Cynthia Arntzen,Consumer,Philadelphia,Pennsylvania,Furniture,Chairs,Global Leather Executive Chair,1228.465,5,0.3,0
CA-2014-140858,6/28/2014,Cynthia Arntzen,Consumer,Philadelphia,Pennsylvania,Office Supplies,Binders,GBC Recycled Grain Textured Covers,31.086,3,0.7,-22.7964
CA-2014-140858,6/28/2014,Cynthia Arntzen,Consumer,Philadelphia,Pennsylvania,Office Supplies,Paper,Xerox 1941,335.52,4,0.2,117.432
CA-2017-101434,6/20/2017,Toby Ritter,Consumer,Belleville,New Jersey,Technology,Accessories,Razer Kraken PRO Over Ear PC and Music Headset,239.97,3,0,71.991
CA-2017-101434,6/20/2017,Toby Ritter,Consumer,Belleville,New Jersey,Office Supplies,Labels,Avery 508,9.82,2,0,4.8118
US-2014-102071,05/09/2014,Patrick Gardner,Consumer,San Francisco,California,Technology,Accessories,Kingston Digital DataTraveler 32GB USB 2.0,67.8,4,0,4.068
US-2014-102071,05/09/2014,Patrick Gardner,Consumer,San Francisco,California,Technology,Accessories,Sony Micro Vault Click 16 GB USB 2.0 Flash Drive,167.97,3,0,40.3128
CA-2017-126956,8/21/2017,Greg Tran,Consumer,Lakeville,Minnesota,Office Supplies,Fasteners,Advantus Plastic Paper Clips,35,7,0,16.8
CA-2017-126956,8/21/2017,Greg Tran,Consumer,Lakeville,Minnesota,Office Supplies,Supplies,Acme Forged Steel Scissors with Black Enamel Handles,37.24,4,0,10.7996
CA-2017-126956,8/21/2017,Greg Tran,Consumer,Lakeville,Minnesota,Office Supplies,Envelopes,Security-Tint Envelopes,15.28,2,0,7.4872
CA-2017-129462,6/16/2017,Joel Eaton,Consumer,Florence,Kentucky,Furniture,Chairs,"Global Airflow Leather Mesh Back Chair, Black",301.96,2,0,90.588
CA-2017-129462,6/16/2017,Joel Eaton,Consumer,Florence,Kentucky,Office Supplies,Appliances,"Fellowes Smart Surge Ten-Outlet Protector, Platinum",180.66,3,0,50.5848
CA-2017-129462,6/16/2017,Joel Eaton,Consumer,Florence,Kentucky,Technology,Phones,Pyle PMP37LED,191.98,2,0,51.8346
CA-2017-129462,6/16/2017,Joel Eaton,Consumer,Florence,Kentucky,Technology,Phones,Clarity 53712,65.99,1,0,17.1574
CA-2016-165316,7/23/2016,Jennifer Braxton,Corporate,Tampa,Florida,Office Supplies,Art,Boston 16801 Nautilus Battery Pencil Sharpener,35.216,2,0.2,2.6412
CA-2016-165316,7/23/2016,Jennifer Braxton,Corporate,Tampa,Florida,Office Supplies,Appliances,"Holmes Replacement Filter for HEPA Air Cleaner, Large Room",23.696,2,0.2,6.5164
CA-2016-165316,7/23/2016,Jennifer Braxton,Corporate,Tampa,Florida,Technology,Machines,Zebra GX420t Direct Thermal/Thermal Transfer Printer,265.475,1,0.5,-111.4995
US-2014-115987,09/08/2014,Lisa Hazard,Consumer,Tyler,Texas,Office Supplies,Binders,GBC ProClick Punch Binding System,51.184,4,0.8,-79.3352
US-2017-156083,11/04/2017,James Lanier,Home Office,Columbia,Tennessee,Office Supplies,Paper,"Adams Telephone Message Books, 5 1/4” x 11”",9.664,2,0.2,3.2616
US-2016-137547,03/07/2016,Ed Braxton,Corporate,Fort Worth,Texas,Technology,Phones,Belkin Grip Candy Sheer Case / Cover for iPhone 5 and 5S,21.072,3,0.2,1.5804
CA-2015-100454,11/20/2015,Brian Moss,Corporate,New York City,New York,Office Supplies,Art,Boston 19500 Mighty Mite Electric Pencil Sharpener,60.45,3,0,16.3215
CA-2015-100454,11/20/2015,Brian Moss,Corporate,New York City,New York,Office Supplies,Art,Newell 335,11.52,4,0,3.3408
CA-2015-100454,11/20/2015,Brian Moss,Corporate,New York City,New York,Furniture,Bookcases,O'Sullivan 3-Shelf Heavy-Duty Bookcases,186.048,4,0.2,9.3024
CA-2016-161669,11/07/2016,Eudokia Martin,Corporate,Los Angeles,California,Office Supplies,Binders,Fellowes Binding Cases,37.44,4,0.2,11.7
CA-2016-161669,11/07/2016,Eudokia Martin,Corporate,Los Angeles,California,Office Supplies,Binders,Ibico Plastic and Wire Spiral Binding Combs,26.976,4,0.2,8.7672
CA-2016-161669,11/07/2016,Eudokia Martin,Corporate,Los Angeles,California,Office Supplies,Supplies,Acme Preferred Stainless Steel Scissors,11.36,2,0,3.2944
CA-2016-161669,11/07/2016,Eudokia Martin,Corporate,Los Angeles,California,Office Supplies,Labels,Avery 486,14.62,2,0,6.8714
CA-2015-114300,10/13/2015,Art Foster,Consumer,Louisville,Kentucky,Technology,Phones,I Need's 3d Hello Kitty Hybrid Silicone Case Cover for HTC One X 4g with 3d Hello Kitty Stylus Pen Green/pink,83.72,7,0,23.4416
CA-2015-114300,10/13/2015,Art Foster,Consumer,Louisville,Kentucky,Furniture,Chairs,Global Deluxe Office Fabric Chairs,287.94,3,0,77.7438
CA-2017-107503,01/01/2017,Guy Armstrong,Consumer,Lorain,Ohio,Furniture,Furnishings,"Linden 10"" Round Wall Clock, Black",48.896,4,0.2,8.5568
CA-2014-107755,02/07/2014,Cyma Kinney,Corporate,Linden,New Jersey,Technology,Accessories,Maxell DVD-RAM Discs,115.36,7,0,49.6048
CA-2016-152534,6/20/2016,Dave Poirier,Corporate,Salinas,California,Office Supplies,Art,DIXON Oriole Pencils,5.16,2,0,1.3416
CA-2016-152534,6/20/2016,Dave Poirier,Corporate,Salinas,California,Office Supplies,Paper,Xerox 202,38.88,6,0,18.6624
CA-2016-113747,5/28/2016,Valerie Dominguez,Consumer,Jackson,Mississippi,Office Supplies,Art,"Boston School Pro Electric Pencil Sharpener, 1670",185.88,6,0,50.1876
CA-2016-123274,2/19/2016,Greg Tran,Consumer,New York City,New York,Furniture,Furnishings,"Executive Impressions 14"" Contract Wall Clock",44.46,2,0,14.6718
CA-2016-123274,2/19/2016,Greg Tran,Consumer,New York City,New York,Office Supplies,Storage,Carina Double Wide Media Storage Towers in Natural & Black,242.94,3,0,9.7176
CA-2014-125612,08/03/2014,Berenike Kampe,Consumer,New York City,New York,Office Supplies,Paper,Xerox 1884,39.96,2,0,18.7812
CA-2014-125612,08/03/2014,Berenike Kampe,Consumer,New York City,New York,Office Supplies,Supplies,Acme Box Cutter Scissors,102.3,10,0,26.598
CA-2014-125612,08/03/2014,Berenike Kampe,Consumer,New York City,New York,Office Supplies,Storage,Staple magnet,21.36,2,0,5.7672
CA-2017-161984,04/10/2017,Sanjit Jacobs,Home Office,New Brunswick,New Jersey,Office Supplies,Paper,"Wirebound Message Books, Two 4 1/4"" x 5"" Forms per Page",7.61,1,0,3.5767
CA-2017-161984,04/10/2017,Sanjit Jacobs,Home Office,New Brunswick,New Jersey,Office Supplies,Fasteners,OIC Binder Clips,7.16,2,0,3.58
CA-2014-133851,06/09/2014,Chuck Magee,Consumer,San Francisco,California,Office Supplies,Supplies,Staple remover,7.36,2,0,0.1472
CA-2014-133851,06/09/2014,Chuck Magee,Consumer,San Francisco,California,Office Supplies,Art,Deluxe Chalkboard Eraser Cleaner,23.1,2,0,10.626
CA-2016-134474,01/05/2016,Anthony Johnson,Corporate,Jacksonville,Florida,Technology,Accessories,Logitech MX Performance Wireless Mouse,191.472,6,0.2,40.6878
CA-2016-134474,01/05/2016,Anthony Johnson,Corporate,Jacksonville,Florida,Office Supplies,Art,Newell 337,5.248,2,0.2,0.5904
CA-2016-134474,01/05/2016,Anthony Johnson,Corporate,Jacksonville,Florida,Technology,Phones,"Logitech B530 USB Headset - headset - Full size, Binaural",59.184,2,0.2,5.1786
CA-2014-149020,01/10/2014,Anthony Jacobs,Corporate,Springfield,Virginia,Office Supplies,Labels,Avery 482,2.89,1,0,1.3583
CA-2014-149020,01/10/2014,Anthony Jacobs,Corporate,Springfield,Virginia,Furniture,Furnishings,"Howard Miller 11-1/2"" Diameter Ridgewood Wall Clock",51.94,1,0,21.2954
CA-2016-134362,9/29/2016,Linda Southworth,Corporate,Philadelphia,Pennsylvania,Office Supplies,Labels,Avery 483,15.936,4,0.2,5.1792
CA-2014-136742,04/06/2014,Guy Phonely,Corporate,Lancaster,Pennsylvania,Office Supplies,Binders,Large Capacity Hanging Post Binders,44.91,6,0.7,-35.928
CA-2016-158099,09/03/2016,Paul Knutson,Home Office,Philadelphia,Pennsylvania,Office Supplies,Binders,GBC Ibimaster 500 Manual ProClick Binding System,1141.47,5,0.7,-760.98
CA-2016-158099,09/03/2016,Paul Knutson,Home Office,Philadelphia,Pennsylvania,Technology,Phones,Cisco SPA301,280.782,3,0.4,-46.797
CA-2015-131128,10/19/2015,Tracy Blumstein,Consumer,Concord,New Hampshire,Office Supplies,Paper,Southworth 100% Cotton The Best Paper,34.44,3,0,17.22
CA-2014-148488,12/10/2014,Sally Matthias,Consumer,New York City,New York,Office Supplies,Paper,"Adams Write n' Stick Phone Message Book, 11"" X 5 1/4"", 200 Messages",11.36,2,0,5.2256
CA-2014-148488,12/10/2014,Sally Matthias,Consumer,New York City,New York,Office Supplies,Binders,Poly Designer Cover & Back,106.344,7,0.2,37.2204
CA-2017-114636,8/25/2017,Guy Armstrong,Consumer,Charlotte,North Carolina,Office Supplies,Paper,Xerox 1910,192.16,5,0.2,67.256
CA-2016-116736,1/17/2016,Chuck Clark,Home Office,Concord,New Hampshire,Furniture,Furnishings,"Tenex Contemporary Contur Chairmats for Low and Medium Pile Carpet, Computer, 39"" x 49""",322.59,3,0,64.518
CA-2016-116736,1/17/2016,Chuck Clark,Home Office,Concord,New Hampshire,Technology,Accessories,Logitech 910-002974 M325 Wireless Mouse for Web Scrolling,29.99,1,0,13.1956
CA-2016-116736,1/17/2016,Chuck Clark,Home Office,Concord,New Hampshire,Technology,Accessories,Logitech G19 Programmable Gaming Keyboard,371.97,3,0,66.9546
US-2014-158638,9/17/2014,Anthony Garverick,Home Office,Philadelphia,Pennsylvania,Office Supplies,Binders,"Acco Pressboard Covers with Storage Hooks, 14 7/8"" x 11"", Light Blue",5.892,4,0.7,-4.1244
CA-2017-111689,11/30/2017,Harold Pawlan,Home Office,New York City,New York,Office Supplies,Binders,Lock-Up Easel 'Spel-Binder',68.472,3,0.2,23.1093
CA-2017-111689,11/30/2017,Harold Pawlan,Home Office,New York City,New York,Furniture,Chairs,SAFCO Arco Folding Chair,1242.9,5,0.1,262.39
CA-2015-129098,10/09/2015,Dave Kipp,Consumer,Springfield,Virginia,Office Supplies,Storage,"Decoflex Hanging Personal Folder File, Blue",30.84,2,0,8.3268
US-2017-123463,12/23/2017,Gary Zandusky,Consumer,San Francisco,California,Office Supplies,Art,"Binney & Smith Crayola Metallic Crayons, 16-Color Pack",13.48,4,0,5.9312
CA-2016-165148,10/22/2016,Peter McVee,Home Office,Detroit,Michigan,Furniture,Furnishings,Eldon 200 Class Desk Accessories,31.4,5,0,10.048
CA-2014-134061,4/29/2014,Lauren Leatherbury,Consumer,Rochester,New York,Furniture,Furnishings,Dax Clear Box Frame,17.46,2,0,5.9364
CA-2015-143602,4/25/2015,Jill Stevenson,Corporate,Los Angeles,California,Office Supplies,Binders,Fellowes Black Plastic Comb Bindings,13.944,3,0.2,4.5318
CA-2017-115364,6/26/2017,Olvera Toch,Consumer,San Diego,California,Office Supplies,Storage,Eldon Shelf Savers Cubes and Bins,83.76,12,0,1.6752
CA-2017-150707,10/14/2017,Ed Ludwig,Home Office,Columbia,Maryland,Office Supplies,Binders,"Acco PRESSTEX Data Binder with Storage Hooks, Dark Blue, 14 7/8"" X 11""",37.66,7,0,18.4534
CA-2014-104976,12/09/2014,Cyma Kinney,Corporate,San Francisco,California,Office Supplies,Paper,Xerox 1987,34.68,6,0,16.9932
CA-2017-132934,6/20/2017,Jeremy Ellison,Consumer,New Rochelle,New York,Technology,Accessories,Anker Ultrathin Bluetooth Wireless Keyboard Aluminum Cover with Stand ,149.95,5,0,14.995
CA-2017-132934,6/20/2017,Jeremy Ellison,Consumer,New Rochelle,New York,Office Supplies,Binders,Acco D-Ring Binder w/DublLock,51.312,3,0.2,18.6006
CA-2017-133256,6/26/2017,Tracy Hopkins,Home Office,Detroit,Michigan,Office Supplies,Paper,"Ampad Poly Cover Wirebound Steno Book, 6"" x 9"" Assorted Colors, Gregg Ruled",4.54,1,0,2.043
CA-2017-133256,6/26/2017,Tracy Hopkins,Home Office,Detroit,Michigan,Office Supplies,Art,Fluorescent Highlighters by Dixon,15.92,4,0,5.4128
CA-2017-133256,6/26/2017,Tracy Hopkins,Home Office,Detroit,Michigan,Technology,Phones,Nortel Networks T7316 E Nt8 B27,543.92,8,0,135.98
CA-2016-105494,11/10/2016,Pamela Coakley,Corporate,San Francisco,California,Office Supplies,Storage,File Shuttle I and Handi-File,155.82,7,0,42.0714
CA-2016-105494,11/10/2016,Pamela Coakley,Corporate,San Francisco,California,Office Supplies,Binders,Binding Machine Supplies,70.008,3,0.2,24.5028
CA-2016-140634,10/03/2016,Hunter Lopez,Consumer,Houston,Texas,Office Supplies,Envelopes,Staple envelope,15.648,2,0.2,5.0856
CA-2014-144407,09/09/2014,Maribeth Schnelling,Consumer,Detroit,Michigan,Office Supplies,Labels,Alphabetical Labels for Top Tab Filing,103.6,7,0,51.8
CA-2017-160983,10/29/2017,George Bell,Corporate,Auburn,New York,Office Supplies,Paper,Things To Do Today Pad,46.96,8,0,22.5408
US-2016-114622,04/10/2016,Justin Ritter,Corporate,Springfield,Ohio,Office Supplies,Binders,Wilson Jones Hanging Recycled Pressboard Data Binders,8.904,2,0.7,-6.5296
CA-2017-150959,11/11/2017,Tamara Dahlen,Consumer,Garland,Texas,Office Supplies,Labels,Permanent Self-Adhesive File Folder Labels for Typewriters by Universal,10.44,5,0.2,3.393
CA-2017-150959,11/11/2017,Tamara Dahlen,Consumer,Garland,Texas,Office Supplies,Binders,Deluxe Heavy-Duty Vinyl Round Ring Binder,18.336,4,0.8,-32.088
CA-2017-132353,9/15/2017,Dave Brooks,Consumer,Chicago,Illinois,Technology,Phones,Avaya 5420 Digital phone,323.976,3,0.2,20.2485
CA-2016-130477,04/08/2016,Logan Currie,Consumer,Los Angeles,California,Office Supplies,Paper,Xerox 1923,20.04,3,0,9.6192
CA-2016-130477,04/08/2016,Logan Currie,Consumer,Los Angeles,California,Office Supplies,Storage,Fellowes Neat Ideas Storage Cubes,64.96,2,0,2.5984
CA-2016-130477,04/08/2016,Logan Currie,Consumer,Los Angeles,California,Office Supplies,Paper,Xerox 1931,12.96,2,0,6.2208
CA-2017-143259,12/30/2017,Patrick O'Donnell,Consumer,New York City,New York,Furniture,Bookcases,"Bush Westfield Collection Bookcases, Fully Assembled",323.136,4,0.2,12.1176
CA-2017-143259,12/30/2017,Patrick O'Donnell,Consumer,New York City,New York,Technology,Phones,Gear Head AU3700S Headset,90.93,7,0,2.7279
CA-2017-143259,12/30/2017,Patrick O'Donnell,Consumer,New York City,New York,Office Supplies,Binders,Wilson Jones Legal Size Ring Binders,52.776,3,0.2,19.791
CA-2017-137596,09/02/2017,Bill Eplett,Home Office,Jackson,Michigan,Technology,Phones,Polycom CX600 IP Phone VoIP phone,1199.8,4,0,323.946
CA-2017-137596,09/02/2017,Bill Eplett,Home Office,Jackson,Michigan,Technology,Accessories,Maxell iVDR EX 500GB Cartridge,1928.78,7,0,829.3754
CA-2017-137596,09/02/2017,Bill Eplett,Home Office,Jackson,Michigan,Office Supplies,Storage,Fellowes High-Stak Drawer Files,352.38,2,0,81.0474
CA-2015-133627,5/31/2015,Sample Company A,Home Office,Norwich,Connecticut,Furniture,Furnishings,3M Hangers With Command Adhesive,22.2,6,0,9.102
CA-2017-102519,11/27/2017,Brian Moss,Corporate,Milwaukee,Wisconsin,Furniture,Furnishings,"Howard Miller 13"" Diameter Goldtone Round Wall Clock",46.94,1,0,19.2454
CA-2017-102519,11/27/2017,Brian Moss,Corporate,Milwaukee,Wisconsin,Technology,Accessories,Memorex Mini Travel Drive 16 GB USB 2.0 Flash Drive,143.73,9,0,56.0547
US-2014-141215,6/15/2014,Kelly Lampkin,Corporate,San Antonio,Texas,Furniture,Tables,"Lesro Sheffield Collection Coffee Table, End Table, Center Table, Corner Table",99.918,2,0.3,-18.5562
US-2014-141215,6/15/2014,Kelly Lampkin,Corporate,San Antonio,Texas,Furniture,Chairs,Global Commerce Series High-Back Swivel/Tilt Chairs,797.944,4,0.3,-56.996
US-2014-141215,6/15/2014,Kelly Lampkin,Corporate,San Antonio,Texas,Office Supplies,Binders,Avery Premier Heavy-Duty Binder with Round Locking Rings,8.568,3,0.8,-14.5656
CA-2016-165218,03/05/2016,Rob Williams,Corporate,Dallas,Texas,Office Supplies,Envelopes,Cameo Buff Policy Envelopes,149.352,3,0.2,50.4063
CA-2016-165218,03/05/2016,Rob Williams,Corporate,Dallas,Texas,Office Supplies,Storage,Acco Perma 4000 Stacking Storage Drawers,12.992,1,0.2,-0.812
CA-2014-138296,12/05/2014,Roy Collins,Consumer,Alexandria,Virginia,Office Supplies,Storage,Recycled Eldon Regeneration Jumbo File,24.56,2,0,6.8768
CA-2015-111164,04/11/2015,Sanjit Engle,Consumer,New York City,New York,Technology,Accessories,Maxell 4.7GB DVD-R,85.14,3,0,34.9074
CA-2015-111164,04/11/2015,Sanjit Engle,Consumer,New York City,New York,Technology,Phones,OtterBox Commuter Series Case - iPhone 5 & 5s,21.99,1,0,10.5552
CA-2015-111164,04/11/2015,Sanjit Engle,Consumer,New York City,New York,Office Supplies,Appliances,Kensington 4 Outlet MasterPiece Compact Power Control Center,406.6,5,0,113.848
CA-2016-149797,9/15/2016,Adam Hart,Corporate,New York City,New York,Office Supplies,Binders,GBC DocuBind 300 Electric Binding Machine,841.568,2,0.2,294.5488
CA-2014-132962,9/13/2014,Jessica Myrick,Consumer,Philadelphia,Pennsylvania,Office Supplies,Paper,Xerox 1985,15.552,3,0.2,5.4432
CA-2014-132962,9/13/2014,Jessica Myrick,Consumer,Philadelphia,Pennsylvania,Technology,Accessories,Hypercom P1300 Pinpad,252,5,0.2,53.55
CA-2015-115091,10/05/2015,Joel Jenkins,Home Office,Springfield,Virginia,Office Supplies,Art,Newell 324,46.2,4,0,12.936
CA-2015-115091,10/05/2015,Joel Jenkins,Home Office,Springfield,Virginia,Office Supplies,Appliances,Holmes Odor Grabber,28.84,2,0,9.5172
CA-2017-144932,4/14/2017,Alan Barnes,Consumer,Toledo,Ohio,Office Supplies,Art,Zebra Zazzle Fluorescent Highlighters,14.592,3,0.2,2.5536
CA-2017-144932,4/14/2017,Alan Barnes,Consumer,Toledo,Ohio,Office Supplies,Art,"Sanford Prismacolor Professional Thick Lead Art Pencils, 36-Color Set",89.856,3,0.2,21.3408
CA-2017-144932,4/14/2017,Alan Barnes,Consumer,Toledo,Ohio,Office Supplies,Paper,Xerox 196,13.872,3,0.2,5.0286
CA-2017-114216,09/02/2017,Ralph Kennedy,Consumer,Philadelphia,Pennsylvania,Office Supplies,Paper,"RSVP Cards & Envelopes, Blank White, 8-1/2"" X 11"", 24 Cards/25 Envelopes/Set",12.192,3,0.2,4.1148
CA-2016-140081,6/20/2016,Catherine Glotzbach,Home Office,Philadelphia,Pennsylvania,Office Supplies,Paper,"Wirebound Message Books, 2 7/8"" x 5"", 3 Forms per Page",45.056,8,0.2,15.2064
CA-2016-140081,6/20/2016,Catherine Glotzbach,Home Office,Philadelphia,Pennsylvania,Office Supplies,Binders,JM Magazine Binder,29.718,6,0.7,-21.7932
CA-2016-140081,6/20/2016,Catherine Glotzbach,Home Office,Philadelphia,Pennsylvania,Office Supplies,Paper,Xerox 202,15.552,3,0.2,5.4432
CA-2016-140081,6/20/2016,Catherine Glotzbach,Home Office,Philadelphia,Pennsylvania,Office Supplies,Appliances,Sanyo 2.5 Cubic Foot Mid-Size Office Refrigerators,447.696,2,0.2,33.5772
US-2017-111745,11/05/2017,Ruben Ausman,Corporate,Farmington,New Mexico,Technology,Accessories,NETGEAR AC1750 Dual Band Gigabit Smart WiFi Router,159.99,1,0,54.3966
CA-2015-148250,12/13/2015,Rachel Payne,Corporate,Riverside,California,Office Supplies,Paper,Xerox 213,12.96,2,0,6.2208
CA-2015-148250,12/13/2015,Rachel Payne,Corporate,Riverside,California,Office Supplies,Appliances,Fellowes 8 Outlet Superior Workstation Surge Protector w/o Phone/Fax/Modem Protection,134.48,4,0,34.9648
CA-2016-105760,6/19/2016,Karen Carlisle,Corporate,San Francisco,California,Office Supplies,Paper,"Message Book, Standard Line ""While You Were Out"", 5 1/2"" X 4"", 200 Sets/Book",17.12,2,0,8.0464
CA-2016-142958,12/13/2016,Rob Williams,Corporate,Torrance,California,Office Supplies,Binders,"Acco Pressboard Covers with Storage Hooks, 14 7/8"" x 11"", Dark Blue",6.096,2,0.2,2.2098
CA-2016-142958,12/13/2016,Rob Williams,Corporate,Torrance,California,Furniture,Tables,Bretford CR4500 Series Slim Rectangular Table,1114.272,4,0.2,41.7852
CA-2015-120880,5/29/2015,John Lucas,Consumer,Seattle,Washington,Office Supplies,Paper,Xerox 1894,32.4,5,0,15.552
CA-2015-120880,5/29/2015,John Lucas,Consumer,Seattle,Washington,Office Supplies,Storage,Standard Rollaway File with Lock,540.57,3,0,140.5482
CA-2015-120880,5/29/2015,John Lucas,Consumer,Seattle,Washington,Office Supplies,Binders,"Avery Trapezoid Extra Heavy Duty 4"" Binders",167.76,5,0.2,62.91
US-2015-140200,7/26/2015,Cynthia Arntzen,Consumer,Mesa,Arizona,Furniture,Tables,Bevis Boat-Shaped Conference Table,393.165,3,0.5,-204.4458
US-2017-110576,11/28/2017,Ross Baird,Home Office,Philadelphia,Pennsylvania,Furniture,Furnishings,"Deflect-o RollaMat Studded, Beveled Mat for Medium Pile Carpeting",516.488,7,0.2,-12.9122
US-2017-110576,11/28/2017,Ross Baird,Home Office,Philadelphia,Pennsylvania,Furniture,Furnishings,Luxo Professional Fluorescent Magnifier Lamp with Clamp-Mount Base,1007.232,6,0.2,75.5424
US-2017-110576,11/28/2017,Ross Baird,Home Office,Philadelphia,Pennsylvania,Furniture,Tables,"Riverside Furniture Oval Coffee Table, Oval End Table, End Table with Drawer",2065.32,12,0.4,-619.596
US-2017-110576,11/28/2017,Ross Baird,Home Office,Philadelphia,Pennsylvania,Office Supplies,Paper,Xerox 210,15.552,3,0.2,5.4432
US-2017-110576,11/28/2017,Ross Baird,Home Office,Philadelphia,Pennsylvania,Office Supplies,Paper,Xerox 4200 Series MultiUse Premium Copy Paper (20Lb. and 84 Bright),25.344,6,0.2,7.92
CA-2017-131156,04/03/2017,Katherine Hughes,Consumer,Philadelphia,Pennsylvania,Furniture,Furnishings,Staple-based wall hangings,25.472,4,0.2,7.6416
CA-2017-136539,12/28/2017,Greg Hansen,Consumer,Round Rock,Texas,Office Supplies,Art,Stanley Bostitch Contemporary Electric Pencil Sharpeners,27.168,2,0.2,2.7168
CA-2017-136539,12/28/2017,Greg Hansen,Consumer,Round Rock,Texas,Furniture,Bookcases,"Bush Westfield Collection Bookcases, Medium Cherry Finish",78.8528,2,0.32,-11.596
CA-2017-119305,11/30/2017,Scott Williamson,Consumer,Jackson,Mississippi,Office Supplies,Storage,Home/Office Personal File Carts,173.8,5,0,43.45
CA-2017-102414,5/15/2017,Joseph Airdo,Consumer,Phoenix,Arizona,Technology,Phones,"Logitech B530 USB Headset - headset - Full size, Binaural",29.592,1,0.2,2.5893
CA-2017-102414,5/15/2017,Joseph Airdo,Consumer,Phoenix,Arizona,Office Supplies,Binders,Avery Durable Slant Ring Binders,4.752,2,0.7,-3.168
CA-2017-102414,5/15/2017,Joseph Airdo,Consumer,Phoenix,Arizona,Office Supplies,Paper,"Universal Ultra Bright White Copier/Laser Paper, 8 1/2"" x 11"", Ream",15.552,3,0.2,5.6376
CA-2015-112571,9/22/2015,Daniel Lacy,Consumer,Oceanside,California,Furniture,Furnishings,Luxo Professional Combination Clamp-On Lamps,204.6,2,0,53.196
CA-2017-152142,11/14/2017,Lindsay Williams,Corporate,San Francisco,California,Furniture,Chairs,"Global Leather Highback Executive Chair with Pneumatic Height Adjustment, Black",321.568,2,0.2,28.1372
CA-2015-160059,11/27/2015,Thomas Brumley,Home Office,Fayetteville,Arkansas,Office Supplies,Binders,Zipper Ring Binder Pockets,6.24,2,0,3.0576
CA-2016-120859,09/01/2016,Cynthia Voltz,Corporate,San Francisco,California,Office Supplies,Envelopes,"White Business Envelopes with Contemporary Seam, Recycled White Business Envelopes",21.88,2,0,10.94
CA-2014-127488,9/22/2014,Maribeth Schnelling,Consumer,Boca Raton,Florida,Office Supplies,Labels,Avery File Folder Labels,4.608,2,0.2,1.6704
CA-2017-135279,04/09/2017,Bryan Spruell,Home Office,New York City,New York,Office Supplies,Labels,Color-Coded Legal Exhibit Labels,9.82,2,0,4.8118
CA-2017-135279,04/09/2017,Bryan Spruell,Home Office,New York City,New York,Office Supplies,Art,Bulldog Vacuum Base Pencil Sharpener,35.97,3,0,9.7119
CA-2017-135279,04/09/2017,Bryan Spruell,Home Office,New York City,New York,Office Supplies,Paper,Xerox 212,12.96,2,0,6.2208
CA-2017-135279,04/09/2017,Bryan Spruell,Home Office,New York City,New York,Office Supplies,Paper,Computer Printout Paper with Letter-Trim Fine Perforations,191.6,4,0,91.968
CA-2017-135279,04/09/2017,Bryan Spruell,Home Office,New York City,New York,Office Supplies,Labels,Avery File Folder Labels,8.64,3,0,4.2336
CA-2017-135279,04/09/2017,Bryan Spruell,Home Office,New York City,New York,Office Supplies,Storage,Office Impressions Heavy Duty Welded Shelving & Multimedia Storage Drawers,501.81,3,0,0
CA-2014-115791,1/16/2014,Delfina Latchford,Consumer,Philadelphia,Pennsylvania,Furniture,Furnishings,DAX Black Cherry Wood-Tone Poster Frame,127.104,6,0.2,28.5984
CA-2014-115791,1/16/2014,Delfina Latchford,Consumer,Philadelphia,Pennsylvania,Technology,Phones,AT&T 841000 Phone,124.2,3,0.4,-31.05
CA-2014-115791,1/16/2014,Delfina Latchford,Consumer,Philadelphia,Pennsylvania,Office Supplies,Binders,GBC Linen Binding Covers,18.588,2,0.7,-13.6312
CA-2014-115791,1/16/2014,Delfina Latchford,Consumer,Philadelphia,Pennsylvania,Office Supplies,Labels,Round Specialty Laser Printer Labels,30.072,3,0.2,10.1493
US-2017-103247,10/05/2017,Phillina Ober,Home Office,New York City,New York,Technology,Phones,Motorola HK250 Universal Bluetooth Headset,160.93,7,0,3.2186
US-2017-103247,10/05/2017,Phillina Ober,Home Office,New York City,New York,Office Supplies,Binders,Tuf-Vin Binders,75.792,3,0.2,25.5798
US-2017-100209,07/09/2017,Tamara Dahlen,Consumer,Portland,Oregon,Office Supplies,Binders,Wilson Jones Easy Flow II Sheet Lifters,1.08,2,0.7,-0.792
CA-2017-159366,01/07/2017,Bart Watters,Corporate,Detroit,Michigan,Technology,Machines,Lexmark MX611dhe Monochrome Laser Printer,3059.982,2,0.1,679.996
CA-2016-145499,5/30/2016,Robert Waldorf,Consumer,Wilmington,North Carolina,Office Supplies,Binders,Angle-D Ring Binders,3.282,2,0.7,-2.6256
CA-2015-157035,12/09/2015,Ken Brennan,Corporate,Columbus,Indiana,Office Supplies,Paper,Xerox 188,34.02,3,0,16.6698
CA-2016-144939,10/03/2016,Emily Burns,Consumer,New York City,New York,Furniture,Chairs,Office Star - Contemporary Task Swivel Chair,599.292,6,0.1,93.2232
CA-2014-163419,11/11/2014,Tracy Zic,Consumer,Louisville,Colorado,Office Supplies,Art,"BIC Brite Liner Grip Highlighters, Assorted, 5/Pack",3.392,1,0.2,0.8056
CA-2014-163419,11/11/2014,Tracy Zic,Consumer,Louisville,Colorado,Technology,Phones,Samsung Galaxy S III - 16GB - pebble blue (T-Mobile),559.984,2,0.2,55.9984
CA-2014-163419,11/11/2014,Tracy Zic,Consumer,Louisville,Colorado,Furniture,Chairs,"Global Airflow Leather Mesh Back Chair, Black",603.92,5,0.2,75.49
CA-2017-100314,9/29/2017,Ann Steele,Home Office,Pasadena,Texas,Office Supplies,Labels,Avery 499,7.968,2,0.2,2.5896
CA-2017-100314,9/29/2017,Ann Steele,Home Office,Pasadena,Texas,Office Supplies,Envelopes,"#10- 4 1/8"" x 9 1/2"" Recycled Envelopes",27.968,4,0.2,9.4392
CA-2017-100314,9/29/2017,Ann Steele,Home Office,Pasadena,Texas,Technology,Machines,Wasp CCD Handheld Bar Code Reader,336.51,3,0.4,44.868
CA-2015-146829,03/10/2015,Toby Swindell,Consumer,Houston,Texas,Office Supplies,Binders,Acco Suede Grain Vinyl Round Ring Binder,1.112,2,0.8,-1.8904
CA-2017-167899,5/21/2017,John Grady,Corporate,Auburn,New York,Furniture,Furnishings,Luxo Professional Magnifying Clamp-On Fluorescent Lamps,520.05,5,0,72.807
CA-2017-167899,5/21/2017,John Grady,Corporate,Auburn,New York,Office Supplies,Art,Bulldog Table or Wall-Mount Pencil Sharpener,17.97,3,0,5.2113
CA-2015-153549,3/29/2015,Sara Luxemburg,Home Office,Jacksonville,Florida,Furniture,Chairs,Hon 4070 Series Pagoda Armless Upholstered Stacking Chairs,1166.92,5,0.2,131.2785
CA-2016-110023,09/09/2016,Troy Staebel,Consumer,New York City,New York,Office Supplies,Binders,Cardinal EasyOpen D-Ring Binders,14.624,2,0.2,5.484
CA-2016-105585,8/26/2016,Roland Fjeld,Consumer,San Jose,California,Office Supplies,Fasteners,Advantus SlideClip Paper Clips,10.23,3,0,4.9104
CA-2016-105585,8/26/2016,Roland Fjeld,Consumer,San Jose,California,Office Supplies,Paper,Xerox 1979,154.9,5,0,69.705
CA-2014-117639,5/21/2014,Mitch Willingham,Corporate,Virginia Beach,Virginia,Office Supplies,Binders,Fellowes PB300 Plastic Comb Binding Machine,2715.93,7,0,1276.4871
CA-2014-117639,5/21/2014,Mitch Willingham,Corporate,Virginia Beach,Virginia,Technology,Phones,Plantronics Voyager Pro Legend,617.97,3,0,173.0316
CA-2015-162537,10/28/2015,Rob Dowd,Consumer,Henderson,Kentucky,Office Supplies,Envelopes,Laser & Ink Jet Business Envelopes,10.67,1,0,4.9082
CA-2015-162537,10/28/2015,Rob Dowd,Consumer,Henderson,Kentucky,Office Supplies,Storage,Portable Personal File Box,36.63,3,0,9.8901
CA-2015-162537,10/28/2015,Rob Dowd,Consumer,Henderson,Kentucky,Furniture,Furnishings,Magna Visual Magnetic Picture Hangers,24.1,5,0,9.158
CA-2015-162537,10/28/2015,Rob Dowd,Consumer,Henderson,Kentucky,Furniture,Furnishings,C-Line Cubicle Keepers Polyproplyene Holder With Velcro Backings,33.11,7,0,12.9129
CA-2016-155488,11/13/2016,Frank Merwin,Home Office,Vancouver,Washington,Office Supplies,Art,Boston 16801 Nautilus Battery Pencil Sharpener,44.02,2,0,11.4452
CA-2015-124891,7/31/2015,Rick Hansen,Consumer,New York City,New York,Technology,Accessories,Plantronics CS510 - Over-the-Head monaural Wireless Headset System,2309.65,7,0,762.1845
CA-2015-124891,7/31/2015,Rick Hansen,Consumer,New York City,New York,Furniture,Tables,"Bevis Round Bullnose 29"" High Table Top",1090.782,7,0.4,-290.8752
CA-2015-124891,7/31/2015,Rick Hansen,Consumer,New York City,New York,Office Supplies,Paper,Xerox 212,19.44,3,0,9.3312
CA-2015-126445,8/27/2015,Ryan Akin,Consumer,Murrieta,California,Office Supplies,Storage,Fellowes Super Stor/Drawer Files,484.65,3,0,92.0835
CA-2015-111199,11/13/2015,Joe Kamberova,Consumer,Jacksonville,North Carolina,Office Supplies,Paper,Xerox 1910,115.296,3,0.2,40.3536
CA-2015-105312,11/06/2015,Meg Tillman,Consumer,Scottsdale,Arizona,Office Supplies,Envelopes,"Redi-Strip #10 Envelopes, 4 1/8 x 9 1/2",7.08,3,0.2,2.478
CA-2015-105312,11/06/2015,Meg Tillman,Consumer,Scottsdale,Arizona,Office Supplies,Binders,UniKeep View Case Binders,4.401,3,0.7,-3.5208
US-2017-106705,12/26/2017,Patrick O'Brill,Consumer,Burlington,Iowa,Office Supplies,Paper,"Recycled Desk Saver Line ""While You Were Out"" Book, 5 1/2"" X 4""",44.75,5,0,20.585
CA-2017-135034,08/01/2017,Annie Thurman,Consumer,Chicago,Illinois,Technology,Phones,JBL Micro Wireless Portable Bluetooth Speaker,95.984,2,0.2,5.999
CA-2014-158540,11/24/2014,Vivek Gonzalez,Consumer,San Diego,California,Furniture,Furnishings,"Eldon Delta Triangular Chair Mat, 52"" x 58"", Clear",151.72,4,0,27.3096
CA-2017-118437,6/17/2017,Philip Fox,Consumer,Olympia,Washington,Furniture,Furnishings,"Howard Miller 13-3/4"" Diameter Brushed Chrome Round Wall Clock",155.25,3,0,46.575
CA-2017-118437,6/17/2017,Philip Fox,Consumer,Olympia,Washington,Office Supplies,Storage,Project Tote Personal File,14.03,1,0,4.0687
US-2015-126214,12/21/2015,John Stevenson,Consumer,Seattle,Washington,Furniture,Tables,Bevis 36 x 72 Conference Tables,1618.37,13,0,356.0414
US-2015-126214,12/21/2015,John Stevenson,Consumer,Seattle,Washington,Technology,Accessories,Enermax Acrylux Wireless Keyboard,99.6,1,0,36.852
CA-2015-133025,9/17/2015,Meg O'Connel,Home Office,Los Angeles,California,Office Supplies,Paper,Xerox 216,32.4,5,0,15.552
CA-2015-108665,07/06/2015,Kalyca Meade,Corporate,New York City,New York,Furniture,Furnishings,G.E. Halogen Desk Lamp Bulbs,13.96,2,0,6.7008
CA-2015-108665,07/06/2015,Kalyca Meade,Corporate,New York City,New York,Furniture,Furnishings,"Howard Miller 11-1/2"" Diameter Ridgewood Wall Clock",155.82,3,0,63.8862
CA-2015-108665,07/06/2015,Kalyca Meade,Corporate,New York City,New York,Technology,Phones,OtterBox Commuter Series Case - Samsung Galaxy S4,124.95,5,0,2.499
CA-2015-108665,07/06/2015,Kalyca Meade,Corporate,New York City,New York,Office Supplies,Storage,Iceberg Mobile Mega Data/Printer Cart ,601.65,5,0,156.429
CA-2015-124450,4/27/2015,Greg Tran,Consumer,Washington,District of Columbia,Office Supplies,Art,Staples in misc. colors,22.74,3,0,8.8686
CA-2015-124450,4/27/2015,Greg Tran,Consumer,Washington,District of Columbia,Furniture,Chairs,Global Comet Stacking Arm Chair,1267.53,3,0,316.8825
CA-2015-124450,4/27/2015,Greg Tran,Consumer,Washington,District of Columbia,Technology,Machines,Cisco SPA525G2 5-Line IP Phone,1379.92,8,0,648.5624
CA-2015-167269,6/16/2015,Philip Brown,Consumer,Philadelphia,Pennsylvania,Office Supplies,Envelopes,Peel & Seel Envelopes,6.208,2,0.2,2.1728
CA-2017-106964,12/17/2017,Hallie Redmond,Home Office,Los Angeles,California,Office Supplies,Binders,GBC Plastic Binding Combs,11.808,2,0.2,4.2804
CA-2016-126529,01/11/2016,Deanra Eno,Home Office,Springfield,Ohio,Office Supplies,Paper,Xerox 2,15.552,3,0.2,5.4432
CA-2016-126529,01/11/2016,Deanra Eno,Home Office,Springfield,Ohio,Office Supplies,Paper,Xerox 1935,63.312,3,0.2,20.5764
CA-2016-126529,01/11/2016,Deanra Eno,Home Office,Springfield,Ohio,Technology,Phones,Cyber Acoustics AC-202b Speech Recognition Stereo Headset,15.588,2,0.4,-9.8724
CA-2014-163552,07/11/2014,Laura Armstrong,Corporate,Hackensack,New Jersey,Office Supplies,Paper,Easy-staple paper,177.2,5,0,83.284
CA-2014-163552,07/11/2014,Laura Armstrong,Corporate,Hackensack,New Jersey,Technology,Phones,Cisco SPA508G,197.97,3,0,57.4113
CA-2014-163552,07/11/2014,Laura Armstrong,Corporate,Hackensack,New Jersey,Furniture,Chairs,Global Commerce Series High-Back Swivel/Tilt Chairs,854.94,3,0,213.735
CA-2014-163552,07/11/2014,Laura Armstrong,Corporate,Hackensack,New Jersey,Furniture,Furnishings,9-3/4 Diameter Round Wall Clock,124.11,9,0,52.1262
CA-2014-163552,07/11/2014,Laura Armstrong,Corporate,Hackensack,New Jersey,Office Supplies,Labels,Avery 514,14.4,5,0,7.056
CA-2016-109820,11/20/2016,Allen Goldenen,Consumer,Cincinnati,Ohio,Office Supplies,Paper,Southworth 25% Cotton Granite Paper & Envelopes,15.696,3,0.2,5.1012
CA-2016-109820,11/20/2016,Allen Goldenen,Consumer,Cincinnati,Ohio,Office Supplies,Binders,Acco 3-Hole Punch,2.628,2,0.7,-1.9272
CA-2016-109820,11/20/2016,Allen Goldenen,Consumer,Cincinnati,Ohio,Office Supplies,Binders,Avery Recycled Flexi-View Covers for Binding Systems,14.427,3,0.7,-10.5798
CA-2016-113061,4/22/2016,Ed Ludwig,Home Office,Jefferson City,Missouri,Furniture,Furnishings,Eldon Advantage Chair Mats for Low to Medium Pile Carpets,86.62,2,0,8.662
CA-2015-127418,6/13/2015,Jennifer Jackson,Consumer,Los Angeles,California,Office Supplies,Binders,Aluminum Screw Posts,36.624,3,0.2,13.734
CA-2017-121818,11/20/2017,Jennifer Halladay,Consumer,Burlington,North Carolina,Office Supplies,Art,Newell 336,23.968,7,0.2,2.6964
CA-2017-121818,11/20/2017,Jennifer Halladay,Consumer,Burlington,North Carolina,Office Supplies,Art,Staples in misc. colors,28.728,3,0.2,1.7955
CA-2016-127670,3/20/2016,Robert Dilbeck,Home Office,Saint Peters,Missouri,Furniture,Tables,Chromcraft Round Conference Tables,697.16,4,0,146.4036
CA-2016-102981,09/06/2016,Mary O'Rourke,Consumer,New York City,New York,Technology,Accessories,Maxell 4.7GB DVD+RW 3/Pack,31.86,2,0,11.151
CA-2016-102981,09/06/2016,Mary O'Rourke,Consumer,New York City,New York,Furniture,Bookcases,"Atlantic Metals Mobile 5-Shelf Bookcases, Custom Colors",722.352,3,0.2,90.294
CA-2017-115651,07/09/2017,Noel Staavos,Corporate,Chicago,Illinois,Office Supplies,Art,"Quartet Alpha White Chalk, 12/Pack",8.84,5,0.2,2.9835
CA-2017-115651,07/09/2017,Noel Staavos,Corporate,Chicago,Illinois,Office Supplies,Appliances,Belkin F9S820V06 8 Outlet Surge,58.464,9,0.8,-146.16
CA-2017-152702,10/12/2017,Steve Nguyen,Home Office,Rockford,Illinois,Furniture,Chairs,"Global Stack Chair without Arms, Black",254.604,14,0.3,-18.186
CA-2016-169103,03/08/2016,Zuschuss Carroll,Consumer,Miami,Florida,Technology,Phones,Cisco Unified IP Phone 7945G VoIP phone,1363.96,5,0.2,85.2475
CA-2016-169103,03/08/2016,Zuschuss Carroll,Consumer,Miami,Florida,Furniture,Furnishings,"Deflect-o DuraMat Lighweight, Studded, Beveled Mat for Low Pile Carpeting",102.36,3,0.2,-3.8385
CA-2014-139192,5/27/2014,Lena Creighton,Consumer,San Francisco,California,Technology,Phones,Plantronics HL10 Handset Lifter,1113.504,12,0.2,125.2692
CA-2014-139192,5/27/2014,Lena Creighton,Consumer,San Francisco,California,Technology,Accessories,Logitech Wireless Performance Mouse MX for PC and Mac,99.99,1,0,37.9962
US-2015-153500,07/03/2015,Deirdre Greer,Corporate,Philadelphia,Pennsylvania,Furniture,Furnishings,Eldon Antistatic Chair Mats for Low to Medium Pile Carpets,168.464,2,0.2,-29.4812
US-2015-153500,07/03/2015,Deirdre Greer,Corporate,Philadelphia,Pennsylvania,Office Supplies,Paper,"Important Message Pads, 50 4-1/4 x 5-1/2 Forms per Pad",6.72,2,0.2,2.436
US-2015-153500,07/03/2015,Deirdre Greer,Corporate,Philadelphia,Pennsylvania,Furniture,Furnishings,"Howard Miller 12"" Round Wall Clock",282.888,9,0.2,56.5776
CA-2015-110667,04/04/2015,Nicole Fjeld,Home Office,New York City,New York,Office Supplies,Art,DIXON Ticonderoga Erasable Checking Pencils,11.16,2,0,4.3524
CA-2015-110667,04/04/2015,Nicole Fjeld,Home Office,New York City,New York,Furniture,Furnishings,Eldon Advantage Foldable Chair Mats for Low Pile Carpets,108.4,2,0,22.764
CA-2015-110667,04/04/2015,Nicole Fjeld,Home Office,New York City,New York,Office Supplies,Binders,GBC Prestige Therm-A-Bind Covers,82.344,3,0.2,27.7911
CA-2015-110667,04/04/2015,Nicole Fjeld,Home Office,New York City,New York,Office Supplies,Binders,Avery Round Ring Poly Binders,9.088,4,0.2,3.2944
CA-2017-167150,12/10/2017,Ben Peterman,Corporate,San Diego,California,Office Supplies,Binders,Avery Hole Reinforcements,19.936,4,0.2,7.2268
CA-2017-167150,12/10/2017,Ben Peterman,Corporate,San Diego,California,Office Supplies,Binders,"Wilson Jones Ledger-Size, Piano-Hinge Binder, 2"", Blue",65.568,2,0.2,22.9488
CA-2016-105284,11/24/2016,Matthew Grinstein,Home Office,Philadelphia,Pennsylvania,Office Supplies,Fasteners,Stockwell Gold Paper Clips,4.416,3,0.2,1.6008
US-2015-125374,3/23/2015,Julia Dunbar,Consumer,Houston,Texas,Furniture,Chairs,Global Deluxe Steno Chair,107.772,2,0.3,-29.2524
CA-2015-161263,4/16/2015,Theresa Swint,Corporate,Toledo,Ohio,Office Supplies,Appliances,Belkin F9H710-06 7 Outlet SurgeMaster Surge Protector,45.216,3,0.2,4.5216
CA-2015-161263,4/16/2015,Theresa Swint,Corporate,Toledo,Ohio,Office Supplies,Fasteners,"Super Bands, 12/Pack",10.416,7,0.2,-2.2134
CA-2015-161263,4/16/2015,Theresa Swint,Corporate,Toledo,Ohio,Office Supplies,Art,Crayola Colored Pencils,7.872,3,0.2,1.2792
CA-2015-161263,4/16/2015,Theresa Swint,Corporate,Toledo,Ohio,Technology,Phones,Plantronics 81402,118.782,3,0.4,-27.7158
CA-2015-161263,4/16/2015,Theresa Swint,Corporate,Toledo,Ohio,Office Supplies,Fasteners,Assorted Color Push Pins,1.448,1,0.2,0.2353
CA-2015-161263,4/16/2015,Theresa Swint,Corporate,Toledo,Ohio,Office Supplies,Binders,"GBC Velobind Prepunched Cover Sets, Regency Series",55.47,5,0.7,-46.225
CA-2016-157686,10/01/2016,Brian DeCherney,Consumer,San Francisco,California,Furniture,Chairs,"Global Value Mid-Back Manager's Chair, Gray",194.848,4,0.2,12.178
US-2017-139955,9/28/2017,Charles McCrossin,Consumer,Brownsville,Texas,Office Supplies,Supplies,Staple remover,1.744,1,0.2,-0.3488
US-2015-150161,7/25/2015,Ross Baird,Home Office,Philadelphia,Pennsylvania,Office Supplies,Binders,GBC Premium Transparent Covers with Diagonal Lined Pattern,25.176,4,0.7,-18.4624
CA-2015-144652,11/20/2015,Skye Norling,Home Office,Los Angeles,California,Office Supplies,Art,Newell 333,19.46,7,0,5.0596
CA-2016-152814,4/28/2016,Erica Hernandez,Home Office,Denver,Colorado,Office Supplies,Paper,Xerox 1881,29.472,3,0.2,9.9468
CA-2017-106943,11/14/2017,Frank Olsen,Consumer,New York City,New York,Office Supplies,Binders,3M Organizer Strips,8.64,2,0.2,3.024
CA-2016-134348,11/12/2016,Maurice Satty,Consumer,Mesa,Arizona,Office Supplies,Binders,Avery Durable Slant Ring Binders With Label Holder,6.27,5,0.7,-4.598
CA-2016-134348,11/12/2016,Maurice Satty,Consumer,Mesa,Arizona,Office Supplies,Binders,Round Ring Binders,4.368,7,0.7,-3.3488
CA-2016-134348,11/12/2016,Maurice Satty,Consumer,Mesa,Arizona,Technology,Accessories,Micropad Numeric Keypads,31.984,2,0.2,1.999
CA-2016-161781,9/29/2016,Chad Cunningham,Home Office,Columbus,Indiana,Office Supplies,Art,Newell 328,40.88,7,0,10.6288
CA-2017-132521,9/23/2017,Don Weiss,Consumer,Seattle,Washington,Office Supplies,Appliances,Belkin 8 Outlet SurgeMaster II Gold Surge Protector,119.96,2,0,33.5888
CA-2017-132521,9/23/2017,Don Weiss,Consumer,Seattle,Washington,Office Supplies,Storage,Sterilite Officeware Hinged File Box,31.44,3,0,8.4888
CA-2017-132521,9/23/2017,Don Weiss,Consumer,Seattle,Washington,Office Supplies,Binders,Avery Printable Repositionable Plastic Tabs,6.88,1,0.2,2.322
CA-2015-110016,11/29/2015,Bill Tyler,Corporate,Detroit,Michigan,Office Supplies,Paper,Easy-staple paper,19.92,4,0,9.3624
CA-2015-110016,11/29/2015,Bill Tyler,Corporate,Detroit,Michigan,Furniture,Chairs,"Global High-Back Leather Tilter, Burgundy",1106.91,9,0,121.7601
US-2016-143819,03/01/2016,Karen Daniels,Consumer,Yonkers,New York,Furniture,Tables,Chromcraft Round Conference Tables,836.592,8,0.4,-264.9208
US-2016-143819,03/01/2016,Karen Daniels,Consumer,Yonkers,New York,Office Supplies,Paper,Easy-staple paper,26.38,1,0,12.1348
US-2016-143819,03/01/2016,Karen Daniels,Consumer,Yonkers,New York,Office Supplies,Storage,Adjustable Depth Letter/Legal Cart,362.92,2,0,105.2468
US-2016-143819,03/01/2016,Karen Daniels,Consumer,Yonkers,New York,Technology,Machines,Ativa V4110MDD Micro-Cut Shredder,4899.93,7,0,2400.9657
CA-2016-167584,08/12/2016,Lena Cacioppo,Consumer,Des Moines,Iowa,Office Supplies,Paper,Xerox 224,6.48,1,0,3.1104
CA-2016-166163,8/15/2016,Craig Yedwab,Corporate,Oakland,California,Technology,Phones,Nokia Lumia 521 (T-Mobile),71.976,3,0.2,7.1976
CA-2016-166163,8/15/2016,Craig Yedwab,Corporate,Oakland,California,Office Supplies,Labels,Avery 488,3.15,1,0,1.512
CA-2017-158407,06/04/2017,Lindsay Williams,Corporate,Monroe,North Carolina,Furniture,Furnishings,Telescoping Adjustable Floor Lamp,31.984,2,0.2,1.999
CA-2017-158407,06/04/2017,Lindsay Williams,Corporate,Monroe,North Carolina,Technology,Phones,Innergie mMini Combo Duo USB Travel Charging Kit,71.984,2,0.2,25.1944
CA-2015-143490,12/06/2015,Naresj Patel,Consumer,San Diego,California,Office Supplies,Art,Stanley Contemporary Battery Pencil Sharpeners,120.15,9,0,33.642
CA-2015-143490,12/06/2015,Naresj Patel,Consumer,San Diego,California,Technology,Phones,AT&T 1080 Corded phone,219.184,2,0.2,19.1786
CA-2015-165085,12/27/2015,Brad Thomas,Home Office,Clinton,Maryland,Office Supplies,Paper,Xerox 1950,28.9,5,0,14.161
CA-2015-165085,12/27/2015,Brad Thomas,Home Office,Clinton,Maryland,Office Supplies,Appliances,Kensington 7 Outlet MasterPiece Power Center,355.96,2,0,103.2284
CA-2017-160423,1/21/2017,Penelope Sewall,Home Office,Charlotte,North Carolina,Office Supplies,Storage,"Fellowes Mobile File Cart, Black",348.208,7,0.2,30.4682
CA-2017-160423,1/21/2017,Penelope Sewall,Home Office,Charlotte,North Carolina,Office Supplies,Binders,GBC Recycled VeloBinder Covers,35.784,7,0.7,-28.6272
CA-2014-159338,6/25/2014,Noel Staavos,Corporate,Los Angeles,California,Furniture,Tables,Hon 4060 Series Tables,447.84,5,0.2,11.196
CA-2016-107216,6/14/2016,Paul Van Hugh,Home Office,San Francisco,California,Office Supplies,Art,Newell 326,7.04,4,0,2.0416
CA-2016-107216,6/14/2016,Paul Van Hugh,Home Office,San Francisco,California,Furniture,Furnishings,"GE General Purpose, Extra Long Life, Showcase & Floodlight Incandescent Bulbs",8.73,3,0,4.1031
CA-2016-107216,6/14/2016,Paul Van Hugh,Home Office,San Francisco,California,Technology,Accessories,Logitech ClearChat Comfort/USB Headset H390,29.29,1,0,9.6657
CA-2016-107216,6/14/2016,Paul Van Hugh,Home Office,San Francisco,California,Office Supplies,Art,Newell 346,8.64,3,0,2.5056
US-2017-145863,4/21/2017,Resi Pölking,Consumer,Houston,Texas,Office Supplies,Binders,Avery Non-Stick Binders,2.694,3,0.8,-4.7145
US-2017-145863,4/21/2017,Resi Pölking,Consumer,Houston,Texas,Office Supplies,Binders,UniKeep View Case Binders,2.934,3,0.8,-4.9878
CA-2016-112340,10/21/2016,Neoma Murray,Consumer,Riverside,California,Office Supplies,Paper,"Rediform Wirebound ""Phone Memo"" Message Book, 11 x 5-3/4",22.92,3,0,11.2308
US-2016-110156,11/19/2016,Eric Hoffmann,Consumer,Houston,Texas,Office Supplies,Storage,"Tennsco Lockers, Gray",100.704,6,0.2,-16.3644
US-2016-110156,11/19/2016,Eric Hoffmann,Consumer,Houston,Texas,Furniture,Furnishings,"GE General Purpose, Extra Long Life, Showcase & Floodlight Incandescent Bulbs",2.328,2,0.6,-0.7566
US-2016-110156,11/19/2016,Eric Hoffmann,Consumer,Houston,Texas,Office Supplies,Binders,"GBC Standard Recycled Report Covers, Clear Plastic Sheets",10.78,5,0.8,-17.248
US-2016-110156,11/19/2016,Eric Hoffmann,Consumer,Houston,Texas,Office Supplies,Fasteners,Staples,58.368,12,0.2,21.888
US-2016-110156,11/19/2016,Eric Hoffmann,Consumer,Houston,Texas,Office Supplies,Envelopes,"Recycled Interoffice Envelopes with Re-Use-A-Seal Closure, 10 x 13",40.968,3,0.2,13.8267
US-2016-110156,11/19/2016,Eric Hoffmann,Consumer,Houston,Texas,Technology,Phones,invisibleSHIELD by ZAGG Smudge-Free Screen Protector,71.96,5,0.2,25.186
US-2016-110156,11/19/2016,Eric Hoffmann,Consumer,Houston,Texas,Office Supplies,Paper,Xerox 1905,10.368,2,0.2,3.6288
US-2016-110156,11/19/2016,Eric Hoffmann,Consumer,Houston,Texas,Office Supplies,Binders,Avery Hidden Tab Dividers for Binding Systems,1.192,2,0.8,-2.0264
CA-2017-140585,12/18/2017,Russell Applegate,Consumer,Encinitas,California,Office Supplies,Binders,Binding Machine Supplies,46.672,2,0.2,16.3352
CA-2017-140585,12/18/2017,Russell Applegate,Consumer,Encinitas,California,Furniture,Bookcases,"Bush Saratoga Collection 5-Shelf Bookcase, Hanover Cherry, *Special Order",119.833,1,0.15,-12.6882
CA-2017-140585,12/18/2017,Russell Applegate,Consumer,Encinitas,California,Technology,Accessories,Logitech Illuminated - Keyboard,119.98,2,0,57.5904
CA-2016-144855,7/22/2016,Dionis Lloyd,Corporate,San Francisco,California,Office Supplies,Labels,Self-Adhesive Removable Labels,6.3,2,0,3.024
CA-2015-142755,09/04/2015,Christine Sundaresam,Consumer,Roswell,Georgia,Office Supplies,Paper,Xerox 1908,279.9,5,0,137.151
CA-2015-142755,09/04/2015,Christine Sundaresam,Consumer,Roswell,Georgia,Technology,Accessories,Logitech G19 Programmable Gaming Keyboard,619.95,5,0,111.591
CA-2015-142755,09/04/2015,Christine Sundaresam,Consumer,Roswell,Georgia,Office Supplies,Paper,"Ampad Evidence Wirebond Steno Books, 6"" x 9""",4.36,2,0,2.0492
CA-2015-142755,09/04/2015,Christine Sundaresam,Consumer,Roswell,Georgia,Office Supplies,Envelopes,Security-Tint Envelopes,15.28,2,0,7.4872
US-2014-147627,1/20/2014,Hunter Lopez,Consumer,Jonesboro,Arkansas,Technology,Phones,Apple iPhone 5C,699.93,7,0,181.9818
US-2014-147627,1/20/2014,Hunter Lopez,Consumer,Jonesboro,Arkansas,Office Supplies,Art,Newell 351,22.96,7,0,6.6584
US-2014-147627,1/20/2014,Hunter Lopez,Consumer,Jonesboro,Arkansas,Furniture,Furnishings,"Eldon Expressions Desk Accessory, Wood Pencil Holder, Oak",38.6,4,0,11.58
US-2014-147627,1/20/2014,Hunter Lopez,Consumer,Jonesboro,Arkansas,Office Supplies,Art,Newell 327,6.63,3,0,1.7901
US-2014-147627,1/20/2014,Hunter Lopez,Consumer,Jonesboro,Arkansas,Office Supplies,Envelopes,Staple envelope,23.34,3,0,10.9698
US-2014-147627,1/20/2014,Hunter Lopez,Consumer,Jonesboro,Arkansas,Furniture,Chairs,Hon 4700 Series Mobuis Mid-Back Task Chairs with Adjustable Arms,1067.94,3,0,224.2674
CA-2015-105970,03/02/2015,Pete Armstrong,Home Office,Richmond,Indiana,Office Supplies,Art,50 Colored Long Pencils,10.16,1,0,2.6416
CA-2015-105970,03/02/2015,Pete Armstrong,Home Office,Richmond,Indiana,Office Supplies,Envelopes,Brown Kraft Recycled Envelopes,101.88,6,0,50.94
CA-2016-112102,04/12/2016,Brian Dahlen,Consumer,Springfield,Virginia,Furniture,Tables,KI Adjustable-Height Table,343.92,4,0,75.6624
CA-2016-112102,04/12/2016,Brian Dahlen,Consumer,Springfield,Virginia,Office Supplies,Paper,Xerox 1945,40.99,1,0,20.0851
CA-2016-112102,04/12/2016,Brian Dahlen,Consumer,Springfield,Virginia,Office Supplies,Envelopes,Globe Weis Peel & Seel First Class Envelopes,63.9,5,0,28.755
US-2016-114776,12/06/2016,Greg Guthrie,Corporate,Antioch,California,Office Supplies,Paper,Xerox 216,19.44,3,0,9.3312
US-2016-134908,06/05/2016,Joni Sundaresam,Home Office,Philadelphia,Pennsylvania,Office Supplies,Storage,"Eldon Base for stackable storage shelf, platinum",124.608,4,0.2,-23.364
US-2016-134908,06/05/2016,Joni Sundaresam,Home Office,Philadelphia,Pennsylvania,Office Supplies,Labels,Avery 502,7.56,3,0.2,2.646
US-2016-148803,12/11/2016,Lena Radford,Consumer,Homestead,Florida,Office Supplies,Storage,Steel Personal Filing/Posting Tote,85.224,3,0.2,7.4571
CA-2016-152170,11/12/2016,Frank Hawley,Corporate,La Porte,Indiana,Office Supplies,Envelopes,"Tyvek  Top-Opening Peel & Seel  Envelopes, Gray",287.52,8,0,129.384
CA-2016-152170,11/12/2016,Frank Hawley,Corporate,La Porte,Indiana,Office Supplies,Appliances,Belkin F9H710-06 7 Outlet SurgeMaster Surge Protector,37.68,2,0,10.5504
CA-2016-152170,11/12/2016,Frank Hawley,Corporate,La Porte,Indiana,Office Supplies,Paper,Xerox 1896,19.98,2,0,8.991
CA-2016-152170,11/12/2016,Frank Hawley,Corporate,La Porte,Indiana,Office Supplies,Art,Newell 332,20.58,7,0,5.5566
CA-2016-152170,11/12/2016,Frank Hawley,Corporate,La Porte,Indiana,Office Supplies,Binders,Cardinal Slant-D Ring Binders,17.38,2,0,8.69
CA-2014-146969,9/29/2014,Arthur Prichep,Consumer,Los Angeles,California,Furniture,Furnishings,Luxo Professional Combination Clamp-On Lamps,204.6,2,0,53.196
CA-2014-146969,9/29/2014,Arthur Prichep,Consumer,Los Angeles,California,Office Supplies,Fasteners,Stockwell Push Pins,8.72,4,0,2.8776
CA-2014-146969,9/29/2014,Arthur Prichep,Consumer,Los Angeles,California,Office Supplies,Paper,Xerox 223,6.48,1,0,3.1104
CA-2014-146969,9/29/2014,Arthur Prichep,Consumer,Los Angeles,California,Technology,Machines,Star Micronics TSP800 TSP847IIU Receipt Printer,686.32,2,0.2,223.054
CA-2014-146969,9/29/2014,Arthur Prichep,Consumer,Los Angeles,California,Office Supplies,Storage,"Fellowes Mobile File Cart, Black",62.18,1,0,16.7886
CA-2015-112452,04/04/2015,Nat Carroll,Consumer,Lansing,Michigan,Office Supplies,Appliances,Hoover Shoulder Vac Commercial Portable Vacuum,644.076,2,0.1,107.346
CA-2015-112452,04/04/2015,Nat Carroll,Consumer,Lansing,Michigan,Office Supplies,Fasteners,Staples,5.84,2,0,2.628
CA-2015-112452,04/04/2015,Nat Carroll,Consumer,Lansing,Michigan,Office Supplies,Binders,Acco Expandable Hanging Binders,12.76,2,0,5.8696
CA-2015-112452,04/04/2015,Nat Carroll,Consumer,Lansing,Michigan,Technology,Phones,Shocksock Galaxy S4 Armband,10.95,1,0,0.438
CA-2015-112452,04/04/2015,Nat Carroll,Consumer,Lansing,Michigan,Technology,Copiers,Brother DCP1000 Digital 3 in 1 Multifunction Machine,599.98,2,0,209.993
CA-2015-113971,05/08/2015,Claudia Bergmann,Corporate,Cuyahoga Falls,Ohio,Furniture,Furnishings,"Eldon Regeneration Recycled Desk Accessories, Smoke",8.352,6,0.2,1.2528
CA-2017-160395,12/31/2016,Kelly Lampkin,Corporate,Reno,Nevada,Office Supplies,Art,"Crayola Anti Dust Chalk, 12/Pack",3.64,2,0,1.638
CA-2017-160395,12/31/2016,Kelly Lampkin,Corporate,Reno,Nevada,Office Supplies,Binders,Lock-Up Easel 'Spel-Binder',159.768,7,0.2,53.9217
CA-2014-136567,12/20/2014,Penelope Sewall,Home Office,Harrisonburg,Virginia,Office Supplies,Storage,"SAFCO Commercial Wire Shelving, 72h",122.48,2,0,0
CA-2014-136567,12/20/2014,Penelope Sewall,Home Office,Harrisonburg,Virginia,Furniture,Tables,"Chromcraft 48"" x 96"" Racetrack Double Pedestal Table",2244.48,7,0,493.7856
CA-2014-136567,12/20/2014,Penelope Sewall,Home Office,Harrisonburg,Virginia,Office Supplies,Binders,Wilson Jones Century Plastic Molded Ring Binders,62.31,3,0,29.2857
CA-2014-136567,12/20/2014,Penelope Sewall,Home Office,Harrisonburg,Virginia,Furniture,Tables,"Hon Practical Foundations 30 x 60 Training Table, Light Gray/Charcoal",455.1,2,0,100.122
CA-2016-149314,07/02/2016,George Bell,Corporate,Los Angeles,California,Furniture,Chairs,Hon Deluxe Fabric Upholstered Stacking Chairs,195.184,1,0.2,19.5184
CA-2017-147039,6/29/2017,Alex Avila,Consumer,Minneapolis,Minnesota,Office Supplies,Appliances,"Belkin 325VA UPS Surge Protector, 6'",362.94,3,0,90.735
CA-2017-147039,6/29/2017,Alex Avila,Consumer,Minneapolis,Minnesota,Office Supplies,Binders,Avery Binding System Hidden Tab Executive Style Index Sets,11.54,2,0,5.77
CA-2014-126522,09/01/2014,Larry Tron,Consumer,Escondido,California,Office Supplies,Art,"BOSTON Model 1800 Electric Pencil Sharpeners, Putty/Woodgrain",53.94,3,0,15.6426
CA-2014-127964,03/03/2014,Anne Pryor,Home Office,New York City,New York,Technology,Phones,PowerGen Dual USB Car Charger,9.99,1,0,4.5954
CA-2014-127964,03/03/2014,Anne Pryor,Home Office,New York City,New York,Office Supplies,Binders,Ibico Laser Imprintable Binding System Covers,125.76,3,0.2,40.872
CA-2014-127964,03/03/2014,Anne Pryor,Home Office,New York City,New York,Office Supplies,Binders,"Cardinal HOLDit! Binder Insert Strips,Extra Strips",25.32,5,0.2,9.1785
CA-2014-117709,05/04/2014,Paul MacIntyre,Consumer,Jackson,Michigan,Office Supplies,Binders,Fellowes Binding Cases,46.8,4,0,21.06
CA-2015-125416,11/02/2015,Kelly Collister,Consumer,Seattle,Washington,Technology,Accessories,Logitech K350 2.4Ghz Wireless Keyboard,447.93,9,0,49.2723
CA-2017-145226,12/08/2017,Delfina Latchford,Consumer,New York City,New York,Furniture,Furnishings,"C-Line Cubicle Keepers Polyproplyene Holder w/Velcro Back, 8-1/2x11, 25/Bx",109.48,2,0,33.9388
CA-2017-145226,12/08/2017,Delfina Latchford,Consumer,New York City,New York,Office Supplies,Storage,Safco Industrial Wire Shelving System,272.94,3,0,0
CA-2017-145226,12/08/2017,Delfina Latchford,Consumer,New York City,New York,Office Supplies,Paper,Xerox 1996,19.44,3,0,9.3312
CA-2017-145226,12/08/2017,Delfina Latchford,Consumer,New York City,New York,Office Supplies,Storage,Iris Project Case,31.92,4,0,8.2992
US-2014-100279,03/10/2014,Scott Williamson,Consumer,Royal Oak,Michigan,Office Supplies,Paper,"Geographics Note Cards, Blank, White, 8 1/2"" x 11""",22.38,2,0,10.7424
CA-2014-158064,4/21/2014,Allen Armold,Consumer,Los Angeles,California,Office Supplies,Binders,ACCOHIDE Binder by Acco,16.52,5,0.2,5.5755
US-2015-104430,10/22/2015,Liz Thompson,Consumer,Bloomington,Illinois,Office Supplies,Binders,GBC Instant Report Kit,5.176,4,0.8,-7.764
CA-2015-132080,8/22/2015,Dave Poirier,Corporate,New York City,New York,Office Supplies,Binders,"Avery 3 1/2"" Diskette Storage Pages, 10/Pack",50.112,6,0.2,16.2864
CA-2016-161207,8/29/2016,Adam Bellavance,Home Office,Concord,New Hampshire,Office Supplies,Supplies,Acme Forged Steel Scissors with Black Enamel Handles,27.93,3,0,8.0997
CA-2014-120243,12/27/2014,Alyssa Tate,Home Office,Los Angeles,California,Office Supplies,Labels,Staple-on labels,11.56,4,0,5.4332
CA-2016-113621,12/01/2016,Joel Eaton,Consumer,Rockville,Maryland,Furniture,Chairs,Harbour Creations Steel Folding Chair,172.5,2,0,51.75
CA-2016-113621,12/01/2016,Joel Eaton,Consumer,Rockville,Maryland,Technology,Phones,JBL Micro Wireless Portable Bluetooth Speaker,179.97,3,0,44.9925
CA-2016-168081,4/24/2016,Cathy Armstrong,Home Office,Houston,Texas,Technology,Accessories,Plantronics S12 Corded Telephone Headset System,258.696,3,0.2,64.674
CA-2014-128146,6/21/2014,Dave Brooks,Consumer,Lakewood,New Jersey,Technology,Phones,Wireless Extenders zBoost YX545 SOHO Signal Booster,1322.93,7,0,357.1911
CA-2014-128146,6/21/2014,Dave Brooks,Consumer,Lakewood,New Jersey,Office Supplies,Art,"OIC #2 Pencils, Medium Soft",3.76,2,0,1.0904
CA-2017-138779,1/14/2017,Rob Beeghly,Consumer,Jacksonville,North Carolina,Office Supplies,Envelopes,"Tyvek  Top-Opening Peel & Seel Envelopes, Plain White",21.744,1,0.2,7.3386
CA-2017-138779,1/14/2017,Rob Beeghly,Consumer,Jacksonville,North Carolina,Technology,Phones,Sannysis Cute Owl Design Soft Skin Case Cover for Samsung Galaxy S4,7.92,5,0.2,0.693
CA-2014-127131,11/24/2014,Harold Ryan,Corporate,Seattle,Washington,Office Supplies,Binders,Peel & Stick Add-On Corner Pockets,12.096,7,0.2,4.2336
CA-2014-127131,11/24/2014,Harold Ryan,Corporate,Seattle,Washington,Office Supplies,Storage,"Carina 42""Hx23 3/4""W Media Storage Unit",485.88,6,0,9.7176
CA-2014-127131,11/24/2014,Harold Ryan,Corporate,Seattle,Washington,Office Supplies,Paper,Xerox 220,25.92,4,0,12.4416
CA-2014-127131,11/24/2014,Harold Ryan,Corporate,Seattle,Washington,Office Supplies,Storage,"Recycled Data-Pak for Archival Bound Computer Printouts, 12-1/2 x 12-1/2 x 16",197.58,2,0,53.3466
CA-2017-117212,2/26/2017,Bradley Talbott,Home Office,Los Angeles,California,Office Supplies,Appliances,Kensington 6 Outlet Guardian Standard Surge Protector,81.92,4,0,22.1184
CA-2017-117212,2/26/2017,Bradley Talbott,Home Office,Los Angeles,California,Technology,Phones,Toshiba IPT2010-SD IP Telephone,889.536,8,0.2,66.7152
CA-2017-117212,2/26/2017,Bradley Talbott,Home Office,Los Angeles,California,Furniture,Chairs,GuestStacker Chair with Chrome Finish Legs,892.224,3,0.2,89.2224
CA-2017-117212,2/26/2017,Bradley Talbott,Home Office,Los Angeles,California,Office Supplies,Paper,Xerox 1908,223.92,4,0,109.7208
CA-2017-117212,2/26/2017,Bradley Talbott,Home Office,Los Angeles,California,Office Supplies,Paper,Xerox 1924,23.12,4,0,11.3288
US-2015-130519,9/15/2015,Nat Gilpin,Corporate,Coral Springs,Florida,Office Supplies,Paper,Xerox 21,15.552,3,0.2,5.4432
US-2015-130519,9/15/2015,Nat Gilpin,Corporate,Coral Springs,Florida,Furniture,Furnishings,Ultra Door Push Plate,15.712,4,0.2,2.5532
US-2015-130519,9/15/2015,Nat Gilpin,Corporate,Coral Springs,Florida,Office Supplies,Storage,"Decoflex Hanging Personal Folder File, Blue",24.672,2,0.2,2.1588
US-2015-130519,9/15/2015,Nat Gilpin,Corporate,Coral Springs,Florida,Furniture,Furnishings,"Tenex ""The Solids"" Textured Chair Mats",55.968,1,0.2,-2.0988
CA-2016-130946,04/08/2016,Zuschuss Carroll,Consumer,Houston,Texas,Technology,Accessories,Kensington Orbit Wireless Mobile Trackball for PC and Mac,431.928,9,0.2,64.7892
CA-2016-130946,04/08/2016,Zuschuss Carroll,Consumer,Houston,Texas,Furniture,Chairs,Global Chrome Stack Chair,95.984,4,0.3,-4.1136
CA-2016-130946,04/08/2016,Zuschuss Carroll,Consumer,Houston,Texas,Office Supplies,Binders,GBC DocuBind P400 Electric Binding System,1088.792,4,0.8,-1850.9464
CA-2016-114727,7/18/2016,Linda Southworth,Corporate,Denver,Colorado,Furniture,Chairs,Hon GuestStacker Chair,544.008,3,0.2,40.8006
CA-2016-114727,7/18/2016,Linda Southworth,Corporate,Denver,Colorado,Office Supplies,Binders,Round Ring Binders,1.872,3,0.7,-1.4352
CA-2016-114727,7/18/2016,Linda Southworth,Corporate,Denver,Colorado,Furniture,Chairs,Hon 4700 Series Mobuis Mid-Back Task Chairs with Adjustable Arms,854.352,3,0.2,10.6794
CA-2016-114727,7/18/2016,Linda Southworth,Corporate,Denver,Colorado,Office Supplies,Storage,"Sauder Facets Collection Locker/File Cabinet, Sky Alder Finish",593.568,2,0.2,0
CA-2016-114727,7/18/2016,Linda Southworth,Corporate,Denver,Colorado,Office Supplies,Storage,"Fellowes Strictly Business Drawer File, Letter/Legal Size",338.04,3,0.2,-33.804
CA-2017-133235,08/01/2017,Larry Hughes,Consumer,Charlotte,North Carolina,Technology,Phones,Nortel Networks T7316 E Nt8 B27,271.96,5,0.2,16.9975
CA-2016-137050,7/14/2016,Steven Ward,Corporate,New York City,New York,Office Supplies,Storage,"Personal Folder Holder, Ebony",11.21,1,0,3.363
CA-2016-137050,7/14/2016,Steven Ward,Corporate,New York City,New York,Office Supplies,Binders,Acco Hanging Data Binders,9.144,3,0.2,3.2004
CA-2016-137050,7/14/2016,Steven Ward,Corporate,New York City,New York,Office Supplies,Fasteners,Ideal Clamps,14.07,7,0,6.8943
CA-2016-137050,7/14/2016,Steven Ward,Corporate,New York City,New York,Office Supplies,Art,Newell 315,41.86,7,0,10.465
CA-2016-137050,7/14/2016,Steven Ward,Corporate,New York City,New York,Office Supplies,Binders,Pressboard Data Binders by Wilson Jones,8.544,2,0.2,2.8836
CA-2016-137050,7/14/2016,Steven Ward,Corporate,New York City,New York,Furniture,Bookcases,O'Sullivan 2-Door Barrister Bookcase in Odessa Pine,579.136,4,0.2,21.7176
US-2017-118087,09/09/2017,Stefania Perrino,Corporate,Philadelphia,Pennsylvania,Furniture,Chairs,Global Low Back Tilter Chair,141.372,2,0.3,-48.4704
US-2017-118087,09/09/2017,Stefania Perrino,Corporate,Philadelphia,Pennsylvania,Office Supplies,Binders,Wilson Jones Standard D-Ring Binders,3.036,2,0.7,-2.3276
US-2017-118087,09/09/2017,Stefania Perrino,Corporate,Philadelphia,Pennsylvania,Office Supplies,Binders,"GBC Prepunched Paper, 19-Hole, for Binding Systems, 24-lb",4.503,1,0.7,-3.6024
US-2017-118087,09/09/2017,Stefania Perrino,Corporate,Philadelphia,Pennsylvania,Office Supplies,Art,"Quartet Omega Colored Chalk, 12/Pack",4.672,1,0.2,1.5768
US-2017-118087,09/09/2017,Stefania Perrino,Corporate,Philadelphia,Pennsylvania,Technology,Accessories,Microsoft Sculpt Comfort Mouse,95.88,3,0.2,28.764
US-2017-118087,09/09/2017,Stefania Perrino,Corporate,Philadelphia,Pennsylvania,Furniture,Furnishings,"Eldon Expressions Punched Metal & Wood Desk Accessories, Pewter & Cherry",17.024,2,0.2,1.7024
US-2017-118087,09/09/2017,Stefania Perrino,Corporate,Philadelphia,Pennsylvania,Technology,Accessories,Plantronics S12 Corded Telephone Headset System,258.696,3,0.2,64.674
US-2017-118087,09/09/2017,Stefania Perrino,Corporate,Philadelphia,Pennsylvania,Technology,Phones,Samsung Galaxy Note 2,1931.958,7,0.4,-386.3916
CA-2014-110184,07/12/2014,Ben Ferrer,Home Office,Los Angeles,California,Office Supplies,Storage,Fellowes Super Stor/Drawer,249.75,9,0,44.955
CA-2014-110184,07/12/2014,Ben Ferrer,Home Office,Los Angeles,California,Technology,Phones,GE DSL Phone Line Filter,255.936,8,0.2,28.7928
CA-2016-126004,12/04/2016,Becky Martin,Consumer,New York City,New York,Furniture,Furnishings,"Eldon Delta Triangular Chair Mat, 52"" x 58"", Clear",113.79,3,0,20.4822
CA-2016-126004,12/04/2016,Becky Martin,Consumer,New York City,New York,Technology,Accessories,Enermax Aurora Lite Keyboard,78.15,1,0,34.386
CA-2016-126004,12/04/2016,Becky Martin,Consumer,New York City,New York,Office Supplies,Binders,Peel & Stick Add-On Corner Pockets,1.728,1,0.2,0.6048
CA-2016-126004,12/04/2016,Becky Martin,Consumer,New York City,New York,Office Supplies,Paper,Easy-staple paper,40.56,4,0,19.8744
CA-2016-126004,12/04/2016,Becky Martin,Consumer,New York City,New York,Office Supplies,Storage,Carina Media Storage Towers in Natural & Black,182.94,3,0,3.6588
CA-2016-126004,12/04/2016,Becky Martin,Consumer,New York City,New York,Office Supplies,Storage,Fellowes Econo/Stor Drawers,193.86,2,0,11.6316
CA-2017-100013,11/06/2017,Zuschuss Carroll,Consumer,Los Angeles,California,Office Supplies,Envelopes,"#10- 4 1/8"" x 9 1/2"" Security-Tint Envelopes",15.28,2,0,7.4872
CA-2017-100013,11/06/2017,Zuschuss Carroll,Consumer,Los Angeles,California,Furniture,Furnishings,Dax Clear Box Frame,8.73,1,0,2.9682
CA-2017-100013,11/06/2017,Zuschuss Carroll,Consumer,Los Angeles,California,Office Supplies,Art,SANFORD Liquid Accent Tank-Style Highlighters,5.68,2,0,1.7608
CA-2015-132570,10/31/2015,Kean Thornton,Consumer,Buffalo,New York,Office Supplies,Art,Design Ebony Sketching Pencil,2.78,2,0,0.7228
CA-2015-132570,10/31/2015,Kean Thornton,Consumer,Buffalo,New York,Office Supplies,Envelopes,"Blue String-Tie & Button Interoffice Envelopes, 10 x 13",79.96,2,0,35.982
CA-2016-153682,5/30/2016,Brooke Gillingham,Corporate,Cincinnati,Ohio,Technology,Copiers,Canon Imageclass D680 Copier / Fax,839.988,2,0.4,69.999
CA-2016-144344,10/28/2016,Patrick Gardner,Consumer,Boynton Beach,Florida,Furniture,Furnishings,24-Hour Round Wall Clock,47.952,3,0.2,13.7862
CA-2016-144344,10/28/2016,Patrick Gardner,Consumer,Boynton Beach,Florida,Office Supplies,Binders,Large Capacity Hanging Post Binders,37.425,5,0.7,-29.94
CA-2016-144344,10/28/2016,Patrick Gardner,Consumer,Boynton Beach,Florida,Furniture,Furnishings,Eldon Radial Chair Mat for Low to Medium Pile Carpets,63.968,2,0.2,0
CA-2016-144344,10/28/2016,Patrick Gardner,Consumer,Boynton Beach,Florida,Furniture,Furnishings,"Howard Miller 13-1/2"" Diameter Rosebrook Wall Clock",165.048,3,0.2,41.262
CA-2014-127012,08/11/2014,Greg Matthias,Consumer,Seattle,Washington,Furniture,Furnishings,"Eldon Image Series Desk Accessories, Ebony",12.35,1,0,5.434
CA-2014-127012,08/11/2014,Greg Matthias,Consumer,Seattle,Washington,Office Supplies,Art,Sanford 52201 APSCO Electric Pencil Sharpener,40.97,1,0,10.6522
CA-2014-127012,08/11/2014,Greg Matthias,Consumer,Seattle,Washington,Office Supplies,Fasteners,"Vinyl Coated Wire Paper Clips in Organizer Box, 800/Box",22.96,2,0,10.7912
CA-2016-128727,8/29/2016,Meg O'Connel,Home Office,New York City,New York,Technology,Phones,Samsung Replacement EH64AVFWE Premium Headset,22,4,0,5.5
US-2016-162859,2/15/2016,Patrick Gardner,Consumer,New York City,New York,Office Supplies,Binders,GBC DocuBind P100 Manual Binding Machine,398.352,3,0.2,124.485
US-2016-162859,2/15/2016,Patrick Gardner,Consumer,New York City,New York,Office Supplies,Fasteners,Advantus Push Pins,8.72,4,0,3.5752
CA-2017-133641,5/14/2017,Eva Jacobs,Consumer,Gulfport,Mississippi,Office Supplies,Envelopes,Fashion Color Clasp Envelopes,48.69,9,0,23.8581
CA-2014-168494,12/12/2014,Nora Preis,Consumer,Fresno,California,Furniture,Tables,Hon Non-Folding Utility Tables,764.688,6,0.2,95.586
CA-2014-168494,12/12/2014,Nora Preis,Consumer,Fresno,California,Furniture,Tables,Bretford Rectangular Conference Table Tops,3610.848,12,0.2,135.4068
CA-2014-168494,12/12/2014,Nora Preis,Consumer,Fresno,California,Furniture,Bookcases,Bestar Classic Bookcase,254.9745,3,0.15,11.9988
CA-2017-115602,12/18/2017,Doug Jacobs,Consumer,New York City,New York,Office Supplies,Art,Staples in misc. colors,38.82,6,0,17.469
CA-2017-115602,12/18/2017,Doug Jacobs,Consumer,New York City,New York,Furniture,Chairs,Office Star - Contemporary Swivel Chair with Padded Adjustable Arms and Flex Back,1141.938,9,0.1,139.5702
CA-2017-115602,12/18/2017,Doug Jacobs,Consumer,New York City,New York,Office Supplies,Appliances,Kensington 7 Outlet MasterPiece HOMEOFFICE Power Control Center,1704.56,13,0,511.368
CA-2017-115602,12/18/2017,Doug Jacobs,Consumer,New York City,New York,Office Supplies,Art,Sanford Pocket Accent Highlighters,3.2,2,0,1.376
CA-2015-154956,07/04/2015,Irene Maddox,Consumer,Milwaukee,Wisconsin,Technology,Phones,Mitel MiVoice 5330e IP Phone,1099.96,4,0,285.9896
CA-2017-144638,03/10/2017,Mick Hernandez,Home Office,Chester,Pennsylvania,Office Supplies,Art,Newell 337,5.248,2,0.2,0.5904
CA-2017-144638,03/10/2017,Mick Hernandez,Home Office,Chester,Pennsylvania,Technology,Phones,Cisco SPA525G2 IP Phone - Wireless,35.91,3,0.4,-8.379
CA-2017-144638,03/10/2017,Mick Hernandez,Home Office,Chester,Pennsylvania,Furniture,Furnishings,Westinghouse Clip-On Gooseneck Lamps,6.696,1,0.2,0.5022
CA-2017-144638,03/10/2017,Mick Hernandez,Home Office,Chester,Pennsylvania,Furniture,Furnishings,Howard Miller Distant Time Traveler Alarm Clock,43.872,2,0.2,11.5164
US-2016-168620,12/24/2016,Ross Baird,Home Office,Charlotte,North Carolina,Office Supplies,Binders,GBC Linen Binding Covers,27.882,3,0.7,-20.4468
US-2016-168620,12/24/2016,Ross Baird,Home Office,Charlotte,North Carolina,Office Supplies,Storage,Tennsco Double-Tier Lockers,540.048,3,0.2,-47.2542
US-2016-168620,12/24/2016,Ross Baird,Home Office,Charlotte,North Carolina,Technology,Accessories,Microsoft Sculpt Comfort Mouse,255.68,8,0.2,76.704
CA-2017-117079,10/23/2017,Jocasta Rupert,Consumer,Jacksonville,Florida,Technology,Phones,Wilson SignalBoost 841262 DB PRO Amplifier Kit,863.88,3,0.2,107.985
US-2016-144393,10/28/2016,Suzanne McNair,Corporate,Greenville,North Carolina,Office Supplies,Binders,"XtraLife ClearVue Slant-D Ring Binder, White, 3""",17.616,4,0.7,-14.0928
CA-2017-105053,07/07/2017,Christine Sundaresam,Consumer,Long Beach,New York,Office Supplies,Binders,Wilson Jones Active Use Binders,17.472,3,0.2,6.3336
CA-2016-155992,10/01/2016,Chris Cortes,Consumer,La Porte,Indiana,Technology,Phones,Plantronics Cordless Phone Headset with In-line Volume - M214C,69.9,2,0,18.873
CA-2016-155992,10/01/2016,Chris Cortes,Consumer,La Porte,Indiana,Furniture,Furnishings,Westinghouse Clip-On Gooseneck Lamps,41.85,5,0,10.881
CA-2017-110380,09/02/2017,Phillip Flathmann,Consumer,San Francisco,California,Office Supplies,Art,Pencil and Crayon Sharpener,6.57,3,0,1.7739
US-2014-167738,12/24/2014,Julie Creighton,Corporate,Los Angeles,California,Office Supplies,Storage,Letter Size Cart,142.86,1,0,41.4294
US-2014-167738,12/24/2014,Julie Creighton,Corporate,Los Angeles,California,Furniture,Chairs,"Global Value Mid-Back Manager's Chair, Gray",292.272,6,0.2,18.267
CA-2017-121412,9/23/2017,Brooke Gillingham,Corporate,Louisville,Colorado,Furniture,Furnishings,Aluminum Document Frame,29.328,3,0.2,3.666
CA-2017-100426,06/04/2017,Dan Campbell,Consumer,Florence,Alabama,Office Supplies,Paper,"Ampad Phone Message Book, Recycled, 400 Message Capacity, 5 ¾” x 11”",12.48,2,0,5.616
US-2016-103646,4/21/2016,Sibella Parks,Corporate,Chicago,Illinois,Office Supplies,Storage,Fellowes Bankers Box Stor/Drawer Steel Plus,102.336,4,0.2,-12.792
US-2016-103646,4/21/2016,Sibella Parks,Corporate,Chicago,Illinois,Office Supplies,Appliances,Kensington 4 Outlet MasterPiece Compact Power Control Center,48.792,3,0.8,-126.8592
US-2016-103646,4/21/2016,Sibella Parks,Corporate,Chicago,Illinois,Office Supplies,Binders,"Performers Binder/Pad Holder, Black",44.848,8,0.8,-67.272
CA-2016-119186,5/26/2016,Maurice Satty,Consumer,Fort Worth,Texas,Office Supplies,Paper,Xerox 212,10.368,2,0.2,3.6288
CA-2016-119186,5/26/2016,Maurice Satty,Consumer,Fort Worth,Texas,Furniture,Chairs,Office Star Flex Back Scooter Chair with White Frame,388.43,5,0.3,-88.784
CA-2016-119186,5/26/2016,Maurice Satty,Consumer,Fort Worth,Texas,Office Supplies,Paper,Universal Premium White Copier/Laser Paper (20Lb. and 87 Bright),14.352,3,0.2,5.2026
CA-2016-119186,5/26/2016,Maurice Satty,Consumer,Fort Worth,Texas,Technology,Accessories,Logitech G13 Programmable Gameboard with LCD Display,63.992,1,0.2,-7.1991
CA-2016-148698,05/02/2016,Bryan Davis,Consumer,Houston,Texas,Office Supplies,Art,Panasonic KP-380BK Classic Electric Pencil Sharpener,86.352,3,0.2,5.397
CA-2014-163293,09/08/2014,Karen Carlisle,Corporate,Macon,Georgia,Technology,Accessories,Memorex Froggy Flash Drive 4 GB,32.97,3,0,12.8583
CA-2014-163293,09/08/2014,Karen Carlisle,Corporate,Macon,Georgia,Technology,Accessories,"Maxell 74 Minute CD-R Spindle, 50/Pack",83.88,4,0,30.1968
CA-2016-160815,09/05/2016,Toby Ritter,Consumer,Cedar Rapids,Iowa,Technology,Phones,Geemarc AmpliPOWER60,278.4,3,0,80.736
CA-2017-122154,04/09/2017,Sue Ann Reed,Consumer,Jacksonville,Florida,Office Supplies,Labels,Avery 48,15.12,3,0.2,4.914
CA-2017-122154,04/09/2017,Sue Ann Reed,Consumer,Jacksonville,Florida,Office Supplies,Binders,Avery Arch Ring Binders,17.43,1,0.7,-13.363
CA-2017-122154,04/09/2017,Sue Ann Reed,Consumer,Jacksonville,Florida,Office Supplies,Paper,Xerox 1915,251.64,3,0.2,88.074
US-2015-149692,12/06/2015,Katrina Willman,Consumer,Austin,Texas,Office Supplies,Binders,Avery Reinforcements for Hole-Punch Pages,2.772,7,0.8,-4.851
CA-2016-119445,6/26/2016,Gene McClure,Consumer,Providence,Rhode Island,Office Supplies,Storage,Woodgrain Magazine Files by Perma,14.9,5,0,1.043
CA-2015-124268,07/04/2015,Alan Dominguez,Home Office,New York City,New York,Office Supplies,Art,Colorific Watercolor Pencils,15.48,3,0,4.4892
CA-2016-154711,11/22/2016,Todd Boyes,Corporate,New York City,New York,Furniture,Furnishings,Luxo Economy Swing Arm Lamp,39.88,2,0,11.1664
CA-2016-154711,11/22/2016,Todd Boyes,Corporate,New York City,New York,Office Supplies,Binders,"Acco Pressboard Covers with Storage Hooks, 9 1/2"" x 11"", Executive Red",12.192,4,0.2,4.1148
CA-2016-154711,11/22/2016,Todd Boyes,Corporate,New York City,New York,Office Supplies,Art,BIC Liqua Brite Liner,20.82,3,0,7.4952
CA-2016-163384,11/10/2016,Chuck Clark,Home Office,San Francisco,California,Office Supplies,Binders,"ACCOHIDE 3-Ring Binder, Blue, 1""",13.216,4,0.2,4.4604
CA-2016-163384,11/10/2016,Chuck Clark,Home Office,San Francisco,California,Office Supplies,Paper,Xerox 1996,32.4,5,0,15.552
CA-2015-101707,8/27/2015,Philip Fox,Consumer,San Diego,California,Office Supplies,Supplies,Fiskars Softgrip Scissors,32.94,3,0,9.2232
CA-2015-101707,8/27/2015,Philip Fox,Consumer,San Diego,California,Office Supplies,Paper,Xerox 1973,114.2,5,0,52.532
CA-2015-101707,8/27/2015,Philip Fox,Consumer,San Diego,California,Office Supplies,Labels,Avery 511,3.08,1,0,1.4784
CA-2015-138898,5/25/2015,Justin Hirsh,Consumer,Pueblo,Colorado,Office Supplies,Appliances,Kensington 4 Outlet MasterPiece Compact Power Control Center,845.728,13,0.2,84.5728
CA-2017-115427,12/30/2017,Erica Bern,Corporate,Fairfield,California,Office Supplies,Binders,"Cardinal Slant-D Ring Binder, Heavy Gauge Vinyl",13.904,2,0.2,4.5188
CA-2017-115427,12/30/2017,Erica Bern,Corporate,Fairfield,California,Office Supplies,Binders,GBC Binding covers,20.72,2,0.2,6.475
CA-2016-134425,12/08/2016,Quincy Jones,Corporate,Saint Paul,Minnesota,Technology,Phones,Motorola HK250 Universal Bluetooth Headset,114.95,5,0,2.299
CA-2015-121391,10/04/2015,Alex Avila,Consumer,San Francisco,California,Office Supplies,Storage,"Tenex Personal Project File with Scoop Front Design, Black",26.96,2,0,7.0096
CA-2016-137043,12/23/2016,Logan Currie,Consumer,Springfield,Virginia,Furniture,Furnishings,"Electrix Architect's Clamp-On Swing Arm Lamp, Black",572.76,6,0,166.1004
CA-2016-137043,12/23/2016,Logan Currie,Consumer,Springfield,Virginia,Furniture,Furnishings,"Electrix Architect's Clamp-On Swing Arm Lamp, Black",286.38,3,0,83.0502
CA-2015-115847,9/19/2015,Tracy Collins,Home Office,Arlington,Virginia,Furniture,Bookcases,Sauder Cornerstone Collection Library,61.96,2,0,4.3372
US-2017-126179,07/03/2017,Chuck Sachs,Consumer,Columbus,Georgia,Furniture,Furnishings,"Westinghouse Floor Lamp with Metal Mesh Shade, Black",23.99,1,0,5.5177
US-2017-126179,07/03/2017,Chuck Sachs,Consumer,Columbus,Georgia,Technology,Phones,Pyle PMP37LED,287.97,3,0,77.7519
CA-2016-101966,7/14/2016,Bryan Mills,Consumer,Houston,Texas,Technology,Phones,Blue Parrot B250XT Professional Grade Wireless Bluetooth Headset with,419.944,7,0.2,52.493
CA-2016-141397,6/20/2016,Roy Collins,Consumer,Pasadena,California,Office Supplies,Paper,Xerox 1898,46.76,7,0,22.4448
CA-2016-141397,6/20/2016,Roy Collins,Consumer,Pasadena,California,Office Supplies,Binders,GBC Plastic Binding Combs,17.712,3,0.2,6.4206
CA-2016-141397,6/20/2016,Roy Collins,Consumer,Pasadena,California,Office Supplies,Appliances,Belkin 6 Outlet Metallic Surge Strip,21.78,2,0,5.6628
CA-2016-141397,6/20/2016,Roy Collins,Consumer,Pasadena,California,Office Supplies,Storage,Fellowes Bankers Box Recycled Super Stor/Drawer,161.94,3,0,9.7164
CA-2016-141397,6/20/2016,Roy Collins,Consumer,Pasadena,California,Furniture,Chairs,Hon Valutask Swivel Chairs,161.568,2,0.2,-8.0784
CA-2016-141082,12/09/2016,Fred McMath,Consumer,Lawrence,Massachusetts,Office Supplies,Labels,Avery 517,3.69,1,0,1.7343
CA-2016-141082,12/09/2016,Fred McMath,Consumer,Lawrence,Massachusetts,Office Supplies,Labels,Avery 477,122.12,4,0,56.1752
US-2016-134488,9/24/2016,Pete Kriz,Consumer,Columbus,Ohio,Furniture,Chairs,Office Star - Contemporary Task Swivel Chair,155.372,2,0.3,-13.3176
CA-2016-145919,12/18/2016,Henry Goldwyn,Corporate,Los Angeles,California,Office Supplies,Paper,"Eureka Recycled Copy Paper 8 1/2"" x 11"", Ream",38.88,6,0,18.6624
CA-2016-145919,12/18/2016,Henry Goldwyn,Corporate,Los Angeles,California,Furniture,Furnishings,"Seth Thomas 12"" Clock w/ Goldtone Case",183.84,8,0,62.5056
CA-2016-145919,12/18/2016,Henry Goldwyn,Corporate,Los Angeles,California,Office Supplies,Supplies,Premier Electric Letter Opener,579.3,5,0,28.965
CA-2017-157651,12/10/2017,Helen Andreada,Consumer,Philadelphia,Pennsylvania,Technology,Accessories,Memorex Froggy Flash Drive 8 GB,14.2,1,0.2,3.3725
CA-2014-160773,07/01/2014,Laurel Workman,Corporate,Deltona,Florida,Technology,Phones,Wilson SignalBoost 841262 DB PRO Amplifier Kit,575.92,2,0.2,71.99
CA-2014-160773,07/01/2014,Laurel Workman,Corporate,Deltona,Florida,Office Supplies,Binders,Avery Durable Binders,5.184,6,0.7,-3.6288
CA-2017-167703,02/03/2017,Matt Collins,Consumer,Cincinnati,Ohio,Office Supplies,Binders,Fellowes Black Plastic Comb Bindings,5.229,3,0.7,-4.1832
CA-2017-167703,02/03/2017,Matt Collins,Consumer,Cincinnati,Ohio,Office Supplies,Storage,"Hot File 7-Pocket, Floor Stand",285.552,2,0.2,35.694
CA-2017-121804,03/03/2017,Liz Preis,Consumer,Murray,Kentucky,Office Supplies,Appliances,Acco 6 Outlet Guardian Premium Surge Suppressor,72.8,5,0,19.656
CA-2017-162635,10/09/2017,Evan Bailliet,Consumer,Wilmington,North Carolina,Office Supplies,Paper,Avoid Verbal Orders Carbonless Minifold Book,10.816,4,0.2,3.5152
CA-2014-107153,9/28/2014,George Zrebassa,Corporate,Lawrence,Massachusetts,Office Supplies,Storage,"Decoflex Hanging Personal Folder File, Blue",46.26,3,0,12.4902
US-2014-117058,5/27/2014,Laurel Elliston,Consumer,Chicago,Illinois,Office Supplies,Binders,Fellowes Presentation Covers for Comb Binding Machines,17.46,6,0.8,-30.555
CA-2015-120439,6/14/2015,Alan Dominguez,Home Office,Philadelphia,Pennsylvania,Furniture,Furnishings,"Eldon Expressions Punched Metal & Wood Desk Accessories, Pewter & Cherry",51.072,6,0.2,5.1072
CA-2016-128258,3/30/2016,Cathy Prescott,Corporate,Norwich,Connecticut,Office Supplies,Paper,Xerox 188,11.34,1,0,5.5566
CA-2017-106033,10/15/2017,Frank Gastineau,Home Office,San Francisco,California,Office Supplies,Art,Panasonic KP-310 Heavy-Duty Electric Pencil Sharpener,87.92,4,0,26.376
CA-2016-142762,5/23/2016,Lisa DeCherney,Consumer,San Francisco,California,Furniture,Furnishings,"Eldon Image Series Desk Accessories, Ebony",37.05,3,0,16.302
CA-2017-127705,06/02/2017,Alejandro Ballentine,Home Office,Lorain,Ohio,Technology,Phones,Cush Cases Heavy Duty Rugged Cover Case for Samsung Galaxy S5 - Purple,2.97,1,0.4,-0.6435
CA-2017-127705,06/02/2017,Alejandro Ballentine,Home Office,Lorain,Ohio,Office Supplies,Storage,Advantus Rolling Storage Box,27.44,2,0.2,2.401
CA-2014-122567,2/16/2014,Michael Nguyen,Consumer,Dallas,Texas,Office Supplies,Binders,Wilson Jones Easy Flow II Sheet Lifters,1.08,3,0.8,-1.728
CA-2014-122567,2/16/2014,Michael Nguyen,Consumer,Dallas,Texas,Office Supplies,Appliances,"Holmes Cool Mist Humidifier for the Whole House with 8-Gallon Output per Day, Extended Life Filter",7.96,2,0.8,-13.93
CA-2014-121664,05/06/2014,Harold Pawlan,Home Office,Los Angeles,California,Office Supplies,Binders,Wilson Jones Legal Size Ring Binders,140.736,8,0.2,52.776
CA-2016-122133,5/16/2016,Jim Radford,Consumer,Middletown,Connecticut,Office Supplies,Storage,"SAFCO Commercial Wire Shelving, Black",552.56,4,0,0
US-2017-123281,04/02/2017,Jamie Frazer,Consumer,Los Angeles,California,Furniture,Furnishings,Westinghouse Clip-On Gooseneck Lamps,25.11,3,0,6.5286
CA-2017-100524,3/31/2017,Chad McGuire,Consumer,New York City,New York,Furniture,Furnishings,Tensor Computer Mounted Lamp,29.78,2,0,8.0406
CA-2017-100524,3/31/2017,Chad McGuire,Consumer,New York City,New York,Technology,Phones,Polycom SoundPoint IP 450 VoIP phone,677.58,3,0,176.1708
CA-2017-100524,3/31/2017,Chad McGuire,Consumer,New York City,New York,Office Supplies,Paper,"Rediform S.O.S. 1-Up Phone Message Bk, 4-1/4x3-1/16 Bk, 1 Form/Pg, 40 Messages/Bk, 3/Pk",75.04,8,0,36.0192
CA-2017-113481,01/02/2017,Aaron Smayling,Corporate,Jacksonville,North Carolina,Technology,Machines,Cisco CP-7937G Unified IP Conference Station Phone,695.7,2,0.5,-27.828
CA-2017-113481,01/02/2017,Aaron Smayling,Corporate,Jacksonville,North Carolina,Office Supplies,Binders,"Avery 3 1/2"" Diskette Storage Pages, 10/Pack",15.66,5,0.7,-12.528
CA-2017-113481,01/02/2017,Aaron Smayling,Corporate,Jacksonville,North Carolina,Office Supplies,Binders,Avery Recycled Flexi-View Covers for Binding Systems,28.854,6,0.7,-21.1596
CA-2015-131758,5/28/2015,Karl Braun,Consumer,Freeport,New York,Office Supplies,Art,Boston 16701 Slimline Battery Pencil Sharpener,47.82,3,0,14.346
CA-2015-131758,5/28/2015,Karl Braun,Consumer,Freeport,New York,Office Supplies,Labels,Avery 494,13.05,5,0,6.003
CA-2014-118339,3/17/2014,Bradley Nguyen,Consumer,Lakeville,Minnesota,Office Supplies,Appliances,Bionaire Personal Warm Mist Humidifier/Vaporizer,93.78,2,0,36.5742
CA-2014-118339,3/17/2014,Bradley Nguyen,Consumer,Lakeville,Minnesota,Office Supplies,Paper,"Memo Book, 100 Message Capacity, 5 3/8” x 11”",47.18,7,0,23.59
CA-2014-118339,3/17/2014,Bradley Nguyen,Consumer,Lakeville,Minnesota,Office Supplies,Art,Newell 35,19.68,6,0,5.7072
CA-2014-118339,3/17/2014,Bradley Nguyen,Consumer,Lakeville,Minnesota,Office Supplies,Binders,Wilson Jones 14 Line Acrylic Coated Pressboard Data Binders,53.4,10,0,25.098
CA-2014-118339,3/17/2014,Bradley Nguyen,Consumer,Lakeville,Minnesota,Office Supplies,Binders,Avery Non-Stick Heavy Duty View Round Locking Ring Binders,35.88,6,0,17.2224
CA-2014-153976,10/03/2014,Beth Paige,Consumer,Evanston,Illinois,Furniture,Chairs,"Global High-Back Leather Tilter, Burgundy",258.279,3,0.3,-70.1043
CA-2016-162901,3/28/2016,Aaron Smayling,Corporate,Arlington,Virginia,Office Supplies,Storage,Hanging Personal Folder File,31.4,2,0,7.85
CA-2017-162978,05/04/2017,Lindsay Williams,Corporate,San Francisco,California,Technology,Phones,Motorola L804,183.96,5,0.2,20.6955
CA-2017-162978,05/04/2017,Lindsay Williams,Corporate,San Francisco,California,Office Supplies,Paper,Things To Do Today Pad,17.61,3,0,8.4528
CA-2017-162978,05/04/2017,Lindsay Williams,Corporate,San Francisco,California,Furniture,Tables,Bretford Rectangular Conference Table Tops,300.904,1,0.2,11.2839
US-2014-160444,07/05/2014,Dan Campbell,Consumer,Houston,Texas,Office Supplies,Storage,"Gould Plastics 18-Pocket Panel Bin, 34w x 5-1/4d x 20-1/2h",220.776,3,0.2,-44.1552
US-2014-160444,07/05/2014,Dan Campbell,Consumer,Houston,Texas,Office Supplies,Storage,Fellowes Bankers Box Stor/Drawer Steel Plus,281.424,11,0.2,-35.178
CA-2016-145247,05/05/2016,Natalie DeCherney,Consumer,Louisville,Kentucky,Office Supplies,Paper,Xerox 1909,79.14,3,0,36.4044
CA-2017-160045,4/26/2017,Larry Blacks,Consumer,Fort Worth,Texas,Furniture,Furnishings,"DAX Value U-Channel Document Frames, Easel Back",1.988,1,0.6,-1.4413
US-2014-151925,9/26/2014,Kean Takahito,Consumer,Los Angeles,California,Furniture,Chairs,"Leather Task Chair, Black",145.568,2,0.2,0
CA-2017-125199,10/19/2017,Harry Marie,Corporate,Philadelphia,Pennsylvania,Office Supplies,Art,Boston 16801 Nautilus Battery Pencil Sharpener,123.256,7,0.2,9.2442
CA-2017-125199,10/19/2017,Harry Marie,Corporate,Philadelphia,Pennsylvania,Office Supplies,Paper,"It's Hot Message Books with Stickers, 2 3/4"" x 5""",23.68,4,0.2,7.4
CA-2017-125199,10/19/2017,Harry Marie,Corporate,Philadelphia,Pennsylvania,Technology,Phones,Digium D40 VoIP phone,309.576,4,0.4,-56.7556
US-2017-155425,11/10/2017,Ann Blume,Corporate,Tucson,Arizona,Office Supplies,Binders,Cardinal EasyOpen D-Ring Binders,38.388,14,0.7,-25.592
US-2017-155425,11/10/2017,Ann Blume,Corporate,Tucson,Arizona,Technology,Machines,DYMO CardScan Personal V9 Business Card Scanner,95.994,2,0.7,-63.996
US-2017-155425,11/10/2017,Ann Blume,Corporate,Tucson,Arizona,Technology,Accessories,Case Logic 2.4GHz Wireless Keyboard,239.952,6,0.2,-35.9928
US-2017-155425,11/10/2017,Ann Blume,Corporate,Tucson,Arizona,Technology,Phones,Adtran 1202752G1,201.584,2,0.2,15.1188
US-2017-155425,11/10/2017,Ann Blume,Corporate,Tucson,Arizona,Furniture,Chairs,Hon 2090 “Pillow Soft” Series Mid Back Swivel/Tilt Chairs,899.136,4,0.2,-146.1096
CA-2017-133249,07/08/2017,Sam Zeldin,Home Office,Pico Rivera,California,Furniture,Furnishings,"Deflect-o SuperTray Unbreakable Stackable Tray, Letter, Black",145.9,5,0,62.737
US-2015-103471,12/24/2015,Jim Radford,Consumer,Colorado Springs,Colorado,Furniture,Bookcases,"Atlantic Metals Mobile 4-Shelf Bookcases, Custom Colors",590.058,7,0.7,-786.744
US-2015-103471,12/24/2015,Jim Radford,Consumer,Colorado Springs,Colorado,Office Supplies,Art,"Dixon My First Ticonderoga Pencil, #2",14.04,3,0.2,1.5795
CA-2017-136672,03/07/2017,Michael Granlund,Home Office,Clinton,Maryland,Technology,Accessories,Logitech Desktop MK120 Mouse and keyboard Combo,49.08,3,0,4.908
US-2014-157021,04/01/2014,Kunst Miller,Consumer,Vallejo,California,Office Supplies,Labels,Avery 490,29.6,2,0,14.8
US-2014-157021,04/01/2014,Kunst Miller,Consumer,Vallejo,California,Office Supplies,Binders,"Pressboard Data Binder, Crimson, 12"" X 8 1/2""",17.088,4,0.2,5.5536
CA-2015-120362,9/14/2015,Christina Anderson,Consumer,Provo,Utah,Furniture,Tables,"Lesro Round Back Collection Coffee Table, End Table",912.75,5,0,118.6575
CA-2014-126361,08/04/2014,Valerie Dominguez,Consumer,Pleasant Grove,Utah,Office Supplies,Appliances,Hoover WindTunnel Plus Canister Vacuum,1089.75,3,0,305.13
CA-2014-126361,08/04/2014,Valerie Dominguez,Consumer,Pleasant Grove,Utah,Office Supplies,Paper,Xerox 1934,447.84,8,0,219.4416
CA-2014-126361,08/04/2014,Valerie Dominguez,Consumer,Pleasant Grove,Utah,Office Supplies,Art,Newell 329,16.4,5,0,4.264
CA-2014-126361,08/04/2014,Valerie Dominguez,Consumer,Pleasant Grove,Utah,Technology,Phones,Panasonic KX T7731-B Digital phone,399.96,5,0.2,34.9965
CA-2014-126361,08/04/2014,Valerie Dominguez,Consumer,Pleasant Grove,Utah,Office Supplies,Storage,"Safco Wire Cube Shelving System, For Use as 4 or 5 14"" Cubes, Black",158.9,5,0,7.945
CA-2014-126361,08/04/2014,Valerie Dominguez,Consumer,Pleasant Grove,Utah,Office Supplies,Binders,Ibico Standard Transparent Covers,13.184,1,0.2,4.7792
US-2016-100566,09/03/2016,Julie Kriz,Home Office,Aurora,Illinois,Furniture,Furnishings,"Tenex ""The Solids"" Textured Chair Mats",83.952,3,0.6,-90.2484
US-2016-108504,02/05/2016,Paul Prost,Home Office,Smyrna,Georgia,Office Supplies,Storage,"Carina 42""Hx23 3/4""W Media Storage Unit",80.98,1,0,1.6196
US-2016-108504,02/05/2016,Paul Prost,Home Office,Smyrna,Georgia,Office Supplies,Paper,White Computer Printout Paper by Universal,348.84,9,0,170.9316
US-2016-108504,02/05/2016,Paul Prost,Home Office,Smyrna,Georgia,Office Supplies,Fasteners,Revere Boxed Rubber Bands by Revere,9.45,5,0,0.189
US-2016-108504,02/05/2016,Paul Prost,Home Office,Smyrna,Georgia,Furniture,Furnishings,"Eldon 200 Class Desk Accessories, Black",18.84,3,0,7.1592
US-2016-108504,02/05/2016,Paul Prost,Home Office,Smyrna,Georgia,Furniture,Bookcases,"Bush Andora Bookcase, Maple/Graphite Gray Finish",239.98,2,0,52.7956
US-2016-108504,02/05/2016,Paul Prost,Home Office,Smyrna,Georgia,Office Supplies,Envelopes,Ames Color-File Green Diamond Border X-ray Mailers,167.96,2,0,78.9412
US-2016-108504,02/05/2016,Paul Prost,Home Office,Smyrna,Georgia,Technology,Phones,Plantronics Cordless Phone Headset with In-line Volume - M214C,104.85,3,0,28.3095
US-2016-108504,02/05/2016,Paul Prost,Home Office,Smyrna,Georgia,Technology,Phones,Aastra 57i VoIP phone,484.83,3,0,126.0558
US-2016-108504,02/05/2016,Paul Prost,Home Office,Smyrna,Georgia,Office Supplies,Paper,"White Dual Perf Computer Printout Paper, 2700 Sheets, 1 Part, Heavyweight, 20 lbs., 14 7/8 x 11",122.97,3,0,60.2553
US-2016-108504,02/05/2016,Paul Prost,Home Office,Smyrna,Georgia,Office Supplies,Storage,"Belkin 19"" Vented Equipment Shelf, Black",154.44,3,0,1.5444
US-2016-108504,02/05/2016,Paul Prost,Home Office,Smyrna,Georgia,Office Supplies,Paper,Xerox 1943,342.37,7,0,160.9139
CA-2017-124828,07/03/2017,Yana Sorensen,Corporate,Burlington,North Carolina,Office Supplies,Art,4009 Highlighters by Sanford,9.552,3,0.2,1.5522
US-2017-117247,10/09/2017,Cyma Kinney,Corporate,Aurora,Illinois,Furniture,Tables,"Bevis Oval Conference Table, Walnut",652.45,5,0.5,-430.617
US-2017-117247,10/09/2017,Cyma Kinney,Corporate,Aurora,Illinois,Furniture,Tables,Hon 61000 Series Interactive Training Tables,66.645,3,0.5,-42.6528
CA-2016-124485,11/24/2016,Nat Carroll,Consumer,New York City,New York,Office Supplies,Binders,"Acco PRESSTEX Data Binder with Storage Hooks, Light Blue, 9 1/2"" X 11""",17.216,4,0.2,6.0256
CA-2016-124485,11/24/2016,Nat Carroll,Consumer,New York City,New York,Office Supplies,Paper,Xerox 196,11.56,2,0,5.6644
CA-2016-124485,11/24/2016,Nat Carroll,Consumer,New York City,New York,Technology,Accessories,SanDisk Ultra 32 GB MicroSDHC Class 10 Memory Card,88.4,4,0,11.492
CA-2016-124485,11/24/2016,Nat Carroll,Consumer,New York City,New York,Office Supplies,Paper,Xerox 217,6.48,1,0,3.1104
CA-2016-159212,11/01/2016,Katherine Murray,Home Office,Salem,Virginia,Technology,Phones,"LF Elite 3D Dazzle Designer Hard Case Cover, Lf Stylus Pen and Wiper For Apple Iphone 5c Mini Lite",21.8,2,0,6.104
CA-2016-159212,11/01/2016,Katherine Murray,Home Office,Salem,Virginia,Office Supplies,Envelopes,Airmail Envelopes,251.79,3,0,118.3413
US-2016-161396,4/19/2016,Gary Mitchum,Home Office,Columbus,Ohio,Furniture,Tables,"Bush Andora Conference Table, Maple/Graphite Gray Finish",205.176,2,0.4,-58.1332
US-2016-161396,4/19/2016,Gary Mitchum,Home Office,Columbus,Ohio,Office Supplies,Paper,Xerox 189,419.4,5,0.2,146.79
US-2014-118486,04/06/2014,Shirley Daniels,Home Office,Philadelphia,Pennsylvania,Office Supplies,Supplies,Martin-Yale Premier Letter Opener,10.304,1,0.2,-2.1896
US-2014-118486,04/06/2014,Shirley Daniels,Home Office,Philadelphia,Pennsylvania,Furniture,Tables,KI Adjustable-Height Table,154.764,3,0.4,-36.1116
US-2014-118486,04/06/2014,Shirley Daniels,Home Office,Philadelphia,Pennsylvania,Technology,Accessories,Imation Secure+ Hardware Encrypted USB 2.0 Flash Drive; 16GB,116.784,2,0.2,21.897
CA-2016-130407,09/02/2016,Karen Daniels,Consumer,New York City,New York,Office Supplies,Art,Panasonic KP-150 Electric Pencil Sharpener,75.48,2,0,19.6248
CA-2016-130407,09/02/2016,Karen Daniels,Consumer,New York City,New York,Furniture,Furnishings,Telescoping Adjustable Floor Lamp,39.98,2,0,9.995
US-2016-122245,9/25/2016,Adrian Barton,Consumer,Phoenix,Arizona,Furniture,Tables,Bevis Boat-Shaped Conference Table,393.165,3,0.5,-204.4458
CA-2017-105144,11/04/2017,Sam Zeldin,Home Office,Grand Prairie,Texas,Office Supplies,Labels,Alphabetical Labels for Top Tab Filing,23.68,2,0.2,8.88
CA-2016-136329,07/09/2016,Jonathan Doherty,Corporate,New York City,New York,Furniture,Chairs,Hon GuestStacker Chair,408.006,2,0.1,72.5344
CA-2016-136329,07/09/2016,Jonathan Doherty,Corporate,New York City,New York,Furniture,Furnishings,"Deflect-o EconoMat Studded, No Bevel Mat for Low Pile Carpeting",165.28,4,0,14.8752
CA-2014-146640,6/30/2014,Helen Abelman,Consumer,New York City,New York,Office Supplies,Binders,GBC Recycled Regency Composition Covers,334.768,7,0.2,108.7996
CA-2017-115994,1/28/2017,Beth Thompson,Home Office,Costa Mesa,California,Technology,Accessories,Logitech G13 Programmable Gameboard with LCD Display,239.97,3,0,26.3967
CA-2017-115994,1/28/2017,Beth Thompson,Home Office,Costa Mesa,California,Furniture,Furnishings,"DAX Executive Solid Wood Document Frame, Desktop or Hang, Mahogany, 5 x 7",37.74,3,0,12.8316
CA-2015-126697,9/21/2015,Stuart Van,Corporate,Houston,Texas,Technology,Phones,ShoreTel ShorePhone IP 230 VoIP phone,946.344,7,0.2,118.293
CA-2015-126697,9/21/2015,Stuart Van,Corporate,Houston,Texas,Technology,Accessories,Hypercom P1300 Pinpad,151.2,3,0.2,32.13
CA-2015-126697,9/21/2015,Stuart Van,Corporate,Houston,Texas,Furniture,Furnishings,Longer-Life Soft White Bulbs,4.928,4,0.6,-1.4784
CA-2015-124800,9/26/2015,Rick Wilson,Corporate,Mesa,Arizona,Office Supplies,Paper,Petty Cash Envelope,86.272,4,0.2,31.2736
CA-2015-124800,9/26/2015,Rick Wilson,Corporate,Mesa,Arizona,Office Supplies,Binders,GBC VeloBinder Electric Binding Machine,72.588,2,0.7,-48.392
CA-2015-124800,9/26/2015,Rick Wilson,Corporate,Mesa,Arizona,Office Supplies,Appliances,3M Replacement Filter for Office Air Cleaner for 20' x 33' Room,60.672,2,0.2,14.4096
CA-2015-124800,9/26/2015,Rick Wilson,Corporate,Mesa,Arizona,Office Supplies,Binders,Lock-Up Easel 'Spel-Binder',77.031,9,0.7,-59.0571
CA-2015-124800,9/26/2015,Rick Wilson,Corporate,Mesa,Arizona,Office Supplies,Storage,2300 Heavy-Duty Transfer File Systems by Perma,119.904,6,0.2,-1.4988
CA-2015-124800,9/26/2015,Rick Wilson,Corporate,Mesa,Arizona,Technology,Phones,Samsung Rugby III,263.96,5,0.2,23.0965
CA-2015-124800,9/26/2015,Rick Wilson,Corporate,Mesa,Arizona,Office Supplies,Storage,SAFCO Boltless Steel Shelving,363.648,4,0.2,-86.3664
US-2015-164448,10/31/2015,Damala Kotsonis,Corporate,Salinas,California,Office Supplies,Binders,Prestige Round Ring Binders,9.728,2,0.2,3.2832
US-2015-164448,10/31/2015,Damala Kotsonis,Corporate,Salinas,California,Office Supplies,Envelopes,"Redi-Strip #10 Envelopes, 4 1/8 x 9 1/2",14.75,5,0,7.08
US-2015-164448,10/31/2015,Damala Kotsonis,Corporate,Salinas,California,Office Supplies,Binders,"Acco Four Pocket Poly Ring Binder with Label Holder, Smoke, 1""",29.8,5,0.2,9.3125
US-2015-164448,10/31/2015,Damala Kotsonis,Corporate,Salinas,California,Office Supplies,Labels,"Avery 4027 File Folder Labels for Dot Matrix Printers, 5000 Labels per Box, White",427.42,14,0,196.6132
CA-2017-122700,11/26/2017,Liz Thompson,Consumer,Columbus,Ohio,Technology,Phones,Motorola L804,220.752,8,0.4,-40.4712
CA-2014-120768,12/19/2014,Irene Maddox,Consumer,Florence,Alabama,Office Supplies,Binders,Canvas Sectional Post Binders,152.76,6,0,74.8524
CA-2014-120768,12/19/2014,Irene Maddox,Consumer,Florence,Alabama,Office Supplies,Supplies,Acme Stainless Steel Office Snips,7.27,1,0,1.9629
CA-2014-120768,12/19/2014,Irene Maddox,Consumer,Florence,Alabama,Furniture,Chairs,High-Back Leather Manager's Chair,1819.86,14,0,163.7874
US-2016-153129,12/26/2016,Frank Preis,Consumer,Seattle,Washington,Office Supplies,Paper,Strathmore Photo Mount Cards,33.9,5,0,15.594
CA-2017-106852,6/20/2017,Shui Tom,Consumer,Parma,Ohio,Office Supplies,Paper,Xerox 203,31.104,6,0.2,10.8864
CA-2017-106852,6/20/2017,Shui Tom,Consumer,Parma,Ohio,Office Supplies,Art,Newell 35,5.248,2,0.2,0.5904
CA-2015-139731,10/15/2015,Joel Eaton,Consumer,Amarillo,Texas,Technology,Accessories,Plantronics Audio 995 Wireless Stereo Headset,263.88,3,0.2,42.8805
CA-2015-139731,10/15/2015,Joel Eaton,Consumer,Amarillo,Texas,Furniture,Chairs,HON 5400 Series Task Chairs for Big and Tall,2453.43,5,0.3,-350.49
CA-2017-122735,04/12/2017,Bill Donatelli,Consumer,Providence,Rhode Island,Office Supplies,Binders,Storex Dura Pro Binders,29.7,5,0,13.365
CA-2017-122735,04/12/2017,Bill Donatelli,Consumer,Providence,Rhode Island,Office Supplies,Paper,Xerox 1948,39.96,4,0,17.982
CA-2017-128160,12/19/2017,Michael Moore,Consumer,San Francisco,California,Office Supplies,Binders,Deluxe Heavy-Duty Vinyl Round Ring Binder,36.672,2,0.2,11.46
CA-2017-117695,08/05/2017,Pauline Webber,Corporate,Richmond,Kentucky,Office Supplies,Paper,"Adams Phone Message Book, 200 Message Capacity, 8 1/16” x 11”",13.76,2,0,6.3296
CA-2015-166135,10/01/2015,Shaun Chance,Corporate,Aurora,Colorado,Office Supplies,Storage,"Trav-L-File Heavy-Duty Shuttle II, Black",139.424,4,0.2,17.428
CA-2016-133725,5/23/2016,Ken Lonsdale,Consumer,Chicago,Illinois,Technology,Phones,Mitel MiVoice 5330e IP Phone,1979.928,9,0.2,148.4946
CA-2017-102337,6/13/2017,Shirley Daniels,Home Office,Chicago,Illinois,Office Supplies,Storage,"Belkin 19"" Vented Equipment Shelf, Black",164.736,4,0.2,-39.1248
CA-2017-102337,6/13/2017,Shirley Daniels,Home Office,Chicago,Illinois,Furniture,Chairs,Global Super Steno Chair,470.302,7,0.3,-87.3418
CA-2017-102337,6/13/2017,Shirley Daniels,Home Office,Chicago,Illinois,Technology,Phones,OtterBox Defender Series Case - Samsung Galaxy S4,47.984,2,0.2,5.998
US-2014-112564,4/23/2014,Theresa Swint,Corporate,Philadelphia,Pennsylvania,Office Supplies,Binders,Wilson Jones Suede Grain Vinyl Binders,2.502,3,0.7,-1.7514
CA-2015-145821,05/01/2015,Jennifer Braxton,Corporate,Los Angeles,California,Technology,Phones,OtterBox Defender Series Case - iPhone 5c,88.752,3,0.2,11.094
US-2015-160150,7/19/2015,Thais Sissman,Consumer,Phoenix,Arizona,Office Supplies,Binders,Wilson Jones DublLock D-Ring Binders,2.025,1,0.7,-1.35
CA-2016-133711,11/26/2016,Mark Cousins,Corporate,Mobile,Alabama,Office Supplies,Paper,Easy-staple paper,70.98,7,0,34.7802
CA-2016-133711,11/26/2016,Mark Cousins,Corporate,Mobile,Alabama,Office Supplies,Binders,Surelock Post Binders,91.68,3,0,45.84
CA-2016-133711,11/26/2016,Mark Cousins,Corporate,Mobile,Alabama,Office Supplies,Binders,Wilson Jones DublLock D-Ring Binders,33.75,5,0,16.875
CA-2016-133711,11/26/2016,Mark Cousins,Corporate,Mobile,Alabama,Technology,Machines,Hewlett-Packard Deskjet 3050a All-in-One Color Inkjet Printer,3040,8,0,1459.2
CA-2017-148474,06/12/2017,Maria Etezadi,Home Office,Columbus,Georgia,Office Supplies,Binders,Ibico Plastic Spiral Binding Combs,91.2,3,0,41.952
CA-2017-148474,06/12/2017,Maria Etezadi,Home Office,Columbus,Georgia,Furniture,Tables,"Iceberg OfficeWorks 42"" Round Tables",452.94,3,0,67.941
CA-2015-111297,8/17/2015,Shaun Chance,Corporate,New Bedford,Massachusetts,Office Supplies,Binders,Wilson Jones “Snap” Scratch Pad Binder Tool for Ring Binders,52.2,9,0,23.49
CA-2016-123722,9/25/2016,Nicole Hansen,Corporate,Irving,Texas,Office Supplies,Labels,Avery 499,15.936,4,0.2,5.1792
CA-2014-155271,05/04/2014,Andrew Allen,Consumer,Middletown,Connecticut,Furniture,Furnishings,DAX Wood Document Frame,27.46,2,0,9.8856
CA-2015-119907,12/01/2015,Logan Currie,Consumer,Seattle,Washington,Office Supplies,Binders,Wilson Jones Heavy-Duty Casebound Ring Binders with Metal Hinges,55.424,2,0.2,19.3984
US-2016-128902,03/11/2016,Mick Brown,Consumer,Vineland,New Jersey,Furniture,Tables,Chromcraft Round Conference Tables,244.006,2,0.3,-31.3722
CA-2016-152289,8/26/2016,Linda Cazamias,Corporate,Pasadena,Texas,Technology,Accessories,Logitech G700s Rechargeable Gaming Mouse,159.984,2,0.2,43.9956
CA-2016-152289,8/26/2016,Linda Cazamias,Corporate,Pasadena,Texas,Furniture,Chairs,Hon Deluxe Fabric Upholstered Stacking Chairs,1024.716,6,0.3,-29.2776
US-2016-104794,12/16/2016,Keith Dawkins,Corporate,New York City,New York,Office Supplies,Fasteners,Stockwell Gold Paper Clips,3.68,2,0,1.8032
CA-2014-151708,08/08/2014,Maria Bertelson,Consumer,Glendale,Arizona,Furniture,Furnishings,"Eldon Delta Triangular Chair Mat, 52"" x 58"", Clear",121.376,4,0.2,-3.0344
CA-2014-151708,08/08/2014,Maria Bertelson,Consumer,Glendale,Arizona,Technology,Accessories,SanDisk Ultra 64 GB MicroSDHC Class 10 Memory Card,95.976,3,0.2,-10.7973
CA-2015-100769,5/16/2015,Tracy Hopkins,Home Office,Jacksonville,Florida,Technology,Accessories,Razer Kraken PRO Over Ear PC and Music Headset,255.968,4,0.2,31.996
CA-2017-139199,12/09/2017,Damala Kotsonis,Corporate,Detroit,Michigan,Furniture,Chairs,Global Executive Mid-Back Manager's Chair,872.94,3,0,226.9644
CA-2017-139199,12/09/2017,Damala Kotsonis,Corporate,Detroit,Michigan,Office Supplies,Binders,Wilson Jones Century Plastic Molded Ring Binders,41.54,2,0,19.5238
CA-2017-139199,12/09/2017,Damala Kotsonis,Corporate,Detroit,Michigan,Office Supplies,Paper,Xerox 1946,12.96,2,0,6.2208
US-2015-161466,9/24/2015,Odella Nelson,Corporate,Philadelphia,Pennsylvania,Office Supplies,Art,Newell 320,6.848,2,0.2,0.5992
CA-2017-164959,07/11/2017,Katherine Nockton,Corporate,Los Angeles,California,Office Supplies,Labels,Avery 482,8.67,3,0,4.0749
US-2015-105676,12/01/2015,Neoma Murray,Consumer,Houston,Texas,Furniture,Furnishings,"Eldon Image Series Desk Accessories, Burgundy",6.688,4,0.6,-4.0128
CA-2016-113138,11/19/2016,Nora Pelletier,Home Office,Niagara Falls,New York,Office Supplies,Art,Newell 340,17.28,6,0,5.0112
CA-2016-113138,11/19/2016,Nora Pelletier,Home Office,Niagara Falls,New York,Office Supplies,Binders,GBC Plastic Binding Combs,17.712,3,0.2,6.4206
US-2017-104955,3/19/2017,Catherine Glotzbach,Home Office,New York City,New York,Office Supplies,Labels,Avery 506,28.91,7,0,13.2986
CA-2016-121958,11/13/2016,Cindy Stewart,Consumer,Thomasville,North Carolina,Office Supplies,Supplies,Acme Forged Steel Scissors with Black Enamel Handles,52.136,7,0.2,5.8653
CA-2017-121468,11/19/2017,Katherine Ducich,Consumer,Westminster,California,Technology,Phones,Square Credit Card Reader,31.968,4,0.2,2.3976
US-2016-108455,12/02/2016,Mike Kennedy,Consumer,San Francisco,California,Office Supplies,Paper,Xerox 192,25.92,4,0,12.4416
US-2016-108455,12/02/2016,Mike Kennedy,Consumer,San Francisco,California,Office Supplies,Paper,HP Office Recycled Paper (20Lb. and 87 Bright),40.46,7,0,19.8254
US-2016-108455,12/02/2016,Mike Kennedy,Consumer,San Francisco,California,Office Supplies,Storage,X-Rack File for Hanging Folders,33.87,3,0,8.8062
CA-2017-101210,8/25/2017,Don Weiss,Consumer,Jackson,Tennessee,Office Supplies,Art,Zebra Zazzle Fluorescent Highlighters,9.728,2,0.2,1.7024
CA-2017-101210,8/25/2017,Don Weiss,Consumer,Jackson,Tennessee,Office Supplies,Paper,Xerox 199,3.424,1,0.2,1.07
US-2016-108098,10/14/2016,Christine Phan,Corporate,Seattle,Washington,Technology,Accessories,WD My Passport Ultra 500GB Portable External Hard Drive,177,3,0,30.09
CA-2014-119032,11/27/2014,Maxwell Schwartz,Consumer,New York City,New York,Office Supplies,Fasteners,Staples,3.76,2,0,1.316
CA-2015-140410,11/03/2015,Corinna Mitchell,Home Office,Los Angeles,California,Technology,Phones,Cisco IP Phone 7961G-GE VoIP phone,1212.848,7,0.2,106.1242
CA-2015-140410,11/03/2015,Corinna Mitchell,Home Office,Los Angeles,California,Technology,Accessories,Logitech Trackman Marble Mouse,89.97,3,0,37.7874
CA-2015-140410,11/03/2015,Corinna Mitchell,Home Office,Los Angeles,California,Furniture,Furnishings,Coloredge Poster Frame,42.6,3,0,16.614
CA-2014-136280,11/29/2014,Corey-Lock,Consumer,Philadelphia,Pennsylvania,Office Supplies,Labels,Avery 488,5.04,2,0.2,1.764
CA-2017-151911,4/30/2017,Dionis Lloyd,Corporate,New York City,New York,Office Supplies,Envelopes,"#10-4 1/8"" x 9 1/2"" Premium Diagonal Seam Envelopes",62.96,4,0,28.332
CA-2017-166436,11/24/2017,Todd Sumrall,Corporate,New York City,New York,Office Supplies,Paper,"Adams Telephone Message Book W/Dividers/Space For Phone Numbers, 5 1/4""X8 1/2"", 300/Messages",5.88,1,0,2.8812
CA-2017-166436,11/24/2017,Todd Sumrall,Corporate,New York City,New York,Furniture,Chairs,Global Ergonomic Managers Chair,977.292,6,0.1,173.7408
CA-2017-139661,10/30/2017,Jane Waco,Corporate,Vancouver,Washington,Furniture,Furnishings,Magna Visual Magnetic Picture Hangers,9.64,2,0,3.6632
CA-2014-123925,12/17/2014,Roy Französisch,Consumer,Columbus,Georgia,Office Supplies,Art,Stanley Contemporary Battery Pencil Sharpeners,40.05,3,0,11.214
CA-2017-152485,09/04/2017,John Dryer,Consumer,Coppell,Texas,Office Supplies,Art,"Crayola Anti Dust Chalk, 12/Pack",10.192,7,0.2,3.185
CA-2017-152485,09/04/2017,John Dryer,Consumer,Coppell,Texas,Office Supplies,Storage,Acco Perma 3000 Stacking Storage Drawers,16.784,1,0.2,-0.2098
CA-2017-152485,09/04/2017,John Dryer,Consumer,Coppell,Texas,Office Supplies,Art,"Sanford Colorific Eraseable Coloring Pencils, 12 Count",13.12,5,0.2,3.772
CA-2016-141586,10/17/2016,Neil Knudson,Home Office,San Francisco,California,Office Supplies,Binders,"Avery Durable Plastic 1"" Binders",18.16,5,0.2,6.583
,,,,,,,,,,,,
,,,,,,,,,,,,
,,,,,,,,,,,,
,,,,,,,,,,,,
,,,,,,,,,,,,
,,,,,,,,,,,,
,,,,,,,,,,,,
,,,,,,,,,,,,
,,,,,,,,,,,,
,,,,,,,,,,,,
,,,,,,,,,,,,
,,,,,,,,,,,,
,,,,,,,,,,,,
,,,,,,,,,,,,
,,,,,,,,,,,,
,,,,,,,,,,,,
,,,,,,,,,,,,
,,,,,,,,,,,,
,,,,,,,,,,,,
,,,,,,,,,,,,
,,,,,,,,,,,,
,,,,,,,,,,,,
,,,,,,,,,,,,
,,,,,,,,,,,,
,,,,,,,,,,,,
,,,,,,,,,,,,
,,,,,,,,,,,,
,,,,,,,,,,,,
,,,,,,,,,,,,
,,,,,,,,,,,,
,,,,,,,,,,,,
,,,,,,,,,,,,
,,,,,,,,,,,,
,,,,,,,,,,,,
,,,,,,,,,,,,
,,,,,,,,,,,,
,,,,,,,,,,,,
,,,,,,,,,,,,
,,,,,,,,,,,,
,,,,,,,,,,,,
,,,,,,,,,,,,
,,,,,,,,,,,,
,,,,,,,,,,,,
,,,,,,,,,,,,
,,,,,,,,,,,,
,,,,,,,,,,,,
,,,,,,,,,,,,
,,,,,,,,,,,,
,,,,,,,,,,,,
,,,,,,,,,,,,
,,,,,,,,,,,,
,,,,,,,,,,,,
,,,,,,,,,,,,
,,,,,,,,,,,,
,,,,,,,,,,,,
,,,,,,,,,,,,
,,,,,,,,,,,,
,,,,,,,,,,,,
,,,,,,,,,,,,
,,,,,,,,,,,,
,,,,,,,,,,,,
,,,,,,,,,,,,
,,,,,,,,,,,,
,,,,,,,,,,,,
,,,,,,,,,,,,
,,,,,,,,,,,,
,,,,,,,,,,,,
,,,,,,,,,,,,
,,,,,,,,,,,,
,,,,,,,,,,,,
,,,,,,,,,,,,
,,,,,,,,,,,,
,,,,,,,,,,,,
,,,,,,,,,,,,
,,,,,,,,,,,,
,,,,,,,,,,,,
,,,,,,,,,,,,
,,,,,,,,,,,,
,,,,,,,,,,,,
,,,,,,,,,,,,
,,,,,,,,,,,,
,,,,,,,,,,,,
,,,,,,,,,,,,
,,,,,,,,,,,,
,,,,,,,,,,,,
,,,,,,,,,,,,
,,,,,,,,,,,,
,,,,,,,,,,,,
,,,,,,,,,,,,
,,,,,,,,,,,,
,,,,,,,,,,,,
,,,,,,,,,,,,
,,,,,,,,,,,,
,,,,,,,,,,,,
,,,,,,,,,,,,
,,,,,,,,,,,,
,,,,,,,,,,,,
,,,,,,,,,,,,
,,,,,,,,,,,,
,,,,,,,,,,,,
,,,,,,,,,,,,
,,,,,,,,,,,,
,,,,,,,,,,,,
,,,,,,,,,,,,
,,,,,,,,,,,,
,,,,,,,,,,,,
,,,,,,,,,,,,
,,,,,,,,,,,,
,,,,,,,,,,,,
,,,,,,,,,,,,
,,,,,,,,,,,,
,,,,,,,,,,,,
,,,,,,,,,,,,
,,,,,,,,,,,,
,,,,,,,,,,,,
,,,,,,,,,,,,
,,,,,,,,,,,,
,,,,,,,,,,,,
,,,,,,,,,,,,
,,,,,,,,,,,,
,,,,,,,,,,,,
,,,,,,,,,,,,
,,,,,,,,,,,,
,,,,,,,,,,,,
,,,,,,,,,,,,
,,,,,,,,,,,,
,,,,,,,,,,,,
,,,,,,,,,,,,
,,,,,,,,,,,,
,,,,,,,,,,,,
,,,,,,,,,,,,
,,,,,,,,,,,,
,,,,,,,,,,,,
,,,,,,,,,,,,
,,,,,,,,,,,,
,,,,,,,,,,,,
,,,,,,,,,,,,
,,,,,,,,,,,,
,,,,,,,,,,,,
,,,,,,,,,,,,
,,,,,,,,,,,,
,,,,,,,,,,,,
,,,,,,,,,,,,
,,,,,,,,,,,,
,,,,,,,,,,,,
,,,,,,,,,,,,
,,,,,,,,,,,,
,,,,,,,,,,,,