row_position,source_row_index,cluster_label
0,0,0
1,1,1
2,2,2
3,3,3
4,4,4
5,5,0
6,6,5
7,7,6
8,8,7
9,9,8
10,10,9
11,11,10
12,12,11
13,13,12
14,14,10
15,15,13
16,16,14
17,17,15
18,18,16
19,19,17
20,20,13
21,21,15
22,22,18
23,23,19
24,24,20
25,25,21
26,26,22
27,27,23
28,28,24
29,29,25
30,30,4
31,31,26
32,32,27
33,33,28
34,34,29
35,35,30
36,36,31
37,37,32
38,38,13
39,39,33
40,40,34
41,41,35
42,42,8
43,43,36
44,44,37
45,45,27
46,46,38
47,47,39
48,48,40
49,49,41
50,50,42
51,51,43
52,52,44
53,53,45
54,54,17
55,55,46
56,56,47
57,57,48
58,58,49
59,59,10
60,60,50
61,61,41
62,62,51
63,63,38
64,64,52
65,65,53
66,66,54
67,67,25
68,68,55
69,69,56
70,70,57
71,71,58
72,72,59
73,73,60
74,74,61
75,75,62
76,76,63
77,77,64
78,78,65
79,79,66
80,80,67
81,81,18
82,82,68
83,83,69
84,84,70
85,85,24
86,86,71
87,87,72
88,88,45
89,89,73
90,90,74
91,91,25
92,92,75
93,93,76
94,94,77
95,95,78
96,96,79
97,97,80
98,98,44
99,99,37
100,100,5
101,101,54
102,102,19
103,103,81
104,104,82
105,105,83
106,106,84
107,107,17
108,108,59
109,109,85
110,110,19
111,111,24
112,112,43
113,113,86
114,114,87
115,115,88
116,116,48
117,117,89
118,118,86
119,119,90
120,120,91
121,121,58
122,122,22
123,123,46
124,124,58
125,125,92
126,126,93
127,127,94
128,128,71
129,129,56
130,130,95
131,131,96
132,132,97
133,133,59
134,134,98
135,135,99
136,136,100
137,137,9
138,138,59
139,139,46
140,140,101
141,141,102
142,142,103
143,143,104
144,144,76
145,145,105
146,146,44
147,147,106
148,148,107
149,149,59
150,150,108
151,151,109
152,152,110
153,153,0
154,154,102
155,155,111
156,156,2
157,157,112
158,158,58
159,159,94
160,160,108
161,161,28
162,162,113
163,163,73
164,164,114
165,165,63
166,166,74
167,167,115
168,168,88
169,169,18
170,170,116
171,171,34
172,172,77
173,173,57
174,174,117
175,175,75
176,176,118
177,177,10
178,178,114
179,179,40
180,180,48
181,181,46
182,182,30
183,183,119
184,184,119
185,185,120
186,186,68
187,187,121
188,188,18
189,189,65
190,190,122
191,191,100
192,192,35
193,193,123
194,194,80
195,195,124
196,196,89
197,197,40
198,198,125
199,199,126
200,200,83
201,201,27
202,202,28
203,203,104
204,204,127
205,205,128
206,206,19
207,207,107
208,208,100
209,209,122
210,210,129
211,211,120
212,212,12
213,213,27
214,214,42
215,215,8
216,216,26
217,217,125
218,218,66
219,219,130
220,220,131
221,221,132
222,222,133
223,223,43
224,224,134
225,225,33
226,226,135
227,227,136
228,228,137
229,229,138
230,230,42
231,231,94
232,232,139
233,233,140
234,234,141
235,235,142
236,236,28
237,237,132
238,238,44
239,239,86
240,240,143
241,241,144
242,242,10
243,243,24
244,244,140
245,245,145
246,246,146
247,247,147
248,248,109
249,249,8
250,250,99
251,251,48
252,252,148
253,253,127
254,254,149
255,255,46
256,256,101
257,257,150
258,258,108
259,259,151
260,260,25
261,261,113
262,262,55
263,263,101
264,264,95
265,265,50
266,266,100
267,267,152
268,268,41
269,269,120
270,270,153
271,271,91
272,272,100
273,273,7
274,274,154
275,275,155
276,276,54
277,277,83
278,278,87
279,279,74
280,280,110
281,281,43
282,282,156
283,283,66
284,284,157
285,285,158
286,286,110
287,287,105
288,288,40
289,289,9
290,290,99
291,291,117
292,292,159
293,293,123
294,294,160
295,295,161
296,296,80
297,297,150
298,298,162
299,299,97
300,300,96
301,301,122
302,302,143
303,303,22
304,304,93
305,305,11
306,306,46
307,307,45
308,308,128
309,309,114
310,310,21
311,311,163
312,312,35
313,313,11
314,314,66
315,315,164
316,316,34
317,317,165
318,318,42
319,319,94
320,320,156
321,321,83
322,322,104
323,323,63
324,324,126
325,325,166
326,326,14
327,327,167
328,328,60
329,329,168
330,330,69
331,331,56
332,332,114
333,333,44
334,334,23
335,335,169
336,336,170
337,337,18
338,338,162
339,339,135
340,340,73
341,341,171
342,342,30
343,343,97
344,344,80
345,345,66
346,346,16
347,347,91
348,348,69
349,349,94
350,350,124
351,351,43
352,352,52
353,353,7
354,354,127
355,355,143
356,356,124
357,357,2
358,358,143
359,359,172
360,360,6
361,361,136
362,362,35
363,363,37
364,364,136
365,365,3
366,366,31
367,367,108
368,368,167
369,369,76
370,370,8
371,371,70
372,372,145
373,373,36
374,374,131
375,375,53
376,376,25
377,377,143
378,378,21
379,379,148
380,380,134
381,381,14
382,382,51
383,383,74
384,384,8
385,385,50
386,386,51
387,387,173
388,388,49
389,389,104
390,390,174
391,391,79
392,392,78
393,393,6
394,394,93
395,395,92
396,396,175
397,397,116
398,398,80
399,399,25
400,400,1
401,401,29
402,402,28
403,403,176
404,404,75
405,405,166
406,406,177
407,407,170
408,408,141
409,409,16
410,410,47
411,411,21
412,412,147
413,413,80
414,414,173
415,415,50
416,416,150
417,417,107
418,418,178
419,419,179
420,420,180
421,421,120
422,422,181
423,423,53
424,424,124
425,425,63
426,426,11
427,427,144
428,428,138
429,429,23
430,430,140
431,431,121
432,432,77
433,433,128
434,434,83
435,435,182
436,436,42
437,437,114
438,438,78
439,439,182
440,440,159
441,441,69
442,442,138
443,443,56
444,444,183
445,445,21
446,446,184
447,447,130
448,448,134
449,449,85
450,450,54
451,451,108
452,452,54
453,453,108
454,454,110
455,455,143
456,456,84
457,457,68
458,458,177
459,459,26
460,460,52
461,461,37
462,462,36
463,463,19
464,464,165
465,465,60
466,466,7
467,467,132
468,468,154
469,469,129
470,470,123
471,471,145
472,472,95
473,473,76
474,474,183
475,475,127
476,476,115
477,477,160
478,478,110
479,479,19
480,480,171
481,481,68
482,482,93
483,483,15
484,484,73
485,485,167
486,486,6
487,487,167
488,488,131
489,489,151
490,490,177
491,491,155
492,492,11
493,493,185
494,494,134
495,495,61
496,496,107
497,497,143
498,498,71
499,499,37
500,500,94
501,501,1
502,502,14
503,503,61
504,504,72
505,505,13
506,506,127
507,507,178
508,508,98
509,509,174
510,510,68
511,511,186
512,512,187
513,513,166
514,514,188
515,515,74
516,516,127
517,517,189
518,518,137
519,519,21
520,520,20
521,521,115
522,522,8
523,523,184
524,524,190
525,525,43
526,526,178
527,527,168
528,528,23
529,529,56
530,530,96
531,531,106
532,532,6
533,533,120
534,534,35
535,535,0
536,536,83
537,537,191
538,538,72
539,539,0
540,540,121
541,541,151
542,542,96
543,543,10
544,544,94
545,545,136
546,546,78
547,547,136
548,548,64
549,549,43
550,550,78
551,551,107
552,552,61
553,553,83
554,554,15
555,555,60
556,556,76
557,557,127
558,558,46
559,559,145
560,560,182
561,561,137
562,562,130
563,563,84
564,564,18
565,565,76
566,566,155
567,567,164
568,568,28
569,569,34
570,570,190
571,571,32
572,572,71
573,573,21
574,574,192
575,575,64
576,576,98
577,577,120
578,578,171
579,579,80
580,580,12
581,581,103
582,582,35
583,583,149
584,584,131
585,585,45
586,586,149
587,587,1
588,588,2
589,589,49
590,590,88
591,591,49
592,592,13
593,593,57
594,594,187
595,595,139
596,596,96
597,597,131
598,598,168
599,599,153
600,600,37
601,601,5
602,602,43
603,603,52
604,604,183
605,605,43
606,606,150
607,607,84
608,608,168
609,609,178
610,610,111
611,611,175
612,612,55
613,613,58
614,614,125
615,615,11
616,616,155
617,617,168
618,618,82
619,619,74
620,620,158
621,621,108
622,622,185
623,623,19
624,624,178
625,625,180
626,626,8
627,627,60
628,628,71
629,629,17
630,630,88
631,631,133
632,632,136
633,633,18
634,634,172
635,635,181
636,636,192
637,637,31
638,638,2
639,639,86
640,640,176
641,641,55
642,642,166
643,643,174
644,644,96
645,645,148
646,646,148
647,647,131
648,648,127
649,649,77
650,650,109
651,651,144
652,652,50
653,653,128
654,654,75
655,655,192
656,656,51
657,657,58
658,658,127
659,659,51
660,660,177
661,661,136
662,662,34
663,663,74
664,664,56
665,665,188
666,666,98
667,667,30
668,668,2
669,669,77
670,670,187
671,671,129
672,672,142
673,673,155
674,674,190
675,675,21
676,676,32
677,677,129
678,678,103
679,679,103
680,680,142
681,681,53
682,682,77
683,683,126
684,684,47
685,685,8
686,686,43
687,687,113
688,688,184
689,689,137
690,690,164
691,691,130
692,692,61
693,693,31
694,694,69
695,695,141
696,696,50
697,697,165
698,698,122
699,699,101
700,700,127
701,701,25
702,702,127
703,703,171
704,704,143
705,705,145
706,706,71
707,707,59
708,708,137
709,709,192
710,710,124
711,711,111
712,712,125
713,713,113
714,714,185
715,715,193
716,716,105
717,717,82
718,718,146
719,719,147
720,720,190
721,721,194
722,722,158
723,723,152
724,724,169
725,725,71
726,726,138
727,727,108
728,728,186
729,729,41
730,730,14
731,731,68
732,732,122
733,733,52
734,734,128
735,735,66
736,736,53
737,737,5
738,738,111
739,739,169
740,740,150
741,741,21
742,742,18
743,743,115
744,744,9
745,745,179
746,746,158
747,747,33
748,748,121
749,749,98
750,750,108
751,751,13
752,752,136
753,753,35
754,754,17
755,755,182
756,756,112
757,757,21
758,758,69
759,759,66
760,760,118
761,761,81
762,762,152
763,763,68
764,764,69
765,765,44
766,766,10
767,767,32
768,768,6
769,769,17
770,770,143
771,771,147
772,772,126
773,773,163
774,774,97
775,775,3
776,776,91
777,777,73
778,778,75
779,779,48
780,780,136
781,781,173
782,782,168
783,783,96
784,784,43
785,785,81
786,786,11
787,787,108
788,788,34
789,789,36
790,790,186
791,791,119
792,792,33
793,793,46
794,794,119
795,795,62
796,796,138
797,797,187
798,798,185
799,799,195
800,800,162
801,801,108
802,802,125
803,803,185
804,804,85
805,805,58
806,806,46
807,807,188
808,808,94
809,809,113
810,810,86
811,811,139
812,812,86
813,813,14
814,814,150
815,815,12
816,816,148
817,817,75
818,818,105
819,819,67
820,820,77
821,821,66
822,822,136
823,823,69
824,824,187
825,825,85
826,826,14
827,827,40
828,828,126
829,829,128
830,830,179
831,831,142
832,832,133
833,833,114
834,834,1
835,835,123
836,836,66
837,837,43
838,838,48
839,839,0
840,840,186
841,841,45
842,842,134
843,843,85
844,844,196
845,845,156
846,846,167
847,847,194
848,848,145
849,849,89
850,850,41
851,851,184
852,852,56
853,853,97
854,854,32
855,855,180
856,856,176
857,857,16
858,858,140
859,859,59
860,860,188
861,861,42
862,862,80
863,863,147
864,864,51
865,865,197
866,866,128
867,867,82
868,868,122
869,869,3
870,870,185
871,871,49
872,872,25
873,873,185
874,874,18
875,875,135
876,876,138
877,877,71
878,878,23
879,879,116
880,880,142
881,881,36
882,882,94
883,883,45
884,884,84
885,885,23
886,886,186
887,887,7
888,888,137
889,889,89
890,890,169
891,891,107
892,892,82
893,893,160
894,894,35
895,895,99
896,896,138
897,897,172
898,898,84
899,899,57
900,900,2
901,901,177
902,902,14
903,903,24
904,904,50
905,905,129
906,906,51
907,907,21
908,908,194
909,909,182
910,910,89
911,911,159
912,912,63
913,913,182
914,914,168
915,915,74
916,916,38
917,917,16
918,918,91
919,919,27
920,920,138
921,921,5
922,922,196
923,923,159
924,924,183
925,925,5
926,926,21
927,927,177
928,928,142
929,929,167
930,930,63
931,931,2
932,932,157
933,933,58
934,934,80
935,935,22
936,936,198
937,937,112
938,938,135
939,939,96
940,940,182
941,941,125
942,942,118
943,943,196
944,944,88
945,945,24
946,946,158
947,947,63
948,948,150
949,949,162
950,950,5
951,951,191
952,952,150
953,953,128
954,954,36
955,955,96
956,956,56
957,957,56
958,958,51
959,959,63
960,960,89
961,961,179
962,962,76
963,963,151
964,964,143
965,965,126
966,966,126
967,967,100
968,968,11
969,969,162
970,970,14
971,971,77
972,972,112
973,973,155
974,974,49
975,975,58
976,976,153
977,977,46
978,978,152
979,979,172
980,980,132
981,981,89
982,982,181
983,983,145
984,984,14
985,985,191
986,986,133
987,987,172
988,988,144
989,989,139
990,990,89
991,991,6
992,992,130
993,993,181
994,994,13
995,995,5
996,996,35
997,997,98
998,998,191
999,999,86
1000,1000,110
1001,1001,57
1002,1002,100
1003,1003,194
1004,1004,82
1005,1005,78
1006,1006,174
1007,1007,69
1008,1008,103
1009,1009,42
1010,1010,127
1011,1011,101
1012,1012,13
1013,1013,20
1014,1014,181
1015,1015,11
1016,1016,188
1017,1017,84
1018,1018,25
1019,1019,154
1020,1020,197
1021,1021,22
1022,1022,90
1023,1023,126
1024,1024,27
1025,1025,90
1026,1026,133
1027,1027,179
1028,1028,85
1029,1029,77
1030,1030,153
1031,1031,52
1032,1032,121
1033,1033,59
1034,1034,176
1035,1035,125
1036,1036,45
1037,1037,143
1038,1038,68
1039,1039,199
1040,1040,92
1041,1041,92
1042,1042,10
1043,1043,142
1044,1044,97
1045,1045,86
1046,1046,86
1047,1047,110
1048,1048,95
1049,1049,29
1050,1050,195
1051,1051,14
1052,1052,106
1053,1053,0
1054,1054,0
1055,1055,169
1056,1056,72
1057,1057,149
1058,1058,37
1059,1059,62
1060,1060,59
1061,1061,175
1062,1062,53
1063,1063,10
1064,1064,84
1065,1065,12
1066,1066,45
1067,1067,99
1068,1068,63
1069,1069,20
1070,1070,84
1071,1071,195
1072,1072,192
1073,1073,20
1074,1074,175
1075,1075,157
1076,1076,73
1077,1077,95
1078,1078,10
1079,1079,54
1080,1080,125
1081,1081,149
1082,1082,66
1083,1083,43
1084,1084,155
1085,1085,173
1086,1086,85
1087,1087,97
1088,1088,137
1089,1089,67
1090,1090,32
1091,1091,106
1092,1092,101
1093,1093,17
1094,1094,183
1095,1095,55
1096,1096,86
1097,1097,16
1098,1098,52
1099,1099,43
1100,1100,140
1101,1101,199
1102,1102,74
1103,1103,14
1104,1104,85
1105,1105,79
1106,1106,153
1107,1107,59
1108,1108,195
1109,1109,94
1110,1110,105
1111,1111,139
1112,1112,48
1113,1113,65
1114,1114,151
1115,1115,74
1116,1116,72
1117,1117,161
1118,1118,73
1119,1119,157
1120,1120,115
1121,1121,106
1122,1122,117
1123,1123,95
1124,1124,162
1125,1125,3
1126,1126,131
1127,1127,30
1128,1128,24
1129,1129,81
1130,1130,71
1131,1131,14
1132,1132,30
1133,1133,45
1134,1134,109
1135,1135,36
1136,1136,193
1137,1137,127
1138,1138,46
1139,1139,168
1140,1140,158
1141,1141,190
1142,1142,133
1143,1143,81
1144,1144,63
1145,1145,140
1146,1146,184
1147,1147,101
1148,1148,169
1149,1149,158
1150,1150,139
1151,1151,44
1152,1152,52
1153,1153,14
1154,1154,46
1155,1155,33
1156,1156,1
1157,1157,20
1158,1158,61
1159,1159,185
1160,1160,17
1161,1161,149
1162,1162,191
1163,1163,73
1164,1164,103
1165,1165,99
1166,1166,20
1167,1167,72
1168,1168,120
1169,1169,2
1170,1170,83
1171,1171,161
1172,1172,6
1173,1173,113
1174,1174,134
1175,1175,124
1176,1176,93
1177,1177,165
1178,1178,160
1179,1179,33
1180,1180,188
1181,1181,145
1182,1182,30
1183,1183,106
1184,1184,95
1185,1185,127
1186,1186,109
1187,1187,167
1188,1188,31
1189,1189,31
1190,1190,32
1191,1191,18
1192,1192,135
1193,1193,17
1194,1194,85
1195,1195,7
1196,1196,8
1197,1197,157
1198,1198,129
1199,1199,30
1200,1200,38
1201,1201,140
1202,1202,75
1203,1203,22
1204,1204,17
1205,1205,137
1206,1206,188
1207,1207,53
1208,1208,23
1209,1209,42
1210,1210,60
1211,1211,1
1212,1212,23
1213,1213,80
1214,1214,17
1215,1215,75
1216,1216,149
1217,1217,34
1218,1218,21
1219,1219,14
1220,1220,26
1221,1221,36
1222,1222,157
1223,1223,13
1224,1224,111
1225,1225,61
1226,1226,198
1227,1227,156
1228,1228,15
1229,1229,10
1230,1230,166
1231,1231,146
1232,1232,21
1233,1233,67
1234,1234,117
1235,1235,25
1236,1236,174
1237,1237,122
1238,1238,179
1239,1239,183
1240,1240,42
1241,1241,173
1242,1242,27
1243,1243,25
1244,1244,67
1245,1245,75
1246,1246,92
1247,1247,1
1248,1248,153
1249,1249,120
1250,1250,114
1251,1251,90
1252,1252,24
1253,1253,56
1254,1254,130
1255,1255,121
1256,1256,28
1257,1257,37
1258,1258,15
1259,1259,197
1260,1260,159
1261,1261,74
1262,1262,125
1263,1263,116
1264,1264,121
1265,1265,187
1266,1266,57
1267,1267,51
1268,1268,196
1269,1269,179
1270,1270,7
1271,1271,199
1272,1272,89
1273,1273,179
1274,1274,164
1275,1275,120
1276,1276,102
1277,1277,168
1278,1278,135
1279,1279,171
1280,1280,96
1281,1281,7
1282,1282,76
1283,1283,59
1284,1284,134
1285,1285,49
1286,1286,29
1287,1287,69
1288,1288,72
1289,1289,79
1290,1290,55
1291,1291,71
1292,1292,134
1293,1293,15
1294,1294,39
1295,1295,103
1296,1296,41
1297,1297,34
1298,1298,110
1299,1299,181
1300,1300,48
1301,1301,168
1302,1302,40
1303,1303,15
1304,1304,149
1305,1305,31
1306,1306,196
1307,1307,182
1308,1308,91
1309,1309,153
1310,1310,137
1311,1311,151
1312,1312,14
1313,1313,1
1314,1314,147
1315,1315,162
1316,1316,93
1317,1317,11
1318,1318,198
1319,1319,113
1320,1320,164
1321,1321,125
1322,1322,83
1323,1323,8
1324,1324,102
1325,1325,151
1326,1326,112
1327,1327,108
1328,1328,66
1329,1329,2
1330,1330,27
1331,1331,155
1332,1332,90
1333,1333,24
1334,1334,44
1335,1335,129
1336,1336,119
1337,1337,108
1338,1338,14
1339,1339,150
1340,1340,4
1341,1341,43
1342,1342,171
1343,1343,173
1344,1344,50
1345,1345,32
1346,1346,147
1347,1347,144
1348,1348,184
1349,1349,171
1350,1350,183
1351,1351,92
1352,1352,117
1353,1353,177
1354,1354,98
1355,1355,38
1356,1356,63
1357,1357,109
1358,1358,106
1359,1359,117
1360,1360,2
1361,1361,180
1362,1362,12
1363,1363,121
1364,1364,51
1365,1365,102
1366,1366,187
1367,1367,95
1368,1368,196
1369,1369,75
1370,1370,179
1371,1371,144
1372,1372,176
1373,1373,164
1374,1374,60
1375,1375,153
1376,1376,46
1377,1377,170
1378,1378,14
1379,1379,20
1380,1380,185
1381,1381,143
1382,1382,28
1383,1383,17
1384,1384,7
1385,1385,43
1386,1386,105
1387,1387,114
1388,1388,50
1389,1389,95
1390,1390,164
1391,1391,81
1392,1392,154
1393,1393,24
1394,1394,98
1395,1395,17
1396,1396,12
1397,1397,104
1398,1398,170
1399,1399,141
1400,1400,16
1401,1401,29
1402,1402,62
1403,1403,107
1404,1404,158
1405,1405,109
1406,1406,115
1407,1407,185
1408,1408,140
1409,1409,197
1410,1410,114
1411,1411,65
1412,1412,59
1413,1413,80
1414,1414,91
1415,1415,82
1416,1416,172
1417,1417,58
1418,1418,174
1419,1419,77
1420,1420,170
1421,1421,153
1422,1422,144
1423,1423,144
1424,1424,32
1425,1425,74
1426,1426,94
1427,1427,6
1428,1428,46
1429,1429,142
1430,1430,52
1431,1431,56
1432,1432,120
1433,1433,77
1434,1434,182
1435,1435,12
1436,1436,156
1437,1437,109
1438,1438,39
1439,1439,23
1440,1440,167
1441,1441,61
1442,1442,109
1443,1443,70
1444,1444,140
1445,1445,182
1446,1446,132
1447,1447,120
1448,1448,79
1449,1449,106
1450,1450,151
1451,1451,68
1452,1452,102
1453,1453,40
1454,1454,188
1455,1455,132
1456,1456,187
1457,1457,155
1458,1458,90
1459,1459,103
1460,1460,86
1461,1461,133
1462,1462,122
1463,1463,166
1464,1464,145
1465,1465,152
1466,1466,172
1467,1467,86
1468,1468,53
1469,1469,144
1470,1470,117
1471,1471,136
1472,1472,153
1473,1473,199
1474,1474,6
1475,1475,36
1476,1476,111
1477,1477,100
1478,1478,130
1479,1479,171
1480,1480,3
1481,1481,87
1482,1482,120
1483,1483,95
1484,1484,159
1485,1485,3
1486,1486,9
1487,1487,107
1488,1488,194
1489,1489,94
1490,1490,109
1491,1491,131
1492,1492,157
1493,1493,32
1494,1494,20
1495,1495,111
1496,1496,126
1497,1497,36
1498,1498,182
1499,1499,171
1500,1500,169
1501,1501,80
1502,1502,36
1503,1503,62
1504,1504,153
1505,1505,28
1506,1506,33
1507,1507,81
1508,1508,97
1509,1509,115
1510,1510,90
1511,1511,15
1512,1512,28
1513,1513,162
1514,1514,16
1515,1515,169
1516,1516,168
1517,1517,0
1518,1518,64
1519,1519,58
1520,1520,5
1521,1521,130
1522,1522,41
1523,1523,79
1524,1524,57
1525,1525,72
1526,1526,167
1527,1527,49
1528,1528,166
1529,1529,83
1530,1530,75
1531,1531,19
1532,1532,50
1533,1533,129
1534,1534,49
1535,1535,73
1536,1536,64
1537,1537,121
1538,1538,158
1539,1539,196
1540,1540,190
1541,1541,4
1542,1542,140
1543,1543,15
1544,1544,25
1545,1545,4
1546,1546,124
1547,1547,77
1548,1548,69
1549,1549,118
1550,1550,101
1551,1551,130
1552,1552,130
1553,1553,52
1554,1554,20
1555,1555,98
1556,1556,39
1557,1557,180
1558,1558,141
1559,1559,112
1560,1560,53
1561,1561,20
1562,1562,162
1563,1563,148
1564,1564,54
1565,1565,11
1566,1566,115
1567,1567,190
1568,1568,84
1569,1569,16
1570,1570,43
1571,1571,153
1572,1572,36
1573,1573,111
1574,1574,52
1575,1575,96
1576,1576,27
1577,1577,182
1578,1578,190
1579,1579,63
1580,1580,20
1581,1581,158
1582,1582,165
1583,1583,51
1584,1584,159
1585,1585,35
1586,1586,150
1587,1587,55
1588,1588,41
1589,1589,146
1590,1590,116
1591,1591,59
1592,1592,108
1593,1593,141
1594,1594,188
1595,1595,88
1596,1596,104
1597,1597,131
1598,1598,119
1599,1599,96
1600,1600,15
1601,1601,46
1602,1602,49
1603,1603,177
1604,1604,131
1605,1605,171
1606,1606,17
1607,1607,50
1608,1608,150
1609,1609,105
1610,1610,158
1611,1611,10
1612,1612,148
1613,1613,104
1614,1614,131
1615,1615,153
1616,1616,182
1617,1617,111
1618,1618,83
1619,1619,54
1620,1620,123
1621,1621,174
1622,1622,48
1623,1623,18
1624,1624,52
1625,1625,149
1626,1626,151
1627,1627,198
1628,1628,162
1629,1629,7
1630,1630,120
1631,1631,54
1632,1632,109
1633,1633,9
1634,1634,175
1635,1635,24
1636,1636,105
1637,1637,105
1638,1638,53
1639,1639,56
1640,1640,95
1641,1641,172
1642,1642,113
1643,1643,153
1644,1644,65
1645,1645,52
1646,1646,156
1647,1647,159
1648,1648,95
1649,1649,199
1650,1650,133
1651,1651,160
1652,1652,184
1653,1653,142
1654,1654,138
1655,1655,196
1656,1656,83
1657,1657,59
1658,1658,59
1659,1659,143
1660,1660,141
1661,1661,33
1662,1662,132
1663,1663,58
1664,1664,191
1665,1665,4
1666,1666,185
1667,1667,182
1668,1668,72
1669,1669,91
1670,1670,148
1671,1671,30
1672,1672,125
1673,1673,36
1674,1674,117
1675,1675,70
1676,1676,107
1677,1677,144
1678,1678,13
1679,1679,176
1680,1680,8
1681,1681,39
1682,1682,142
1683,1683,61
1684,1684,166
1685,1685,42
1686,1686,51
1687,1687,120
1688,1688,158
1689,1689,170
1690,1690,107
1691,1691,45
1692,1692,24
1693,1693,30
1694,1694,49
1695,1695,5
1696,1696,153
1697,1697,49
1698,1698,118
1699,1699,82
1700,1700,11
1701,1701,160
1702,1702,22
1703,1703,110
1704,1704,70
1705,1705,77
1706,1706,197
1707,1707,147
1708,1708,149
1709,1709,188
1710,1710,36
1711,1711,141
1712,1712,138
1713,1713,161
1714,1714,163
1715,1715,68
1716,1716,116
1717,1717,5
1718,1718,128
1719,1719,30
1720,1720,174
1721,1721,101
1722,1722,26
1723,1723,7
1724,1724,44
1725,1725,26
1726,1726,83
1727,1727,93
1728,1728,112
1729,1729,3
1730,1730,165
1731,1731,84
1732,1732,77
1733,1733,172
1734,1734,54
1735,1735,181
1736,1736,33
1737,1737,99
1738,1738,123
1739,1739,191
1740,1740,82
1741,1741,46
1742,1742,123
1743,1743,114
1744,1744,89
1745,1745,142
1746,1746,164
1747,1747,143
1748,1748,20
1749,1749,25
1750,1750,25
1751,1751,116
1752,1752,97
1753,1753,169
1754,1754,16
1755,1755,156
1756,1756,108
1757,1757,184
1758,1758,53
1759,1759,188
1760,1760,159
1761,1761,75
1762,1762,99
1763,1763,60
1764,1764,34
1765,1765,111
1766,1766,31
1767,1767,150
1768,1768,21
1769,1769,56
1770,1770,140
1771,1771,90
1772,1772,126
1773,1773,183
1774,1774,81
1775,1775,36
1776,1776,78
1777,1777,13
1778,1778,181
1779,1779,168
1780,1780,90
1781,1781,98
1782,1782,36
1783,1783,82
1784,1784,141
1785,1785,56
1786,1786,124
1787,1787,2
1788,1788,58
1789,1789,34
1790,1790,169
1791,1791,138
1792,1792,55
1793,1793,84
1794,1794,25
1795,1795,149
1796,1796,140
1797,1797,143
1798,1798,47
1799,1799,120
1800,1800,42
1801,1801,93
1802,1802,54
1803,1803,90
1804,1804,33
1805,1805,38
1806,1806,116
1807,1807,62
1808,1808,152
1809,1809,68
1810,1810,169
1811,1811,163
1812,1812,189
1813,1813,117
1814,1814,35
1815,1815,86
1816,1816,9
1817,1817,133
1818,1818,140
1819,1819,9
1820,1820,44
1821,1821,36
1822,1822,33
1823,1823,138
1824,1824,118
1825,1825,132
1826,1826,55
1827,1827,27
1828,1828,14
1829,1829,54
1830,1830,88
1831,1831,161
1832,1832,48
1833,1833,179
1834,1834,174
1835,1835,72
1836,1836,24
1837,1837,163
1838,1838,137
1839,1839,84
1840,1840,130
1841,1841,76
1842,1842,115
1843,1843,124
1844,1844,60
1845,1845,129
1846,1846,123
1847,1847,71
1848,1848,199
1849,1849,110
1850,1850,137
1851,1851,151
1852,1852,164
1853,1853,140
1854,1854,145
1855,1855,101
1856,1856,94
1857,1857,67
1858,1858,182
1859,1859,50
1860,1860,24
1861,1861,69
1862,1862,124
1863,1863,180
1864,1864,199
1865,1865,158
1866,1866,113
1867,1867,110
1868,1868,72
1869,1869,2
1870,1870,193
1871,1871,80
1872,1872,65
1873,1873,42
1874,1874,95
1875,1875,9
1876,1876,162
1877,1877,106
1878,1878,11
1879,1879,181
1880,1880,149
1881,1881,132
1882,1882,91
1883,1883,186
1884,1884,175
1885,1885,192
1886,1886,108
1887,1887,82
1888,1888,115
1889,1889,167
1890,1890,35
1891,1891,6
1892,1892,174
1893,1893,167
1894,1894,1
1895,1895,30
1896,1896,174
1897,1897,131
1898,1898,0
1899,1899,116
1900,1900,83
1901,1901,189
1902,1902,158
1903,1903,31
1904,1904,169
1905,1905,27
1906,1906,81
1907,1907,80
1908,1908,64
1909,1909,110
1910,1910,160
1911,1911,106
1912,1912,127
1913,1913,95
1914,1914,187
1915,1915,139
1916,1916,38
1917,1917,94
1918,1918,44
1919,1919,153
1920,1920,165
1921,1921,41
1922,1922,82
1923,1923,117
1924,1924,35
1925,1925,67
1926,1926,189
1927,1927,148
1928,1928,84
1929,1929,19
1930,1930,102
1931,1931,177
1932,1932,131
1933,1933,51
1934,1934,149
1935,1935,60
1936,1936,24
1937,1937,38
1938,1938,36
1939,1939,71
1940,1940,35
1941,1941,151
1942,1942,94
1943,1943,54
1944,1944,26
1945,1945,50
1946,1946,129
1947,1947,20
1948,1948,21
1949,1949,150
1950,1950,17
1951,1951,67
1952,1952,158
1953,1953,11
1954,1954,82
1955,1955,122
1956,1956,149
1957,1957,46
1958,1958,196
1959,1959,139
1960,1960,191
1961,1961,46
1962,1962,141
1963,1963,156
1964,1964,4
1965,1965,115
1966,1966,180
1967,1967,78
1968,1968,95
1969,1969,187
1970,1970,38
1971,1971,149
1972,1972,16
1973,1973,186
1974,1974,71
1975,1975,51
1976,1976,64
1977,1977,25
1978,1978,64
1979,1979,109
1980,1980,199
1981,1981,179
1982,1982,77
1983,1983,60
1984,1984,172
1985,1985,128
1986,1986,192
1987,1987,149
1988,1988,5
1989,1989,33
1990,1990,126
1991,1991,124
1992,1992,121
1993,1993,191
1994,1994,80
1995,1995,129
1996,1996,112
1997,1997,148
1998,1998,75
1999,1999,141
2000,2000,97
2001,2001,0
2002,2002,72
2003,2003,183
2004,2004,27
2005,2005,82
2006,2006,99
2007,2007,114
2008,2008,15
2009,2009,115
2010,2010,67
2011,2011,176
2012,2012,4
2013,2013,181
2014,2014,109
2015,2015,83
2016,2016,62
2017,2017,87
2018,2018,78
2019,2019,164
2020,2020,172
2021,2021,174
2022,2022,30
2023,2023,39
2024,2024,107
2025,2025,193
2026,2026,115
2027,2027,12
2028,2028,107
2029,2029,162
2030,2030,177
2031,2031,90
2032,2032,114
2033,2033,27
2034,2034,39
2035,2035,168
2036,2036,89
2037,2037,64
2038,2038,78
2039,2039,153
2040,2040,64
2041,2041,15
2042,2042,86
2043,2043,67
2044,2044,28
2045,2045,140
2046,2046,188
2047,2047,47
2048,2048,19
2049,2049,97
2050,2050,193
2051,2051,72
2052,2052,38
2053,2053,140
2054,2054,5
2055,2055,63
2056,2056,82
2057,2057,1
2058,2058,10
2059,2059,128
2060,2060,95
2061,2061,99
2062,2062,127
2063,2063,62
2064,2064,146
2065,2065,145
2066,2066,163
2067,2067,51
2068,2068,42
2069,2069,172
2070,2070,20
2071,2071,72
2072,2072,159
2073,2073,161
2074,2074,2
2075,2075,50
2076,2076,168
2077,2077,162
2078,2078,62
2079,2079,107
2080,2080,135
2081,2081,19
2082,2082,21
2083,2083,81
2084,2084,120
2085,2085,113
2086,2086,48
2087,2087,187
2088,2088,5
2089,2089,166
2090,2090,14
2091,2091,40
2092,2092,11
2093,2093,46
2094,2094,171
2095,2095,51
2096,2096,68
2097,2097,26
2098,2098,162
2099,2099,14
2100,2100,127
2101,2101,160
2102,2102,58
2103,2103,133
2104,2104,48
2105,2105,12
2106,2106,156
2107,2107,131
2108,2108,123
2109,2109,76
2110,2110,34
2111,2111,148
2112,2112,68
2113,2113,180
2114,2114,12
2115,2115,116
2116,2116,186
2117,2117,113
2118,2118,5
2119,2119,92
2120,2120,151
2121,2121,15
2122,2122,160
2123,2123,134
2124,2124,14
2125,2125,90
2126,2126,181
2127,2127,59
2128,2128,29
2129,2129,60
2130,2130,66
2131,2131,156
2132,2132,107
2133,2133,48
2134,2134,31
2135,2135,14
2136,2136,17
2137,2137,81
2138,2138,191
2139,2139,188
2140,2140,145
2141,2141,49
2142,2142,161
2143,2143,44
2144,2144,121
2145,2145,98
2146,2146,40
2147,2147,184
2148,2148,113
2149,2149,134
2150,2150,77
2151,2151,36
2152,2152,25
2153,2153,189
2154,2154,15
2155,2155,113
2156,2156,42
2157,2157,156
2158,2158,131
2159,2159,49
2160,2160,12
2161,2161,138
2162,2162,59
2163,2163,98
2164,2164,68
2165,2165,38
2166,2166,81
2167,2167,149
2168,2168,82
2169,2169,75
2170,2170,92
2171,2171,73
2172,2172,65
2173,2173,164
2174,2174,72
2175,2175,66
2176,2176,62
2177,2177,130
2178,2178,1
2179,2179,2
2180,2180,110
2181,2181,129
2182,2182,197
2183,2183,90
2184,2184,131
2185,2185,36
2186,2186,101
2187,2187,125
2188,2188,90
2189,2189,120
2190,2190,116
2191,2191,120
2192,2192,15
2193,2193,133
2194,2194,159
2195,2195,38
2196,2196,65
2197,2197,124
2198,2198,7
2199,2199,152
2200,2200,79
2201,2201,10
2202,2202,72
2203,2203,52
2204,2204,30
2205,2205,84
2206,2206,40
2207,2207,167
2208,2208,33
2209,2209,182
2210,2210,98
2211,2211,50
2212,2212,65
2213,2213,108
2214,2214,2
2215,2215,95
2216,2216,124
2217,2217,98
2218,2218,51
2219,2219,136
2220,2220,5
2221,2221,159
2222,2222,171
2223,2223,120
2224,2224,186
2225,2225,108
2226,2226,168
2227,2227,28
2228,2228,169
2229,2229,170
2230,2230,167
2231,2231,118
2232,2232,42
2233,2233,80
2234,2234,13
2235,2235,153
2236,2236,191
2237,2237,195
2238,2238,186
2239,2239,31
2240,2240,67
2241,2241,61
2242,2242,116
2243,2243,3
2244,2244,89
2245,2245,10
2246,2246,106
2247,2247,117
2248,2248,170
2249,2249,144
2250,2250,25
2251,2251,38
2252,2252,164
2253,2253,187
2254,2254,64
2255,2255,43
2256,2256,10
2257,2257,99
2258,2258,95
2259,2259,59
2260,2260,185
2261,2261,70
2262,2262,31
2263,2263,102
2264,2264,35
2265,2265,2
2266,2266,67
2267,2267,41
2268,2268,144
2269,2269,61
2270,2270,42
2271,2271,12
2272,2272,129
2273,2273,96
2274,2274,132
2275,2275,152
2276,2276,111
2277,2277,47
2278,2278,22
2279,2279,19
2280,2280,135
2281,2281,119
2282,2282,111
2283,2283,93
2284,2284,41
2285,2285,69
2286,2286,136
2287,2287,50
2288,2288,5
2289,2289,105
2290,2290,75
2291,2291,118
2292,2292,35
2293,2293,126
2294,2294,146
2295,2295,147
2296,2296,158
2297,2297,154
2298,2298,76
2299,2299,193
2300,2300,75
2301,2301,112
2302,2302,125
2303,2303,167
2304,2304,85
2305,2305,65
2306,2306,175
2307,2307,144
2308,2308,68
2309,2309,6
2310,2310,160
2311,2311,182
2312,2312,184
2313,2313,71
2314,2314,94
2315,2315,162
2316,2316,94
2317,2317,56
2318,2318,135
2319,2319,10
2320,2320,79
2321,2321,152
2322,2322,95
2323,2323,145
2324,2324,33
2325,2325,77
2326,2326,35
2327,2327,193
2328,2328,17
2329,2329,56
2330,2330,102
2331,2331,177
2332,2332,20
2333,2333,155
2334,2334,118
2335,2335,125
2336,2336,36
2337,2337,32
2338,2338,68
2339,2339,47
2340,2340,101
2341,2341,171
2342,2342,79
2343,2343,67
2344,2344,175
2345,2345,86
2346,2346,112
2347,2347,100
2348,2348,166
2349,2349,164
2350,2350,114
2351,2351,52
2352,2352,59
2353,2353,143
2354,2354,194
2355,2355,182
2356,2356,175
2357,2357,125
2358,2358,80
2359,2359,164
2360,2360,61
2361,2361,191
2362,2362,101
2363,2363,159
2364,2364,29
2365,2365,18
2366,2366,182
2367,2367,8
2368,2368,105
2369,2369,44
2370,2370,107
2371,2371,52
2372,2372,131
2373,2373,0
2374,2374,67
2375,2375,173
2376,2376,34
2377,2377,121
2378,2378,83
2379,2379,12
2380,2380,90
2381,2381,191
2382,2382,146
2383,2383,105
2384,2384,126
2385,2385,186
2386,2386,60
2387,2387,85
2388,2388,102
2389,2389,142
2390,2390,115
2391,2391,144
2392,2392,13
2393,2393,39
2394,2394,158
2395,2395,51
2396,2396,99
2397,2397,50
2398,2398,155
2399,2399,18
2400,2400,75
2401,2401,105
2402,2402,90
2403,2403,2
2404,2404,26
2405,2405,64
2406,2406,152
2407,2407,108
2408,2408,117
2409,2409,176
2410,2410,53
2411,2411,55
2412,2412,122
2413,2413,146
2414,2414,102
2415,2415,125
2416,2416,174
2417,2417,95
2418,2418,69
2419,2419,195
2420,2420,189
2421,2421,182
2422,2422,126
2423,2423,45
2424,2424,42
2425,2425,128
2426,2426,68
2427,2427,149
2428,2428,155
2429,2429,1
2430,2430,164
2431,2431,127
2432,2432,31
2433,2433,43
2434,2434,17
2435,2435,68
2436,2436,11
2437,2437,70
2438,2438,179
2439,2439,175
2440,2440,15
2441,2441,60
2442,2442,4
2443,2443,50
2444,2444,54
2445,2445,123
2446,2446,171
2447,2447,107
2448,2448,77
2449,2449,68
2450,2450,11
2451,2451,29
2452,2452,186
2453,2453,33
2454,2454,3
2455,2455,46
2456,2456,108
2457,2457,34
2458,2458,189
2459,2459,92
2460,2460,74
2461,2461,157
2462,2462,82
2463,2463,129
2464,2464,66
2465,2465,45
2466,2466,4
2467,2467,97
2468,2468,41
2469,2469,3
2470,2470,123
2471,2471,22
2472,2472,184
2473,2473,30
2474,2474,8
2475,2475,86
2476,2476,127
2477,2477,71
2478,2478,199
2479,2479,100
2480,2480,65
2481,2481,109
2482,2482,95
2483,2483,21
2484,2484,130
2485,2485,145
2486,2486,37
2487,2487,162
2488,2488,158
2489,2489,145
2490,2490,41
2491,2491,79
2492,2492,74
2493,2493,7
2494,2494,121
2495,2495,110
2496,2496,6
2497,2497,90
2498,2498,116
2499,2499,183
2500,2500,30
2501,2501,184
2502,2502,138
2503,2503,80
2504,2504,161
2505,2505,130
2506,2506,158
2507,2507,158
2508,2508,4
2509,2509,88
2510,2510,17
2511,2511,175
2512,2512,12
2513,2513,99
2514,2514,116
2515,2515,49
2516,2516,121
2517,2517,86
2518,2518,191
2519,2519,118
2520,2520,91
2521,2521,56
2522,2522,168
2523,2523,125
2524,2524,179
2525,2525,29
2526,2526,46
2527,2527,5
2528,2528,68
2529,2529,145
2530,2530,6
2531,2531,93
2532,2532,60
2533,2533,38
2534,2534,170
2535,2535,37
2536,2536,181
2537,2537,64
2538,2538,183
2539,2539,177
2540,2540,158
2541,2541,118
2542,2542,120
2543,2543,24
2544,2544,59
2545,2545,32
2546,2546,164
2547,2547,113
2548,2548,1
2549,2549,156
2550,2550,59
2551,2551,50
2552,2552,140
2553,2553,168
2554,2554,148
2555,2555,93
2556,2556,15
2557,2557,20
2558,2558,27
2559,2559,188
2560,2560,123
2561,2561,195
2562,2562,124
2563,2563,110
2564,2564,154
2565,2565,26
2566,2566,192
2567,2567,197
2568,2568,110
2569,2569,59
2570,2570,182
2571,2571,147
2572,2572,139
2573,2573,67
2574,2574,107
2575,2575,128
2576,2576,74
2577,2577,46
2578,2578,154
2579,2579,12
2580,2580,66
2581,2581,60
2582,2582,167
2583,2583,157
2584,2584,93
2585,2585,124
2586,2586,66
2587,2587,94
2588,2588,21
2589,2589,196
2590,2590,145
2591,2591,179
2592,2592,153
2593,2593,50
2594,2594,15
2595,2595,160
2596,2596,143
2597,2597,82
2598,2598,4
2599,2599,132
2600,2600,145
2601,2601,176
2602,2602,186
2603,2603,138
2604,2604,154
2605,2605,140
2606,2606,25
2607,2607,101
2608,2608,141
2609,2609,51
2610,2610,105
2611,2611,194
2612,2612,164
2613,2613,80
2614,2614,137
2615,2615,196
2616,2616,197
2617,2617,150
2618,2618,33
2619,2619,60
2620,2620,29
2621,2621,149
2622,2622,177
2623,2623,178
2624,2624,44
2625,2625,88
2626,2626,163
2627,2627,104
2628,2628,165
2629,2629,165
2630,2630,108
2631,2631,125
2632,2632,175
2633,2633,33
2634,2634,155
2635,2635,33
2636,2636,162
2637,2637,193
2638,2638,43
2639,2639,3
2640,2640,2
2641,2641,60
2642,2642,69
2643,2643,57
2644,2644,133
2645,2645,33
2646,2646,169
2647,2647,86
2648,2648,161
2649,2649,11
2650,2650,143
2651,2651,162
2652,2652,65
2653,2653,52
2654,2654,9
2655,2655,184
2656,2656,52
2657,2657,41
2658,2658,87
2659,2659,14
2660,2660,49
2661,2661,51
2662,2662,93
2663,2663,85
2664,2664,53
2665,2665,51
2666,2666,140
2667,2667,130
2668,2668,78
2669,2669,112
2670,2670,112
2671,2671,141
2672,2672,60
2673,2673,84
2674,2674,59
2675,2675,143
2676,2676,72
2677,2677,147
2678,2678,4
2679,2679,19
2680,2680,53
2681,2681,74
2682,2682,48
2683,2683,179
2684,2684,117
2685,2685,64
2686,2686,114
2687,2687,149
2688,2688,18
2689,2689,41
2690,2690,52
2691,2691,199
2692,2692,162
2693,2693,33
2694,2694,186
2695,2695,178
2696,2696,24
2697,2697,118
2698,2698,161
2699,2699,47
2700,2700,24
2701,2701,170
2702,2702,190
2703,2703,63
2704,2704,44
2705,2705,170
2706,2706,123
2707,2707,20
2708,2708,147
2709,2709,151
2710,2710,171
2711,2711,196
2712,2712,86
2713,2713,54
2714,2714,152
2715,2715,41
2716,2716,80
2717,2717,72
2718,2718,18
2719,2719,180
2720,2720,64
2721,2721,154
2722,2722,129
2723,2723,104
2724,2724,166
2725,2725,11
2726,2726,107
2727,2727,131
2728,2728,34
2729,2729,116
2730,2730,133
2731,2731,50
2732,2732,56
2733,2733,182
2734,2734,180
2735,2735,110
2736,2736,112
2737,2737,174
2738,2738,78
2739,2739,133
2740,2740,72
2741,2741,49
2742,2742,1
2743,2743,65
2744,2744,49
2745,2745,35
2746,2746,5
2747,2747,93
2748,2748,184
2749,2749,134
2750,2750,9
2751,2751,0
2752,2752,66
2753,2753,145
2754,2754,165
2755,2755,169
2756,2756,19
2757,2757,12
2758,2758,37
2759,2759,84
2760,2760,153
2761,2761,136
2762,2762,124
2763,2763,131
2764,2764,190
2765,2765,25
2766,2766,197
2767,2767,111
2768,2768,69
2769,2769,24
2770,2770,196
2771,2771,143
2772,2772,39
2773,2773,14
2774,2774,102
2775,2775,31
2776,2776,189
2777,2777,58
2778,2778,10
2779,2779,39
2780,2780,12
2781,2781,189
2782,2782,96
2783,2783,100
2784,2784,139
2785,2785,190
2786,2786,162
2787,2787,73
2788,2788,181
2789,2789,80
2790,2790,191
2791,2791,162
2792,2792,179
2793,2793,27
2794,2794,197
2795,2795,36
2796,2796,146
2797,2797,100
2798,2798,111
2799,2799,186
2800,2800,164
2801,2801,64
2802,2802,162
2803,2803,152
2804,2804,123
2805,2805,2
2806,2806,148
2807,2807,187
2808,2808,96
2809,2809,152
2810,2810,150
2811,2811,117
2812,2812,118
2813,2813,98
2814,2814,33
2815,2815,137
2816,2816,192
2817,2817,132
2818,2818,115
2819,2819,3
2820,2820,109
2821,2821,177
2822,2822,139
2823,2823,168
2824,2824,142
2825,2825,159
2826,2826,17
2827,2827,143
2828,2828,102
2829,2829,72
2830,2830,103
2831,2831,187
2832,2832,9
2833,2833,117
2834,2834,169
2835,2835,186
2836,2836,106
2837,2837,87
2838,2838,7
2839,2839,108
2840,2840,167
2841,2841,168
2842,2842,6
2843,2843,182
2844,2844,1
2845,2845,182
2846,2846,11
2847,2847,129
2848,2848,42
2849,2849,106
2850,2850,151
2851,2851,1
2852,2852,165
2853,2853,154
2854,2854,182
2855,2855,49
2856,2856,158
2857,2857,11
2858,2858,173
2859,2859,199
2860,2860,62
2861,2861,114
2862,2862,42
2863,2863,141
2864,2864,166
2865,2865,38
2866,2866,22
2867,2867,170
2868,2868,128
2869,2869,13
2870,2870,92
2871,2871,48
2872,2872,29
2873,2873,160
2874,2874,28
2875,2875,28
2876,2876,26
2877,2877,185
2878,2878,169
2879,2879,142
2880,2880,142
2881,2881,118
2882,2882,178
2883,2883,83
2884,2884,126
2885,2885,116
2886,2886,103
2887,2887,170
2888,2888,100
2889,2889,88
2890,2890,180
2891,2891,191
2892,2892,92
2893,2893,65
2894,2894,137
2895,2895,61
2896,2896,17
2897,2897,169
2898,2898,7
2899,2899,121
2900,2900,82
2901,2901,123
2902,2902,46
2903,2903,32
2904,2904,103
2905,2905,197
2906,2906,174
2907,2907,69
2908,2908,35
2909,2909,133
2910,2910,120
2911,2911,140
2912,2912,56
2913,2913,11
2914,2914,97
2915,2915,125
2916,2916,60
2917,2917,3
2918,2918,24
2919,2919,98
2920,2920,136
2921,2921,89
2922,2922,91
2923,2923,79
2924,2924,28
2925,2925,69
2926,2926,106
2927,2927,93
2928,2928,190
2929,2929,40
2930,2930,25
2931,2931,134
2932,2932,169
2933,2933,191
2934,2934,132
2935,2935,119
2936,2936,127
2937,2937,116
2938,2938,71
2939,2939,4
2940,2940,108
2941,2941,95
2942,2942,64
2943,2943,149
2944,2944,197
2945,2945,45
2946,2946,174
2947,2947,84
2948,2948,110
2949,2949,163
2950,2950,130
2951,2951,105
2952,2952,8
2953,2953,149
2954,2954,84
2955,2955,174
2956,2956,173
2957,2957,161
2958,2958,7
2959,2959,158
2960,2960,9
2961,2961,121
2962,2962,198
2963,2963,50
2964,2964,78
2965,2965,114
2966,2966,34
2967,2967,19
2968,2968,99
2969,2969,142
2970,2970,26
2971,2971,101
2972,2972,63
2973,2973,14
2974,2974,55
2975,2975,134
2976,2976,70
2977,2977,157
2978,2978,192
2979,2979,72
2980,2980,43
2981,2981,14
2982,2982,52
2983,2983,40
2984,2984,132
2985,2985,96
2986,2986,153
2987,2987,68
2988,2988,174
2989,2989,136
2990,2990,155
2991,2991,182
2992,2992,107
2993,2993,195
2994,2994,169
2995,2995,152
2996,2996,108
2997,2997,148
2998,2998,176
2999,2999,55
3000,3000,32
3001,3001,115
3002,3002,98
3003,3003,54
3004,3004,32
3005,3005,49
3006,3006,9
3007,3007,110
3008,3008,14
3009,3009,146
3010,3010,79
3011,3011,159
3012,3012,111
3013,3013,197
3014,3014,156
3015,3015,148
3016,3016,0
3017,3017,68
3018,3018,117
3019,3019,195
3020,3020,167
3021,3021,173
3022,3022,152
3023,3023,43
3024,3024,38
3025,3025,67
3026,3026,178
3027,3027,129
3028,3028,167
3029,3029,75
3030,3030,81
3031,3031,116
3032,3032,156
3033,3033,176
3034,3034,5
3035,3035,95
3036,3036,197
3037,3037,82
3038,3038,33
3039,3039,44
3040,3040,104
3041,3041,118
3042,3042,170
3043,3043,89
3044,3044,119
3045,3045,82
3046,3046,110
3047,3047,165
3048,3048,126
3049,3049,96
3050,3050,109
3051,3051,190
3052,3052,101
3053,3053,125
3054,3054,192
3055,3055,52
3056,3056,119
3057,3057,39
3058,3058,194
3059,3059,141
3060,3060,130
3061,3061,128
3062,3062,175
3063,3063,169
3064,3064,87
3065,3065,116
3066,3066,62
3067,3067,57
3068,3068,19
3069,3069,97
3070,3070,11
3071,3071,175
3072,3072,96
3073,3073,151
3074,3074,91
3075,3075,40
3076,3076,192
3077,3077,140
3078,3078,30
3079,3079,23
3080,3080,136
3081,3081,197
3082,3082,43
3083,3083,71
3084,3084,71
3085,3085,16
3086,3086,23
3087,3087,60
3088,3088,155
3089,3089,42
3090,3090,172
3091,3091,69
3092,3092,148
3093,3093,24
3094,3094,173
3095,3095,190
3096,3096,126
3097,3097,138
3098,3098,13
3099,3099,191
3100,3100,91
3101,3101,100
3102,3102,90
3103,3103,6
3104,3104,168
3105,3105,47
3106,3106,114
3107,3107,80
3108,3108,24
3109,3109,9
3110,3110,49
3111,3111,161
3112,3112,197
3113,3113,10
3114,3114,189
3115,3115,160
3116,3116,169
3117,3117,119
3118,3118,199
3119,3119,136
3120,3120,110
3121,3121,14
3122,3122,174
3123,3123,168
3124,3124,198
3125,3125,88
3126,3126,152
3127,3127,148
3128,3128,153
3129,3129,165
3130,3130,169
3131,3131,78
3132,3132,134
3133,3133,133
3134,3134,43
3135,3135,165
3136,3136,17
3137,3137,126
3138,3138,170
3139,3139,127
3140,3140,111
3141,3141,12
3142,3142,46
3143,3143,135
3144,3144,49
3145,3145,122
3146,3146,46
3147,3147,108
3148,3148,169
3149,3149,123
3150,3150,120
3151,3151,143
3152,3152,187
3153,3153,136
3154,3154,49
3155,3155,5
3156,3156,112
3157,3157,104
3158,3158,89
3159,3159,85
3160,3160,185
3161,3161,133
3162,3162,167
3163,3163,156
3164,3164,60
3165,3165,72
3166,3166,135
3167,3167,173
3168,3168,28
3169,3169,174
3170,3170,190
3171,3171,171
3172,3172,84
3173,3173,110
3174,3174,25
3175,3175,106
3176,3176,146
3177,3177,20
3178,3178,125
3179,3179,60
3180,3180,60
3181,3181,110
3182,3182,4
3183,3183,144
3184,3184,35
3185,3185,175
3186,3186,40
3187,3187,78
3188,3188,177
3189,3189,164
3190,3190,77
3191,3191,142
3192,3192,133
3193,3193,88
3194,3194,195
3195,3195,133
3196,3196,58
3197,3197,85
3198,3198,59
3199,3199,79
3200,3200,28
3201,3201,45
3202,3202,73
3203,3203,148
3204,3204,43
3205,3205,1
3206,3206,2
3207,3207,45
3208,3208,108
3209,3209,111
3210,3210,4
3211,3211,144
3212,3212,41
3213,3213,97
3214,3214,90
3215,3215,80
3216,3216,55
3217,3217,194
3218,3218,86
3219,3219,40
3220,3220,9
3221,3221,110
3222,3222,71
3223,3223,151
3224,3224,180
3225,3225,180
3226,3226,65
3227,3227,145
3228,3228,135
3229,3229,92
3230,3230,191
3231,3231,10
3232,3232,28
3233,3233,149
3234,3234,143
3235,3235,53
3236,3236,190
3237,3237,84
3238,3238,140
3239,3239,27
3240,3240,77
3241,3241,147
3242,3242,71
3243,3243,111
3244,3244,85
3245,3245,93
3246,3246,168
3247,3247,173
3248,3248,33
3249,3249,149
3250,3250,42
3251,3251,172
3252,3252,13
3253,3253,181
3254,3254,59
3255,3255,15
3256,3256,9
3257,3257,52
3258,3258,57
3259,3259,47
3260,3260,174
3261,3261,65
3262,3262,154
3263,3263,12
3264,3264,157
3265,3265,117
3266,3266,9
3267,3267,130
3268,3268,185
3269,3269,50
3270,3270,161
3271,3271,160
3272,3272,127
3273,3273,50
3274,3274,126
3275,3275,174
3276,3276,58
3277,3277,114
3278,3278,181
3279,3279,122
3280,3280,128
3281,3281,67
3282,3282,89
3283,3283,6
3284,3284,43
3285,3285,184
3286,3286,138
3287,3287,80
3288,3288,76
3289,3289,190
3290,3290,144
3291,3291,59
3292,3292,46
3293,3293,175
3294,3294,124
3295,3295,196
3296,3296,191
3297,3297,56
3298,3298,32
3299,3299,45
3300,3300,17
3301,3301,144
3302,3302,95
3303,3303,194
3304,3304,127
3305,3305,55
3306,3306,30
3307,3307,127
3308,3308,171
3309,3309,168
3310,3310,10
3311,3311,98
3312,3312,67
3313,3313,71
3314,3314,162
3315,3315,46
3316,3316,135
3317,3317,53
3318,3318,175
3319,3319,92
3320,3320,178
3321,3321,160
3322,3322,173
3323,3323,75
3324,3324,109
3325,3325,129
3326,3326,168
3327,3327,159
3328,3328,37
3329,3329,198
3330,3330,198
3331,3331,52
3332,3332,61
3333,3333,87
3334,3334,82
3335,3335,5
3336,3336,178
3337,3337,7
3338,3338,196
3339,3339,135
3340,3340,197
3341,3341,47
3342,3342,1
3343,3343,98
3344,3344,111
3345,3345,141
3346,3346,42
3347,3347,169
3348,3348,185
3349,3349,85
3350,3350,97
3351,3351,162
3352,3352,54
3353,3353,9
3354,3354,103
3355,3355,160
3356,3356,54
3357,3357,74
3358,3358,133
3359,3359,196
3360,3360,4
3361,3361,1
3362,3362,81
3363,3363,107
3364,3364,162
3365,3365,178
3366,3366,38
3367,3367,87
3368,3368,7
3369,3369,122
3370,3370,49
3371,3371,44
3372,3372,117
3373,3373,40
3374,3374,109
3375,3375,33
3376,3376,175
3377,3377,54
3378,3378,7
3379,3379,192
3380,3380,28
3381,3381,63
3382,3382,124
3383,3383,17
3384,3384,186
3385,3385,117
3386,3386,87
3387,3387,161
3388,3388,11
3389,3389,150
3390,3390,170
3391,3391,112
3392,3392,34
3393,3393,106
3394,3394,171
3395,3395,31
3396,3396,123
3397,3397,189
3398,3398,45
3399,3399,160
3400,3400,137
3401,3401,183
3402,3402,37
3403,3403,179
3404,3404,104
3405,3405,88
3406,3406,177
3407,3407,104
3408,3408,41
3409,3409,28
3410,3410,49
3411,3411,155
3412,3412,148
3413,3413,57
3414,3414,151
3415,3415,155
3416,3416,191
3417,3417,78
3418,3418,100
3419,3419,132
3420,3420,7
3421,3421,64
3422,3422,54
3423,3423,132
3424,3424,77
3425,3425,2
3426,3426,54
3427,3427,174
3428,3428,198
3429,3429,126
3430,3430,20
3431,3431,10
3432,3432,105
3433,3433,11
3434,3434,109
3435,3435,111
3436,3436,57
3437,3437,78
3438,3438,106
3439,3439,197
3440,3440,179
3441,3441,41
3442,3442,34
3443,3443,163
3444,3444,169
3445,3445,91
3446,3446,193
3447,3447,64
3448,3448,195
3449,3449,32
3450,3450,145
3451,3451,120
3452,3452,62
3453,3453,191
3454,3454,181
3455,3455,134
3456,3456,164
3457,3457,144
3458,3458,67
3459,3459,91
3460,3460,29
3461,3461,196
3462,3462,69
3463,3463,177
3464,3464,139
3465,3465,117
3466,3466,127
3467,3467,163
3468,3468,131
3469,3469,191
3470,3470,145
3471,3471,119
3472,3472,14
3473,3473,58
3474,3474,163
3475,3475,69
3476,3476,42
3477,3477,50
3478,3478,51
3479,3479,24
3480,3480,194
3481,3481,78
3482,3482,11
3483,3483,187
3484,3484,67
3485,3485,34
3486,3486,145
3487,3487,79
3488,3488,73
3489,3489,112
3490,3490,127
3491,3491,118
3492,3492,188
3493,3493,153
3494,3494,158
3495,3495,69
3496,3496,46
3497,3497,1
3498,3498,63
3499,3499,24
3500,3500,42
3501,3501,18
3502,3502,187
3503,3503,93
3504,3504,1
3505,3505,112
3506,3506,52
3507,3507,134
3508,3508,43
3509,3509,144
3510,3510,171
3511,3511,174
3512,3512,116
3513,3513,68
3514,3514,77
3515,3515,76
3516,3516,113
3517,3517,37
3518,3518,177
3519,3519,95
3520,3520,136
3521,3521,33
3522,3522,121
3523,3523,47
3524,3524,183
3525,3525,108
3526,3526,171
3527,3527,27
3528,3528,193
3529,3529,0
3530,3530,127
3531,3531,177
3532,3532,190
3533,3533,78
3534,3534,159
3535,3535,114
3536,3536,176
3537,3537,67
3538,3538,162
3539,3539,136
3540,3540,102
3541,3541,143
3542,3542,101
3543,3543,175
3544,3544,165
3545,3545,186
3546,3546,47
3547,3547,19
3548,3548,127
3549,3549,78
3550,3550,59
3551,3551,157
3552,3552,140
3553,3553,55
3554,3554,0
3555,3555,80
3556,3556,10
3557,3557,121
3558,3558,86
3559,3559,44
3560,3560,47
3561,3561,20
3562,3562,4
3563,3563,116
3564,3564,141
3565,3565,53
3566,3566,169
3567,3567,53
3568,3568,1
3569,3569,90
3570,3570,140
3571,3571,187
3572,3572,12
3573,3573,169
3574,3574,140
3575,3575,139
3576,3576,190
3577,3577,48
3578,3578,155
3579,3579,124
3580,3580,82
3581,3581,36
3582,3582,112
3583,3583,193
3584,3584,162
3585,3585,183
3586,3586,74
3587,3587,123
3588,3588,162
3589,3589,131
3590,3590,131
3591,3591,184
3592,3592,36
3593,3593,193
3594,3594,70
3595,3595,33
3596,3596,153
3597,3597,52
3598,3598,151
3599,3599,147
3600,3600,136
3601,3601,181
3602,3602,129
3603,3603,81
3604,3604,150
3605,3605,199
3606,3606,53
3607,3607,30
3608,3608,150
3609,3609,43
3610,3610,5
3611,3611,141
3612,3612,128
3613,3613,195
3614,3614,108
3615,3615,92
3616,3616,89
3617,3617,171
3618,3618,184
3619,3619,128
3620,3620,186
3621,3621,4
3622,3622,153
3623,3623,119
3624,3624,159
3625,3625,37
3626,3626,75
3627,3627,1
3628,3628,141
3629,3629,123
3630,3630,9
3631,3631,109
3632,3632,65
3633,3633,170
3634,3634,8
3635,3635,68
3636,3636,183
3637,3637,38
3638,3638,180
3639,3639,25
3640,3640,180
3641,3641,129
3642,3642,185
3643,3643,80
3644,3644,195
3645,3645,190
3646,3646,95
3647,3647,89
3648,3648,191
3649,3649,135
3650,3650,178
3651,3651,94
3652,3652,78
3653,3653,189
3654,3654,81
3655,3655,191
3656,3656,161
3657,3657,25
3658,3658,175
3659,3659,8
3660,3660,55
3661,3661,32
3662,3662,145
3663,3663,80
3664,3664,43
3665,3665,72
3666,3666,67
3667,3667,132
3668,3668,26
3669,3669,90
3670,3670,90
3671,3671,119
3672,3672,105
3673,3673,46
3674,3674,146
3675,3675,17
3676,3676,164
3677,3677,137
3678,3678,95
3679,3679,134
3680,3680,45
3681,3681,99
3682,3682,151
3683,3683,105
3684,3684,96
3685,3685,12
3686,3686,42
3687,3687,147
3688,3688,15
3689,3689,120
3690,3690,89
3691,3691,128
3692,3692,91
3693,3693,41
3694,3694,139
3695,3695,22
3696,3696,178
3697,3697,26
3698,3698,190
3699,3699,135
3700,3700,123
3701,3701,95
3702,3702,69
3703,3703,115
3704,3704,37
3705,3705,137
3706,3706,184
3707,3707,8
3708,3708,7
3709,3709,195
3710,3710,199
3711,3711,153
3712,3712,55
3713,3713,119
3714,3714,185
3715,3715,67
3716,3716,52
3717,3717,99
3718,3718,158
3719,3719,128
3720,3720,174
3721,3721,133
3722,3722,35
3723,3723,14
3724,3724,38
3725,3725,170
3726,3726,127
3727,3727,178
3728,3728,126
3729,3729,187
3730,3730,86
3731,3731,65
3732,3732,76
3733,3733,33
3734,3734,169
3735,3735,35
3736,3736,117
3737,3737,60
3738,3738,196
3739,3739,33
3740,3740,21
3741,3741,108
3742,3742,192
3743,3743,153
3744,3744,15
3745,3745,121
3746,3746,16
3747,3747,148
3748,3748,183
3749,3749,159
3750,3750,150
3751,3751,172
3752,3752,18
3753,3753,98
3754,3754,139
3755,3755,44
3756,3756,139
3757,3757,104
3758,3758,173
3759,3759,199
3760,3760,179
3761,3761,80
3762,3762,6
3763,3763,12
3764,3764,14
3765,3765,131
3766,3766,156
3767,3767,113
3768,3768,101
3769,3769,143
3770,3770,64
3771,3771,15
3772,3772,160
3773,3773,109
3774,3774,195
3775,3775,18
3776,3776,73
3777,3777,28
3778,3778,34
3779,3779,27
3780,3780,3
3781,3781,124
3782,3782,22
3783,3783,78
3784,3784,1
3785,3785,186
3786,3786,126
3787,3787,33
3788,3788,65
3789,3789,24
3790,3790,168
3791,3791,142
3792,3792,121
3793,3793,141
3794,3794,57
3795,3795,91
3796,3796,43
3797,3797,169
3798,3798,137
3799,3799,168
3800,3800,178
3801,3801,9
3802,3802,41
3803,3803,107
3804,3804,79
3805,3805,159
3806,3806,37
3807,3807,26
3808,3808,40
3809,3809,115
3810,3810,161
3811,3811,49
3812,3812,51
3813,3813,164
3814,3814,107
3815,3815,10
3816,3816,153
3817,3817,139
3818,3818,172
3819,3819,70
3820,3820,13
3821,3821,78
3822,3822,30
3823,3823,162
3824,3824,88
3825,3825,12
3826,3826,195
3827,3827,75
3828,3828,9
3829,3829,44
3830,3830,185
3831,3831,152
3832,3832,60
3833,3833,75
3834,3834,135
3835,3835,9
3836,3836,31
3837,3837,43
3838,3838,178
3839,3839,8
3840,3840,119
3841,3841,198
3842,3842,182
3843,3843,88
3844,3844,127
3845,3845,5
3846,3846,130
3847,3847,42
3848,3848,9
3849,3849,43
3850,3850,43
3851,3851,140
3852,3852,66
3853,3853,123
3854,3854,93
3855,3855,8
3856,3856,12
3857,3857,22
3858,3858,180
3859,3859,196
3860,3860,167
3861,3861,182
3862,3862,59
3863,3863,184
3864,3864,117
3865,3865,151
3866,3866,0
3867,3867,35
3868,3868,53
3869,3869,138
3870,3870,71
3871,3871,82
3872,3872,153
3873,3873,48
3874,3874,11
3875,3875,75
3876,3876,34
3877,3877,79
3878,3878,97
3879,3879,35
3880,3880,46
3881,3881,173
3882,3882,55
3883,3883,42
3884,3884,19
3885,3885,45
3886,3886,52
3887,3887,145
3888,3888,193
3889,3889,189
3890,3890,162
3891,3891,161
3892,3892,179
3893,3893,123
3894,3894,57
3895,3895,89
3896,3896,190
3897,3897,1
3898,3898,175
3899,3899,27
3900,3900,8
3901,3901,62
3902,3902,14
3903,3903,89
3904,3904,120
3905,3905,159
3906,3906,138
3907,3907,127
3908,3908,91
3909,3909,119
3910,3910,78
3911,3911,129
3912,3912,105
3913,3913,99
3914,3914,122
3915,3915,123
3916,3916,84
3917,3917,130
3918,3918,100
3919,3919,152
3920,3920,20
3921,3921,3
3922,3922,126
3923,3923,96
3924,3924,0
3925,3925,136
3926,3926,77
3927,3927,130
3928,3928,78
3929,3929,28
3930,3930,16
3931,3931,47
3932,3932,115
3933,3933,184
3934,3934,90
3935,3935,63
3936,3936,36
3937,3937,46
3938,3938,163
3939,3939,95
3940,3940,130
3941,3941,73
3942,3942,14
3943,3943,180
3944,3944,163
3945,3945,17
3946,3946,44
3947,3947,79
3948,3948,144
3949,3949,79
3950,3950,91
3951,3951,43
3952,3952,27
3953,3953,110
3954,3954,93
3955,3955,140
3956,3956,28
3957,3957,4
3958,3958,20
3959,3959,45
3960,3960,21
3961,3961,66
3962,3962,89
3963,3963,48
3964,3964,94
3965,3965,112
3966,3966,168
3967,3967,174
3968,3968,74
3969,3969,23
3970,3970,41
3971,3971,198
3972,3972,175
3973,3973,175
3974,3974,34
3975,3975,123
3976,3976,136
3977,3977,88
3978,3978,192
3979,3979,90
3980,3980,158
3981,3981,151
3982,3982,186
3983,3983,38
3984,3984,198
3985,3985,146
3986,3986,121
3987,3987,190
3988,3988,0
3989,3989,8
3990,3990,123
3991,3991,61
3992,3992,159
3993,3993,2
3994,3994,175
3995,3995,158
3996,3996,24
3997,3997,116
3998,3998,27
3999,3999,127
4000,4000,16
4001,4001,174
4002,4002,38
4003,4003,100
4004,4004,188
4005,4005,143
4006,4006,170
4007,4007,126
4008,4008,26
4009,4009,87
4010,4010,62
4011,4011,57
4012,4012,185
4013,4013,32
4014,4014,154
4015,4015,21
4016,4016,50
4017,4017,122
4018,4018,44
4019,4019,169
4020,4020,1
4021,4021,137
4022,4022,60
4023,4023,109
4024,4024,63
4025,4025,86
4026,4026,188
4027,4027,126
4028,4028,197
4029,4029,120
4030,4030,153
4031,4031,11
4032,4032,157
4033,4033,126
4034,4034,63
4035,4035,178
4036,4036,178
4037,4037,73
4038,4038,20
4039,4039,122
4040,4040,32
4041,4041,128
4042,4042,51
4043,4043,175
4044,4044,2
4045,4045,151
4046,4046,139
4047,4047,24
4048,4048,56
4049,4049,108
4050,4050,84
4051,4051,27
4052,4052,21
4053,4053,105
4054,4054,136
4055,4055,124
4056,4056,1
4057,4057,61
4058,4058,77
4059,4059,66
4060,4060,6
4061,4061,39
4062,4062,58
4063,4063,160
4064,4064,37
4065,4065,91
4066,4066,47
4067,4067,31
4068,4068,167
4069,4069,55
4070,4070,83
4071,4071,127
4072,4072,0
4073,4073,76
4074,4074,187
4075,4075,11
4076,4076,185
4077,4077,179
4078,4078,148
4079,4079,173
4080,4080,51
4081,4081,100
4082,4082,123
4083,4083,110
4084,4084,89
4085,4085,159
4086,4086,66
4087,4087,122
4088,4088,99
4089,4089,79
4090,4090,138
4091,4091,53
4092,4092,198
4093,4093,10
4094,4094,63
4095,4095,38
4096,4096,64
4097,4097,32
4098,4098,0
4099,4099,24
4100,4100,120
4101,4101,187
4102,4102,135
4103,4103,23
4104,4104,189
4105,4105,189
4106,4106,14
4107,4107,162
4108,4108,195
4109,4109,32
4110,4110,117
4111,4111,40
4112,4112,141
4113,4113,174
4114,4114,192
4115,4115,183
4116,4116,142
4117,4117,3
4118,4118,138
4119,4119,103
4120,4120,53
4121,4121,58
4122,4122,34
4123,4123,49
4124,4124,31
4125,4125,199
4126,4126,24
4127,4127,192
4128,4128,100
4129,4129,146
4130,4130,65
4131,4131,88
4132,4132,166
4133,4133,45
4134,4134,43
4135,4135,144
4136,4136,195
4137,4137,120
4138,4138,40
4139,4139,56
4140,4140,177
4141,4141,3
4142,4142,195
4143,4143,164
4144,4144,129
4145,4145,141
4146,4146,49
4147,4147,18
4148,4148,68
4149,4149,194
4150,4150,141
4151,4151,20
4152,4152,54
4153,4153,66
4154,4154,138
4155,4155,175
4156,4156,183
4157,4157,78
4158,4158,153
4159,4159,31
4160,4160,31
4161,4161,196
4162,4162,70
4163,4163,72
4164,4164,134
4165,4165,105
4166,4166,108
4167,4167,127
4168,4168,17
4169,4169,75
4170,4170,122
4171,4171,119
4172,4172,156
4173,4173,53
4174,4174,43
4175,4175,181
4176,4176,109
4177,4177,147
4178,4178,158
4179,4179,134
4180,4180,170
4181,4181,39
4182,4182,92
4183,4183,195
4184,4184,62
4185,4185,64
4186,4186,132
4187,4187,179
4188,4188,108
4189,4189,87
4190,4190,50
4191,4191,138
4192,4192,35
4193,4193,190
4194,4194,64
4195,4195,127
4196,4196,194
4197,4197,10
4198,4198,45
4199,4199,105
4200,4200,110
4201,4201,81
4202,4202,175
4203,4203,82
4204,4204,139
4205,4205,67
4206,4206,40
4207,4207,107
4208,4208,149
4209,4209,168
4210,4210,103
4211,4211,116
4212,4212,40
4213,4213,195
4214,4214,194
4215,4215,64
4216,4216,17
4217,4217,46
4218,4218,109
4219,4219,10
4220,4220,75
4221,4221,5
4222,4222,51
4223,4223,35
4224,4224,52
4225,4225,190
4226,4226,68
4227,4227,21
4228,4228,151
4229,4229,4
4230,4230,7
4231,4231,94
4232,4232,127
4233,4233,10
4234,4234,127
4235,4235,132
4236,4236,196
4237,4237,21
4238,4238,197
4239,4239,132
4240,4240,115
4241,4241,188
4242,4242,118
4243,4243,178
4244,4244,55
4245,4245,132
4246,4246,105
4247,4247,87
4248,4248,155
4249,4249,149
4250,4250,5
4251,4251,34
4252,4252,109
4253,4253,122
4254,4254,113
4255,4255,165
4256,4256,111
4257,4257,95
4258,4258,5
4259,4259,171
4260,4260,117
4261,4261,125
4262,4262,50
4263,4263,132
4264,4264,71
4265,4265,4
4266,4266,26
4267,4267,40
4268,4268,79
4269,4269,192
4270,4270,36
4271,4271,179
4272,4272,22
4273,4273,174
4274,4274,190
4275,4275,92
4276,4276,83
4277,4277,100
4278,4278,7
4279,4279,114
4280,4280,6
4281,4281,137
4282,4282,162
4283,4283,124
4284,4284,159
4285,4285,83
4286,4286,20
4287,4287,62
4288,4288,81
4289,4289,14
4290,4290,64
4291,4291,162
4292,4292,97
4293,4293,16
4294,4294,44
4295,4295,133
4296,4296,132
4297,4297,135
4298,4298,67
4299,4299,112
4300,4300,98
4301,4301,190
4302,4302,54
4303,4303,144
4304,4304,152
4305,4305,40
4306,4306,117
4307,4307,31
4308,4308,190
4309,4309,18
4310,4310,147
4311,4311,179
4312,4312,101
4313,4313,18
4314,4314,13
4315,4315,95
4316,4316,60
4317,4317,96
4318,4318,63
4319,4319,129
4320,4320,139
4321,4321,139
4322,4322,132
4323,4323,159
4324,4324,174
4325,4325,139
4326,4326,44
4327,4327,84
4328,4328,18
4329,4329,101
4330,4330,129
4331,4331,93
4332,4332,97
4333,4333,171
4334,4334,98
4335,4335,109
4336,4336,39
4337,4337,75
4338,4338,184
4339,4339,23
4340,4340,194
4341,4341,198
4342,4342,81
4343,4343,93
4344,4344,29
4345,4345,140
4346,4346,87
4347,4347,165
4348,4348,191
4349,4349,51
4350,4350,165
4351,4351,38
4352,4352,118
4353,4353,132
4354,4354,73
4355,4355,98
4356,4356,70
4357,4357,43
4358,4358,139
4359,4359,109
4360,4360,125
4361,4361,103
4362,4362,173
4363,4363,41
4364,4364,166
4365,4365,12
4366,4366,134
4367,4367,158
4368,4368,167
4369,4369,176
4370,4370,128
4371,4371,122
4372,4372,77
4373,4373,62
4374,4374,76
4375,4375,140
4376,4376,144
4377,4377,131
4378,4378,95
4379,4379,3
4380,4380,62
4381,4381,28
4382,4382,66
4383,4383,1
4384,4384,32
4385,4385,153
4386,4386,138
4387,4387,74
4388,4388,105
4389,4389,45
4390,4390,88
4391,4391,53
4392,4392,79
4393,4393,68
4394,4394,151
4395,4395,170
4396,4396,194
4397,4397,156
4398,4398,43
4399,4399,151
4400,4400,35
4401,4401,178
4402,4402,32
4403,4403,197
4404,4404,103
4405,4405,118
4406,4406,172
4407,4407,68
4408,4408,181
4409,4409,161
4410,4410,99
4411,4411,89
4412,4412,41
4413,4413,192
4414,4414,90
4415,4415,112
4416,4416,112
4417,4417,106
4418,4418,27
4419,4419,77
4420,4420,16
4421,4421,132
4422,4422,94
4423,4423,68
4424,4424,92
4425,4425,6
4426,4426,32
4427,4427,33
4428,4428,100
4429,4429,68
4430,4430,88
4431,4431,196
4432,4432,32
4433,4433,49
4434,4434,10
4435,4435,146
4436,4436,158
4437,4437,162
4438,4438,43
4439,4439,4
4440,4440,107
4441,4441,16
4442,4442,193
4443,4443,119
4444,4444,132
4445,4445,116
4446,4446,122
4447,4447,132
4448,4448,69
4449,4449,5
4450,4450,64
4451,4451,68
4452,4452,110
4453,4453,134
4454,4454,20
4455,4455,189
4456,4456,42
4457,4457,153
4458,4458,187
4459,4459,146
4460,4460,183
4461,4461,122
4462,4462,143
4463,4463,176
4464,4464,150
4465,4465,113
4466,4466,57
4467,4467,57
4468,4468,142
4469,4469,188
4470,4470,122
4471,4471,181
4472,4472,72
4473,4473,86
4474,4474,162
4475,4475,52
4476,4476,176
4477,4477,36
4478,4478,44
4479,4479,173
4480,4480,123
4481,4481,114
4482,4482,43
4483,4483,2
4484,4484,142
4485,4485,193
4486,4486,94
4487,4487,42
4488,4488,13
4489,4489,187
4490,4490,30
4491,4491,65
4492,4492,74
4493,4493,66
4494,4494,129
4495,4495,1
4496,4496,82
4497,4497,77
4498,4498,184
4499,4499,115
4500,4500,46
4501,4501,179
4502,4502,24
4503,4503,53
4504,4504,22
4505,4505,53
4506,4506,5
4507,4507,99
4508,4508,79
4509,4509,73
4510,4510,192
4511,4511,196
4512,4512,151
4513,4513,81
4514,4514,129
4515,4515,62
4516,4516,39
4517,4517,2
4518,4518,197
4519,4519,40
4520,4520,21
4521,4521,123
4522,4522,86
4523,4523,61
4524,4524,197
4525,4525,20
4526,4526,147
4527,4527,62
4528,4528,156
4529,4529,50
4530,4530,47
4531,4531,21
4532,4532,196
4533,4533,102
4534,4534,158
4535,4535,182
4536,4536,115
4537,4537,36
4538,4538,52
4539,4539,194
4540,4540,3
4541,4541,181
4542,4542,17
4543,4543,191
4544,4544,107
4545,4545,69
4546,4546,83
4547,4547,95
4548,4548,138
4549,4549,19
4550,4550,11
4551,4551,191
4552,4552,156
4553,4553,147
4554,4554,54
4555,4555,128
4556,4556,60
4557,4557,153
4558,4558,39
4559,4559,63
4560,4560,146
4561,4561,133
4562,4562,140
4563,4563,142
4564,4564,156
4565,4565,14
4566,4566,134
4567,4567,125
4568,4568,69
4569,4569,71
4570,4570,68
4571,4571,180
4572,4572,180
4573,4573,189
4574,4574,47
4575,4575,127
4576,4576,89
4577,4577,184
4578,4578,182
4579,4579,14
4580,4580,14
4581,4581,139
4582,4582,163
4583,4583,57
4584,4584,74
4585,4585,80
4586,4586,126
4587,4587,193
4588,4588,39
4589,4589,173
4590,4590,109
4591,4591,108
4592,4592,61
4593,4593,10
4594,4594,81
4595,4595,147
4596,4596,51
4597,4597,85
4598,4598,182
4599,4599,147
4600,4600,189
4601,4601,90
4602,4602,136
4603,4603,160
4604,4604,155
4605,4605,159
4606,4606,148
4607,4607,152
4608,4608,167
4609,4609,105
4610,4610,145
4611,4611,133
4612,4612,124
4613,4613,149
4614,4614,157
4615,4615,199
4616,4616,105
4617,4617,12
4618,4618,187
4619,4619,182
4620,4620,154
4621,4621,129
4622,4622,178
4623,4623,116
4624,4624,79
4625,4625,15
4626,4626,198
4627,4627,33
4628,4628,25
4629,4629,101
4630,4630,137
4631,4631,13
4632,4632,169
4633,4633,79
4634,4634,23
4635,4635,82
4636,4636,138
4637,4637,128
4638,4638,53
4639,4639,175
4640,4640,43
4641,4641,111
4642,4642,97
4643,4643,119
4644,4644,111
4645,4645,21
4646,4646,146
4647,4647,133
4648,4648,25
4649,4649,149
4650,4650,90
4651,4651,176
4652,4652,16
4653,4653,49
4654,4654,182
4655,4655,38
4656,4656,31
4657,4657,77
4658,4658,29
4659,4659,73
4660,4660,192
4661,4661,29
4662,4662,158
4663,4663,129
4664,4664,160
4665,4665,54
4666,4666,120
4667,4667,43
4668,4668,28
4669,4669,64
4670,4670,41
4671,4671,67
4672,4672,181
4673,4673,50
4674,4674,172
4675,4675,125
4676,4676,95
4677,4677,32
4678,4678,108
4679,4679,90
4680,4680,32
4681,4681,0
4682,4682,122
4683,4683,96
4684,4684,30
4685,4685,128
4686,4686,6
4687,4687,137
4688,4688,168
4689,4689,128
4690,4690,133
4691,4691,195
4692,4692,22
4693,4693,153
4694,4694,112
4695,4695,102
4696,4696,179
4697,4697,73
4698,4698,51
4699,4699,57
4700,4700,93
4701,4701,77
4702,4702,44
4703,4703,39
4704,4704,184
4705,4705,138
4706,4706,61
4707,4707,12
4708,4708,77
4709,4709,53
4710,4710,54
4711,4711,78
4712,4712,127
4713,4713,140
4714,4714,72
4715,4715,172
4716,4716,148
4717,4717,17
4718,4718,142
4719,4719,101
4720,4720,123
4721,4721,75
4722,4722,183
4723,4723,108
4724,4724,122
4725,4725,136
4726,4726,82
4727,4727,165
4728,4728,61
4729,4729,22
4730,4730,142
4731,4731,39
4732,4732,114
4733,4733,27
4734,4734,192
4735,4735,99
4736,4736,9
4737,4737,23
4738,4738,41
4739,4739,192
4740,4740,83
4741,4741,45
4742,4742,85
4743,4743,54
4744,4744,109
4745,4745,174
4746,4746,149
4747,4747,114
4748,4748,112
4749,4749,47
4750,4750,114
4751,4751,127
4752,4752,15
4753,4753,17
4754,4754,139
4755,4755,96
4756,4756,53
4757,4757,145
4758,4758,119
4759,4759,53
4760,4760,100
4761,4761,145
4762,4762,2
4763,4763,63
4764,4764,96
4765,4765,164
4766,4766,196
4767,4767,166
4768,4768,35
4769,4769,136
4770,4770,14
4771,4771,44
4772,4772,162
4773,4773,157
4774,4774,170
4775,4775,46
4776,4776,83
4777,4777,194
4778,4778,177
4779,4779,158
4780,4780,138
4781,4781,197
4782,4782,92
4783,4783,21
4784,4784,123
4785,4785,29
4786,4786,78
4787,4787,57
4788,4788,46
4789,4789,138
4790,4790,101
4791,4791,14
4792,4792,103
4793,4793,120
4794,4794,46
4795,4795,112
4796,4796,75
4797,4797,190
4798,4798,140
4799,4799,171
4800,4800,104
4801,4801,183
4802,4802,71
4803,4803,198
4804,4804,83
4805,4805,65
4806,4806,134
4807,4807,33
4808,4808,23
4809,4809,164
4810,4810,129
4811,4811,5
4812,4812,10
4813,4813,11
4814,4814,1
4815,4815,36
4816,4816,13
4817,4817,68
4818,4818,149
4819,4819,120
4820,4820,99
4821,4821,143
4822,4822,95
4823,4823,90
4824,4824,116
4825,4825,173
4826,4826,43
4827,4827,11
4828,4828,173
4829,4829,175
4830,4830,108
4831,4831,102
4832,4832,130
4833,4833,50
4834,4834,73
4835,4835,93
4836,4836,117
4837,4837,13
4838,4838,171
4839,4839,194
4840,4840,73
4841,4841,48
4842,4842,14
4843,4843,51
4844,4844,192
4845,4845,131
4846,4846,142
4847,4847,66
4848,4848,132
4849,4849,172
4850,4850,188
4851,4851,117
4852,4852,23
4853,4853,60
4854,4854,99
4855,4855,156
4856,4856,175
4857,4857,69
4858,4858,150
4859,4859,72
4860,4860,130
4861,4861,132
4862,4862,46
4863,4863,156
4864,4864,4
4865,4865,100
4866,4866,119
4867,4867,28
4868,4868,177
4869,4869,63
4870,4870,28
4871,4871,87
4872,4872,85
4873,4873,149
4874,4874,72
4875,4875,199
4876,4876,18
4877,4877,64
4878,4878,126
4879,4879,62
4880,4880,84
4881,4881,34
4882,4882,25
4883,4883,71
4884,4884,146
4885,4885,99
4886,4886,160
4887,4887,98
4888,4888,113
4889,4889,65
4890,4890,25
4891,4891,1
4892,4892,33
4893,4893,39
4894,4894,181
4895,4895,36
4896,4896,101
4897,4897,67
4898,4898,92
4899,4899,1
4900,4900,126
4901,4901,53
4902,4902,88
4903,4903,27
4904,4904,98
4905,4905,27
4906,4906,27
4907,4907,40
4908,4908,160
4909,4909,41
4910,4910,178
4911,4911,104
4912,4912,150
4913,4913,15
4914,4914,61
4915,4915,133
4916,4916,114
4917,4917,97
4918,4918,0
4919,4919,198
4920,4920,82
4921,4921,23
4922,4922,154
4923,4923,34
4924,4924,9
4925,4925,190
4926,4926,152
4927,4927,97
4928,4928,148
4929,4929,109
4930,4930,85
4931,4931,64
4932,4932,132
4933,4933,108
4934,4934,31
4935,4935,120
4936,4936,23
4937,4937,170
4938,4938,112
4939,4939,51
4940,4940,149
4941,4941,96
4942,4942,131
4943,4943,67
4944,4944,152
4945,4945,199
4946,4946,155
4947,4947,76
4948,4948,101
4949,4949,20
4950,4950,79
4951,4951,106
4952,4952,0
4953,4953,162
4954,4954,165
4955,4955,107
4956,4956,20
4957,4957,72
4958,4958,57
4959,4959,42
4960,4960,28
4961,4961,62
4962,4962,187
4963,4963,92
4964,4964,193
4965,4965,168
4966,4966,35
4967,4967,171
4968,4968,170
4969,4969,105
4970,4970,116
4971,4971,46
4972,4972,117
4973,4973,105
4974,4974,87
4975,4975,117
4976,4976,180
4977,4977,43
4978,4978,162
4979,4979,194
4980,4980,74
4981,4981,101
4982,4982,8
4983,4983,30
4984,4984,125
4985,4985,109
4986,4986,157
4987,4987,94
4988,4988,157
4989,4989,148
4990,4990,157
4991,4991,51
4992,4992,101
4993,4993,5
4994,4994,74
4995,4995,177
4996,4996,63
4997,4997,100
4998,4998,151
4999,4999,187
5000,5000,130
5001,5001,63
5002,5002,142
5003,5003,174
5004,5004,148
5005,5005,122
5006,5006,36
5007,5007,141
5008,5008,31
5009,5009,156
5010,5010,143
5011,5011,157
5012,5012,56
5013,5013,94
5014,5014,172
5015,5015,56
5016,5016,47
5017,5017,169
5018,5018,186
5019,5019,145
5020,5020,114
5021,5021,82
5022,5022,174
5023,5023,92
5024,5024,27
5025,5025,31
5026,5026,50
5027,5027,147
5028,5028,37
5029,5029,147
5030,5030,147
5031,5031,153
5032,5032,21
5033,5033,150
5034,5034,29
5035,5035,82
5036,5036,161
5037,5037,166
5038,5038,152
5039,5039,52
5040,5040,61
5041,5041,139
5042,5042,122
5043,5043,129
5044,5044,129
5045,5045,64
5046,5046,187
5047,5047,52
5048,5048,38
5049,5049,15
5050,5050,119
5051,5051,53
5052,5052,3
5053,5053,65
5054,5054,168
5055,5055,33
5056,5056,193
5057,5057,189
5058,5058,12
5059,5059,137
5060,5060,93
5061,5061,59
5062,5062,93
5063,5063,150
5064,5064,161
5065,5065,9
5066,5066,84
5067,5067,159
5068,5068,140
5069,5069,65
5070,5070,86
5071,5071,152
5072,5072,21
5073,5073,149
5074,5074,97
5075,5075,6
5076,5076,167
5077,5077,142
5078,5078,184
5079,5079,105
5080,5080,22
5081,5081,68
5082,5082,61
5083,5083,158
5084,5084,33
5085,5085,49
5086,5086,117
5087,5087,51
5088,5088,167
5089,5089,198
5090,5090,164
5091,5091,123
5092,5092,159
5093,5093,64
5094,5094,158
5095,5095,9
5096,5096,74
5097,5097,16
5098,5098,11
5099,5099,183
5100,5100,93
5101,5101,53
5102,5102,184
5103,5103,27
5104,5104,164
5105,5105,199
5106,5106,3
5107,5107,45
5108,5108,132
5109,5109,161
5110,5110,62
5111,5111,111
5112,5112,148
5113,5113,22
5114,5114,159
5115,5115,177
5116,5116,141
5117,5117,36
5118,5118,113
5119,5119,195
5120,5120,20
5121,5121,35
5122,5122,183
5123,5123,139
5124,5124,84
5125,5125,160
5126,5126,169
5127,5127,17
5128,5128,119
5129,5129,162
5130,5130,190
5131,5131,117
5132,5132,51
5133,5133,145
5134,5134,161
5135,5135,199
5136,5136,63
5137,5137,19
5138,5138,132
5139,5139,130
5140,5140,187
5141,5141,59
5142,5142,181
5143,5143,70
5144,5144,69
5145,5145,199
5146,5146,93
5147,5147,47
5148,5148,2
5149,5149,143
5150,5150,71
5151,5151,78
5152,5152,6
5153,5153,160
5154,5154,187
5155,5155,120
5156,5156,58
5157,5157,15
5158,5158,47
5159,5159,50
5160,5160,79
5161,5161,191
5162,5162,175
5163,5163,78
5164,5164,13
5165,5165,139
5166,5166,152
5167,5167,143
5168,5168,56
5169,5169,106
5170,5170,127
5171,5171,74
5172,5172,44
5173,5173,3
5174,5174,196
5175,5175,128
5176,5176,103
5177,5177,185
5178,5178,0
5179,5179,64
5180,5180,160
5181,5181,157
5182,5182,26
5183,5183,75
5184,5184,181
5185,5185,118
5186,5186,110
5187,5187,105
5188,5188,100
5189,5189,195
5190,5190,94
5191,5191,132
5192,5192,37
5193,5193,49
5194,5194,66
5195,5195,2
5196,5196,119
5197,5197,160
5198,5198,93
5199,5199,50
5200,5200,106
5201,5201,67
5202,5202,45
5203,5203,39
5204,5204,160
5205,5205,34
5206,5206,26
5207,5207,34
5208,5208,104
5209,5209,65
5210,5210,116
5211,5211,159
5212,5212,123
5213,5213,197
5214,5214,104
5215,5215,174
5216,5216,45
5217,5217,128
5218,5218,27
5219,5219,66
5220,5220,116
5221,5221,15
5222,5222,106
5223,5223,177
5224,5224,176
5225,5225,173
5226,5226,80
5227,5227,118
5228,5228,93
5229,5229,82
5230,5230,184
5231,5231,48
5232,5232,167
5233,5233,65
5234,5234,14
5235,5235,145
5236,5236,24
5237,5237,27
5238,5238,127
5239,5239,190
5240,5240,91
5241,5241,169
5242,5242,198
5243,5243,11
5244,5244,124
5245,5245,52
5246,5246,65
5247,5247,176
5248,5248,41
5249,5249,53
5250,5250,26
5251,5251,88
5252,5252,18
5253,5253,8
5254,5254,178
5255,5255,101
5256,5256,15
5257,5257,4
5258,5258,178
5259,5259,194
5260,5260,1
5261,5261,50
5262,5262,66
5263,5263,135
5264,5264,169
5265,5265,80
5266,5266,101
5267,5267,93
5268,5268,85
5269,5269,192
5270,5270,173
5271,5271,107
5272,5272,73
5273,5273,147
5274,5274,102
5275,5275,112
5276,5276,119
5277,5277,10
5278,5278,8
5279,5279,15
5280,5280,96
5281,5281,188
5282,5282,193
5283,5283,14
5284,5284,160
5285,5285,111
5286,5286,143
5287,5287,146
5288,5288,186
5289,5289,158
5290,5290,39
5291,5291,143
5292,5292,159
5293,5293,18
5294,5294,135
5295,5295,63
5296,5296,147
5297,5297,167
5298,5298,114
5299,5299,116
5300,5300,12
5301,5301,42
5302,5302,10
5303,5303,0
5304,5304,174
5305,5305,192
5306,5306,89
5307,5307,167
5308,5308,0
5309,5309,13
5310,5310,65
5311,5311,135
5312,5312,150
5313,5313,127
5314,5314,81
5315,5315,106
5316,5316,181
5317,5317,20
5318,5318,166
5319,5319,179
5320,5320,41
5321,5321,39
5322,5322,179
5323,5323,170
5324,5324,189
5325,5325,16
5326,5326,81
5327,5327,163
5328,5328,96
5329,5329,55
5330,5330,168
5331,5331,168
5332,5332,25
5333,5333,92
5334,5334,41
5335,5335,57
5336,5336,127
5337,5337,93
5338,5338,22
5339,5339,11
5340,5340,178
5341,5341,103
5342,5342,94
5343,5343,51
5344,5344,100
5345,5345,95
5346,5346,187
5347,5347,33
5348,5348,174
5349,5349,169
5350,5350,55
5351,5351,119
5352,5352,34
5353,5353,159
5354,5354,26
5355,5355,76
5356,5356,106
5357,5357,186
5358,5358,82
5359,5359,171
5360,5360,35
5361,5361,13
5362,5362,113
5363,5363,146
5364,5364,140
5365,5365,32
5366,5366,100
5367,5367,4
5368,5368,34
5369,5369,131
5370,5370,9
5371,5371,166
5372,5372,84
5373,5373,42
5374,5374,63
5375,5375,44
5376,5376,2
5377,5377,104
5378,5378,159
5379,5379,18
5380,5380,25
5381,5381,109
5382,5382,83
5383,5383,99
5384,5384,33
5385,5385,190
5386,5386,156
5387,5387,145
5388,5388,196
5389,5389,153
5390,5390,109
5391,5391,40
5392,5392,194
5393,5393,48
5394,5394,198
5395,5395,94
5396,5396,25
5397,5397,113
5398,5398,105
5399,5399,85
5400,5400,101
5401,5401,1
5402,5402,9
5403,5403,162
5404,5404,71
5405,5405,135
5406,5406,130
5407,5407,77
5408,5408,147
5409,5409,106
5410,5410,163
5411,5411,198
5412,5412,137
5413,5413,119
5414,5414,102
5415,5415,118
5416,5416,102
5417,5417,182
5418,5418,17
5419,5419,192
5420,5420,136
5421,5421,17
5422,5422,185
5423,5423,10
5424,5424,101
5425,5425,198
5426,5426,98
5427,5427,52
5428,5428,7
5429,5429,27
5430,5430,110
5431,5431,28
5432,5432,80
5433,5433,95
5434,5434,155
5435,5435,145
5436,5436,61
5437,5437,164
5438,5438,120
5439,5439,21
5440,5440,51
5441,5441,57
5442,5442,157
5443,5443,149
5444,5444,34
5445,5445,118
5446,5446,174
5447,5447,88
5448,5448,23
5449,5449,25
5450,5450,31
5451,5451,149
5452,5452,195
5453,5453,109
5454,5454,115
5455,5455,144
5456,5456,157
5457,5457,180
5458,5458,67
5459,5459,113
5460,5460,74
5461,5461,28
5462,5462,140
5463,5463,29
5464,5464,49
5465,5465,197
5466,5466,57
5467,5467,29
5468,5468,60
5469,5469,161
5470,5470,25
5471,5471,97
5472,5472,139
5473,5473,108
5474,5474,168
5475,5475,102
5476,5476,34
5477,5477,39
5478,5478,100
5479,5479,57
5480,5480,75
5481,5481,138
5482,5482,84
5483,5483,23
5484,5484,123
5485,5485,195
5486,5486,17
5487,5487,104
5488,5488,141
5489,5489,37
5490,5490,198
5491,5491,26
5492,5492,52
5493,5493,190
5494,5494,24
5495,5495,85
5496,5496,147
5497,5497,64
5498,5498,125
5499,5499,190
5500,5500,52
5501,5501,191
5502,5502,169
5503,5503,39
5504,5504,182
5505,5505,98
5506,5506,156
5507,5507,125
5508,5508,65
5509,5509,163
5510,5510,136
5511,5511,69
5512,5512,98
5513,5513,53
5514,5514,73
5515,5515,17
5516,5516,138
5517,5517,18
5518,5518,21
5519,5519,96
5520,5520,66
5521,5521,108
5522,5522,184
5523,5523,105
5524,5524,102
5525,5525,44
5526,5526,82
5527,5527,76
5528,5528,112
5529,5529,31
5530,5530,148
5531,5531,6
5532,5532,37
5533,5533,141
5534,5534,20
5535,5535,198
5536,5536,123
5537,5537,28
5538,5538,104
5539,5539,39
5540,5540,199
5541,5541,53
5542,5542,164
5543,5543,89
5544,5544,32
5545,5545,108
5546,5546,42
5547,5547,155
5548,5548,188
5549,5549,159
5550,5550,163
5551,5551,149
5552,5552,128
5553,5553,50
5554,5554,167
5555,5555,42
5556,5556,18
5557,5557,80
5558,5558,96
5559,5559,75
5560,5560,145
5561,5561,125
5562,5562,105
5563,5563,139
5564,5564,92
5565,5565,146
5566,5566,55
5567,5567,107
5568,5568,170
5569,5569,89
5570,5570,105
5571,5571,186
5572,5572,127
5573,5573,140
5574,5574,172
5575,5575,43
5576,5576,199
5577,5577,124
5578,5578,150
5579,5579,90
5580,5580,185
5581,5581,84
5582,5582,72
5583,5583,97
5584,5584,52
5585,5585,78
5586,5586,192
5587,5587,16
5588,5588,151
5589,5589,178
5590,5590,186
5591,5591,156
5592,5592,111
5593,5593,64
5594,5594,19
5595,5595,10
5596,5596,159
5597,5597,36
5598,5598,129
5599,5599,81
5600,5600,114
5601,5601,153
5602,5602,168
5603,5603,30
5604,5604,27
5605,5605,195
5606,5606,87
5607,5607,74
5608,5608,161
5609,5609,31
5610,5610,15
5611,5611,48
5612,5612,180
5613,5613,34
5614,5614,120
5615,5615,4
5616,5616,162
5617,5617,92
5618,5618,46
5619,5619,124
5620,5620,163
5621,5621,159
5622,5622,158
5623,5623,79
5624,5624,73
5625,5625,142
5626,5626,157
5627,5627,140
5628,5628,34
5629,5629,10
5630,5630,19
5631,5631,96
5632,5632,160
5633,5633,66
5634,5634,44
5635,5635,165
5636,5636,74
5637,5637,30
5638,5638,81
5639,5639,87
5640,5640,0
5641,5641,140
5642,5642,83
5643,5643,148
5644,5644,108
5645,5645,81
5646,5646,91
5647,5647,6
5648,5648,182
5649,5649,90
5650,5650,175
5651,5651,144
5652,5652,35
5653,5653,2
5654,5654,55
5655,5655,34
5656,5656,131
5657,5657,86
5658,5658,128
5659,5659,132
5660,5660,18
5661,5661,81
5662,5662,114
5663,5663,137
5664,5664,38
5665,5665,5
5666,5666,191
5667,5667,49
5668,5668,85
5669,5669,27
5670,5670,146
5671,5671,14
5672,5672,174
5673,5673,191
5674,5674,56
5675,5675,158
5676,5676,113
5677,5677,102
5678,5678,167
5679,5679,44
5680,5680,81
5681,5681,196
5682,5682,39
5683,5683,78
5684,5684,48
5685,5685,199
5686,5686,65
5687,5687,100
5688,5688,139
5689,5689,37
5690,5690,163
5691,5691,168
5692,5692,28
5693,5693,114
5694,5694,143
5695,5695,54
5696,5696,36
5697,5697,111
5698,5698,91
5699,5699,148
5700,5700,164
5701,5701,198
5702,5702,116
5703,5703,36
5704,5704,55
5705,5705,123
5706,5706,159
5707,5707,86
5708,5708,79
5709,5709,196
5710,5710,41
5711,5711,53
5712,5712,148
5713,5713,95
5714,5714,143
5715,5715,49
5716,5716,102
5717,5717,139
5718,5718,112
5719,5719,97
5720,5720,34
5721,5721,49
5722,5722,111
5723,5723,110
5724,5724,152
5725,5725,118
5726,5726,59
5727,5727,188
5728,5728,103
5729,5729,132
5730,5730,159
5731,5731,186
5732,5732,34
5733,5733,91
5734,5734,44
5735,5735,191
5736,5736,12
5737,5737,111
5738,5738,141
5739,5739,72
5740,5740,73
5741,5741,107
5742,5742,1
5743,5743,62
5744,5744,188
5745,5745,38
5746,5746,11
5747,5747,131
5748,5748,154
5749,5749,42
5750,5750,55
5751,5751,70
5752,5752,81
5753,5753,125
5754,5754,24
5755,5755,87
5756,5756,47
5757,5757,174
5758,5758,189
5759,5759,10
5760,5760,118
5761,5761,86
5762,5762,51
5763,5763,112
5764,5764,49
5765,5765,63
5766,5766,163
5767,5767,171
5768,5768,152
5769,5769,117
5770,5770,149
5771,5771,118
5772,5772,64
5773,5773,91
5774,5774,131
5775,5775,34
5776,5776,27
5777,5777,158
5778,5778,37
5779,5779,121
5780,5780,130
5781,5781,140
5782,5782,193
5783,5783,197
5784,5784,34
5785,5785,128
5786,5786,195
5787,5787,191
5788,5788,53
5789,5789,114
5790,5790,36
5791,5791,176
5792,5792,95
5793,5793,57
5794,5794,87
5795,5795,95
5796,5796,1
5797,5797,122
5798,5798,98
5799,5799,127
5800,5800,50
5801,5801,118
5802,5802,33
5803,5803,12
5804,5804,111
5805,5805,183
5806,5806,109
5807,5807,56
5808,5808,47
5809,5809,159
5810,5810,136
5811,5811,93
5812,5812,172
5813,5813,163
5814,5814,153
5815,5815,169
5816,5816,79
5817,5817,81
5818,5818,197
5819,5819,35
5820,5820,49
5821,5821,110
5822,5822,154
5823,5823,42
5824,5824,7
5825,5825,111
5826,5826,17
5827,5827,53
5828,5828,193
5829,5829,43
5830,5830,22
5831,5831,133
5832,5832,65
5833,5833,50
5834,5834,160
5835,5835,192
5836,5836,198
5837,5837,37
5838,5838,130
5839,5839,175
5840,5840,90
5841,5841,26
5842,5842,191
5843,5843,28
5844,5844,8
5845,5845,157
5846,5846,2
5847,5847,96
5848,5848,58
5849,5849,7
5850,5850,177
5851,5851,194
5852,5852,93
5853,5853,158
5854,5854,15
5855,5855,68
5856,5856,179
5857,5857,104
5858,5858,91
5859,5859,117
5860,5860,87
5861,5861,107
5862,5862,171
5863,5863,18
5864,5864,111
5865,5865,133
5866,5866,33
5867,5867,25
5868,5868,76
5869,5869,182
5870,5870,184
5871,5871,130
5872,5872,32
5873,5873,40
5874,5874,91
5875,5875,192
5876,5876,93
5877,5877,8
5878,5878,27
5879,5879,88
5880,5880,11
5881,5881,46
5882,5882,56
5883,5883,124
5884,5884,190
5885,5885,82
5886,5886,93
5887,5887,156
5888,5888,165
5889,5889,86
5890,5890,197
5891,5891,36
5892,5892,18
5893,5893,84
5894,5894,115
5895,5895,76
5896,5896,102
5897,5897,53
5898,5898,77
5899,5899,165
5900,5900,181
5901,5901,159
5902,5902,52
5903,5903,148
5904,5904,126
5905,5905,98
5906,5906,171
5907,5907,31
5908,5908,158
5909,5909,167
5910,5910,119
5911,5911,163
5912,5912,95
5913,5913,188
5914,5914,25
5915,5915,113
5916,5916,121
5917,5917,127
5918,5918,114
5919,5919,100
5920,5920,91
5921,5921,190
5922,5922,144
5923,5923,55
5924,5924,77
5925,5925,6
5926,5926,60
5927,5927,116
5928,5928,132
5929,5929,197
5930,5930,84
5931,5931,136
5932,5932,19
5933,5933,185
5934,5934,142
5935,5935,137
5936,5936,199
5937,5937,4
5938,5938,90
5939,5939,84
5940,5940,63
5941,5941,147
5942,5942,55
5943,5943,58
5944,5944,199
5945,5945,149
5946,5946,168
5947,5947,130
5948,5948,99
5949,5949,125
5950,5950,131
5951,5951,137
5952,5952,157
5953,5953,38
5954,5954,94
5955,5955,48
5956,5956,165
5957,5957,183
5958,5958,169
5959,5959,154
5960,5960,55
5961,5961,134
5962,5962,129
5963,5963,140
5964,5964,48
5965,5965,25
5966,5966,166
5967,5967,1
5968,5968,52
5969,5969,58
5970,5970,31
5971,5971,66
5972,5972,120
5973,5973,199
5974,5974,170
5975,5975,58
5976,5976,86
5977,5977,122
5978,5978,166
5979,5979,162
5980,5980,23
5981,5981,82
5982,5982,4
5983,5983,114
5984,5984,93
5985,5985,35
5986,5986,101
5987,5987,25
5988,5988,30
5989,5989,189
5990,5990,102
5991,5991,47
5992,5992,96
5993,5993,93
5994,5994,117
5995,5995,57
5996,5996,52
5997,5997,114
5998,5998,3
5999,5999,87
6000,6000,47
6001,6001,114
6002,6002,38
6003,6003,115
6004,6004,149
6005,6005,164
6006,6006,26
6007,6007,136
6008,6008,198
6009,6009,85
6010,6010,44
6011,6011,85
6012,6012,94
6013,6013,30
6014,6014,197
6015,6015,43
6016,6016,76
6017,6017,123
6018,6018,3
6019,6019,58
6020,6020,11
6021,6021,122
6022,6022,79
6023,6023,183
6024,6024,154
6025,6025,127
6026,6026,152
6027,6027,14
6028,6028,18
6029,6029,180
6030,6030,193
6031,6031,5
6032,6032,4
6033,6033,192
6034,6034,147
6035,6035,121
6036,6036,37
6037,6037,194
6038,6038,118
6039,6039,55
6040,6040,7
6041,6041,77
6042,6042,131
6043,6043,39
6044,6044,53
6045,6045,82
6046,6046,100
6047,6047,17
6048,6048,89
6049,6049,119
6050,6050,82
6051,6051,5
6052,6052,139
6053,6053,90
6054,6054,144
6055,6055,103
6056,6056,190
6057,6057,141
6058,6058,53
6059,6059,166
6060,6060,15
6061,6061,68
6062,6062,87
6063,6063,60
6064,6064,170
6065,6065,74
6066,6066,12
6067,6067,53
6068,6068,51
6069,6069,193
6070,6070,172
6071,6071,64
6072,6072,67
6073,6073,98
6074,6074,189
6075,6075,74
6076,6076,173
6077,6077,86
6078,6078,42
6079,6079,190
6080,6080,183
6081,6081,165
6082,6082,17
6083,6083,144
6084,6084,52
6085,6085,45
6086,6086,65
6087,6087,42
6088,6088,1
6089,6089,52
6090,6090,72
6091,6091,168
6092,6092,149
6093,6093,89
6094,6094,93
6095,6095,122
6096,6096,194
6097,6097,97
6098,6098,185
6099,6099,196
6100,6100,11
6101,6101,131
6102,6102,123
6103,6103,87
6104,6104,117
6105,6105,27
6106,6106,36
6107,6107,145
6108,6108,41
6109,6109,83
6110,6110,53
6111,6111,154
6112,6112,69
6113,6113,66
6114,6114,191
6115,6115,128
6116,6116,15
6117,6117,29
6118,6118,169
6119,6119,111
6120,6120,55
6121,6121,28
6122,6122,195
6123,6123,173
6124,6124,198
6125,6125,177
6126,6126,128
6127,6127,196
6128,6128,100
6129,6129,45
6130,6130,51
6131,6131,183
6132,6132,26
6133,6133,192
6134,6134,102
6135,6135,95
6136,6136,92
6137,6137,83
6138,6138,92
6139,6139,53
6140,6140,72
6141,6141,141
6142,6142,107
6143,6143,93
6144,6144,119
6145,6145,105
6146,6146,137
6147,6147,99
6148,6148,84
6149,6149,72
6150,6150,137
6151,6151,147
6152,6152,20
6153,6153,192
6154,6154,95
6155,6155,33
6156,6156,85
6157,6157,123
6158,6158,6
6159,6159,195
6160,6160,172
6161,6161,5
6162,6162,187
6163,6163,199
6164,6164,116
6165,6165,39
6166,6166,90
6167,6167,1
6168,6168,36
6169,6169,179
6170,6170,85
6171,6171,146
6172,6172,115
6173,6173,108
6174,6174,193
6175,6175,45
6176,6176,134
6177,6177,53
6178,6178,149
6179,6179,120
6180,6180,8
6181,6181,56
6182,6182,36
6183,6183,142
6184,6184,115
6185,6185,32
6186,6186,64
6187,6187,187
6188,6188,19
6189,6189,84
6190,6190,155
6191,6191,28
6192,6192,55
6193,6193,53
6194,6194,175
6195,6195,108
6196,6196,96
6197,6197,119
6198,6198,96
6199,6199,169
6200,6200,61
6201,6201,6
6202,6202,195
6203,6203,60
6204,6204,142
6205,6205,78
6206,6206,97
6207,6207,82
6208,6208,187
6209,6209,114
6210,6210,119
6211,6211,83
6212,6212,191
6213,6213,24
6214,6214,17
6215,6215,191
6216,6216,66
6217,6217,5
6218,6218,64
6219,6219,163
6220,6220,158
6221,6221,0
6222,6222,125
6223,6223,47
6224,6224,97
6225,6225,72
6226,6226,35
6227,6227,153
6228,6228,36
6229,6229,58
6230,6230,21
6231,6231,95
6232,6232,130
6233,6233,91
6234,6234,62
6235,6235,126
6236,6236,140
6237,6237,114
6238,6238,178
6239,6239,6
6240,6240,193
6241,6241,6
6242,6242,24
6243,6243,44
6244,6244,131
6245,6245,43
6246,6246,3
6247,6247,160
6248,6248,74
6249,6249,104
6250,6250,131
6251,6251,3
6252,6252,109
6253,6253,167
6254,6254,138
6255,6255,37
6256,6256,181
6257,6257,120
6258,6258,197
6259,6259,135
6260,6260,93
6261,6261,81
6262,6262,71
6263,6263,81
6264,6264,158
6265,6265,49
6266,6266,28
6267,6267,174
6268,6268,146
6269,6269,95
6270,6270,49
6271,6271,8
6272,6272,175
6273,6273,168
6274,6274,81
6275,6275,76
6276,6276,24
6277,6277,103
6278,6278,194
6279,6279,185
6280,6280,8
6281,6281,113
6282,6282,190
6283,6283,56
6284,6284,172
6285,6285,79
6286,6286,109
6287,6287,148
6288,6288,192
6289,6289,143
6290,6290,193
6291,6291,150
6292,6292,69
6293,6293,16
6294,6294,92
6295,6295,96
6296,6296,87
6297,6297,175
6298,6298,122
6299,6299,186
6300,6300,49
6301,6301,46
6302,6302,46
6303,6303,115
6304,6304,68
6305,6305,66
6306,6306,144
6307,6307,191
6308,6308,142
6309,6309,24
6310,6310,16
6311,6311,171
6312,6312,117
6313,6313,140
6314,6314,94
6315,6315,79
6316,6316,116
6317,6317,1
6318,6318,86
6319,6319,36
6320,6320,144
6321,6321,57
6322,6322,117
6323,6323,175
6324,6324,78
6325,6325,66
6326,6326,47
6327,6327,100
6328,6328,159
6329,6329,49
6330,6330,18
6331,6331,137
6332,6332,182
6333,6333,175
6334,6334,75
6335,6335,1
6336,6336,20
6337,6337,141
6338,6338,0
6339,6339,102
6340,6340,172
6341,6341,5
6342,6342,28
6343,6343,95
6344,6344,12
6345,6345,104
6346,6346,122
6347,6347,24
6348,6348,142
6349,6349,20
6350,6350,83
6351,6351,64
6352,6352,114
6353,6353,51
6354,6354,30
6355,6355,31
6356,6356,82
6357,6357,2
6358,6358,152
6359,6359,33
6360,6360,38
6361,6361,104
6362,6362,88
6363,6363,52
6364,6364,132
6365,6365,63
6366,6366,0
6367,6367,32
6368,6368,105
6369,6369,148
6370,6370,103
6371,6371,130
6372,6372,108
6373,6373,78
6374,6374,78
6375,6375,146
6376,6376,50
6377,6377,193
6378,6378,30
6379,6379,103
6380,6380,169
6381,6381,93
6382,6382,159
6383,6383,93
6384,6384,14
6385,6385,107
6386,6386,190
6387,6387,145
6388,6388,52
6389,6389,54
6390,6390,170
6391,6391,14
6392,6392,109
6393,6393,185
6394,6394,57
6395,6395,163
6396,6396,8
6397,6397,154
6398,6398,171
6399,6399,48
6400,6400,51
6401,6401,14
6402,6402,92
6403,6403,57
6404,6404,192
6405,6405,183
6406,6406,84
6407,6407,80
6408,6408,154
6409,6409,9
6410,6410,148
6411,6411,55
6412,6412,93
6413,6413,62
6414,6414,24
6415,6415,131
6416,6416,64
6417,6417,147
6418,6418,187
6419,6419,26
6420,6420,164
6421,6421,68
6422,6422,148
6423,6423,72
6424,6424,53
6425,6425,98
6426,6426,172
6427,6427,9
6428,6428,18
6429,6429,67
6430,6430,35
6431,6431,198
6432,6432,63
6433,6433,32
6434,6434,191
6435,6435,116
6436,6436,159
6437,6437,137
6438,6438,56
6439,6439,69
6440,6440,160
6441,6441,19
6442,6442,61
6443,6443,6
6444,6444,154
6445,6445,124
6446,6446,185
6447,6447,158
6448,6448,183
6449,6449,5
6450,6450,73
6451,6451,43
6452,6452,146
6453,6453,61
6454,6454,115
6455,6455,88
6456,6456,109
6457,6457,128
6458,6458,154
6459,6459,62
6460,6460,132
6461,6461,79
6462,6462,164
6463,6463,169
6464,6464,54
6465,6465,103
6466,6466,23
6467,6467,123
6468,6468,180
6469,6469,85
6470,6470,126
6471,6471,72
6472,6472,97
6473,6473,139
6474,6474,193
6475,6475,45
6476,6476,173
6477,6477,156
6478,6478,114
6479,6479,197
6480,6480,91
6481,6481,161
6482,6482,69
6483,6483,38
6484,6484,147
6485,6485,149
6486,6486,161
6487,6487,52
6488,6488,64
6489,6489,170
6490,6490,13
6491,6491,149
6492,6492,177
6493,6493,48
6494,6494,75
6495,6495,113
6496,6496,180
6497,6497,37
6498,6498,124
6499,6499,145
6500,6500,63
6501,6501,40
6502,6502,161
6503,6503,46
6504,6504,178
6505,6505,114
6506,6506,82
6507,6507,173
6508,6508,75
6509,6509,79
6510,6510,196
6511,6511,171
6512,6512,69
6513,6513,24
6514,6514,122
6515,6515,122
6516,6516,125
6517,6517,134
6518,6518,122
6519,6519,4
6520,6520,35
6521,6521,156
6522,6522,53
6523,6523,156
6524,6524,178
6525,6525,91
6526,6526,62
6527,6527,108
6528,6528,198
6529,6529,168
6530,6530,61
6531,6531,17
6532,6532,183
6533,6533,91
6534,6534,32
6535,6535,199
6536,6536,34
6537,6537,60
6538,6538,59
6539,6539,195
6540,6540,170
6541,6541,149
6542,6542,160
6543,6543,56
6544,6544,110
6545,6545,58
6546,6546,9
6547,6547,67
6548,6548,125
6549,6549,36
6550,6550,155
6551,6551,133
6552,6552,132
6553,6553,159
6554,6554,47
6555,6555,99
6556,6556,101
6557,6557,120
6558,6558,193
6559,6559,77
6560,6560,60
6561,6561,125
6562,6562,7
6563,6563,73
6564,6564,151
6565,6565,122
6566,6566,173
6567,6567,168
6568,6568,19
6569,6569,190
6570,6570,126
6571,6571,172
6572,6572,170
6573,6573,40
6574,6574,194
6575,6575,27
6576,6576,10
6577,6577,148
6578,6578,114
6579,6579,143
6580,6580,35
6581,6581,96
6582,6582,44
6583,6583,120
6584,6584,47
6585,6585,198
6586,6586,122
6587,6587,169
6588,6588,125
6589,6589,176
6590,6590,142
6591,6591,128
6592,6592,126
6593,6593,107
6594,6594,21
6595,6595,186
6596,6596,137
6597,6597,78
6598,6598,15
6599,6599,154
6600,6600,151
6601,6601,21
6602,6602,85
6603,6603,6
6604,6604,31
6605,6605,136
6606,6606,171
6607,6607,156
6608,6608,147
6609,6609,109
6610,6610,140
6611,6611,90
6612,6612,170
6613,6613,21
6614,6614,180
6615,6615,97
6616,6616,103
6617,6617,118
6618,6618,172
6619,6619,7
6620,6620,9
6621,6621,30
6622,6622,14
6623,6623,56
6624,6624,133
6625,6625,60
6626,6626,85
6627,6627,152
6628,6628,117
6629,6629,111
6630,6630,152
6631,6631,3
6632,6632,124
6633,6633,86
6634,6634,189
6635,6635,61
6636,6636,82
6637,6637,53
6638,6638,173
6639,6639,176
6640,6640,179
6641,6641,167
6642,6642,44
6643,6643,49
6644,6644,71
6645,6645,174
6646,6646,90
6647,6647,158
6648,6648,67
6649,6649,194
6650,6650,19
6651,6651,80
6652,6652,172
6653,6653,139
6654,6654,94
6655,6655,14
6656,6656,18
6657,6657,190
6658,6658,46
6659,6659,71
6660,6660,126
6661,6661,10
6662,6662,183
6663,6663,120
6664,6664,197
6665,6665,83
6666,6666,132
6667,6667,130
6668,6668,97
6669,6669,162
6670,6670,29
6671,6671,167
6672,6672,106
6673,6673,180
6674,6674,110
6675,6675,14
6676,6676,99
6677,6677,134
6678,6678,152
6679,6679,33
6680,6680,189
6681,6681,141
6682,6682,55
6683,6683,146
6684,6684,89
6685,6685,163
6686,6686,114
6687,6687,172
6688,6688,137
6689,6689,165
6690,6690,154
6691,6691,23
6692,6692,81
6693,6693,53
6694,6694,196
6695,6695,111
6696,6696,97
6697,6697,179
6698,6698,79
6699,6699,93
6700,6700,42
6701,6701,11
6702,6702,81
6703,6703,99
6704,6704,130
6705,6705,1
6706,6706,15
6707,6707,16
6708,6708,62
6709,6709,90
6710,6710,105
6711,6711,196
6712,6712,160
6713,6713,181
6714,6714,103
6715,6715,167
6716,6716,97
6717,6717,190
6718,6718,128
6719,6719,81
6720,6720,82
6721,6721,49
6722,6722,74
6723,6723,86
6724,6724,95
6725,6725,181
6726,6726,69
6727,6727,108
6728,6728,168
6729,6729,102
6730,6730,131
6731,6731,4
6732,6732,101
6733,6733,48
6734,6734,109
6735,6735,60
6736,6736,101
6737,6737,21
6738,6738,38
6739,6739,17
6740,6740,163
6741,6741,8
6742,6742,186
6743,6743,20
6744,6744,19
6745,6745,123
6746,6746,129
6747,6747,110
6748,6748,33
6749,6749,185
6750,6750,48
6751,6751,103
6752,6752,27
6753,6753,90
6754,6754,23
6755,6755,169
6756,6756,68
6757,6757,92
6758,6758,147
6759,6759,183
6760,6760,193
6761,6761,136
6762,6762,154
6763,6763,138
6764,6764,128
6765,6765,47
6766,6766,84
6767,6767,164
6768,6768,165
6769,6769,41
6770,6770,22
6771,6771,56
6772,6772,39
6773,6773,133
6774,6774,63
6775,6775,21
6776,6776,192
6777,6777,114
6778,6778,116
6779,6779,147
6780,6780,154
6781,6781,149
6782,6782,166
6783,6783,176
6784,6784,56
6785,6785,13
6786,6786,184
6787,6787,186
6788,6788,98
6789,6789,35
6790,6790,198
6791,6791,64
6792,6792,79
6793,6793,89
6794,6794,166
6795,6795,192
6796,6796,57
6797,6797,7
6798,6798,175
6799,6799,52
6800,6800,25
6801,6801,185
6802,6802,25
6803,6803,117
6804,6804,134
6805,6805,164
6806,6806,28
6807,6807,7
6808,6808,89
6809,6809,44
6810,6810,81
6811,6811,177
6812,6812,78
6813,6813,35
6814,6814,61
6815,6815,79
6816,6816,157
6817,6817,167
6818,6818,10
6819,6819,47
6820,6820,115
6821,6821,85
6822,6822,19
6823,6823,65
6824,6824,125
6825,6825,192
6826,6826,36
6827,6827,148
6828,6828,65
6829,6829,24
6830,6830,28
6831,6831,181
6832,6832,34
6833,6833,187
6834,6834,47
6835,6835,197
6836,6836,124
6837,6837,52
6838,6838,126
6839,6839,5
6840,6840,141
6841,6841,153
6842,6842,62
6843,6843,141
6844,6844,139
6845,6845,8
6846,6846,191
6847,6847,125
6848,6848,176
6849,6849,90
6850,6850,21
6851,6851,110
6852,6852,190
6853,6853,38
6854,6854,197
6855,6855,89
6856,6856,60
6857,6857,61
6858,6858,123
6859,6859,141
6860,6860,63
6861,6861,153
6862,6862,141
6863,6863,54
6864,6864,188
6865,6865,156
6866,6866,1
6867,6867,101
6868,6868,184
6869,6869,169
6870,6870,13
6871,6871,198
6872,6872,1
6873,6873,189
6874,6874,14
6875,6875,149
6876,6876,199
6877,6877,175
6878,6878,122
6879,6879,49
6880,6880,5
6881,6881,23
6882,6882,173
6883,6883,134
6884,6884,72
6885,6885,11
6886,6886,51
6887,6887,22
6888,6888,127
6889,6889,100
6890,6890,190
6891,6891,4
6892,6892,59
6893,6893,195
6894,6894,173
6895,6895,33
6896,6896,16
6897,6897,175
6898,6898,11
6899,6899,59
6900,6900,174
6901,6901,43
6902,6902,181
6903,6903,178
6904,6904,129
6905,6905,179
6906,6906,141
6907,6907,77
6908,6908,198
6909,6909,126
6910,6910,0
6911,6911,192
6912,6912,180
6913,6913,137
6914,6914,189
6915,6915,26
6916,6916,76
6917,6917,55
6918,6918,50
6919,6919,107
6920,6920,173
6921,6921,62
6922,6922,46
6923,6923,189
6924,6924,59
6925,6925,157
6926,6926,24
6927,6927,103
6928,6928,42
6929,6929,181
6930,6930,104
6931,6931,132
6932,6932,132
6933,6933,16
6934,6934,108
6935,6935,87
6936,6936,23
6937,6937,19
6938,6938,130
6939,6939,159
6940,6940,94
6941,6941,19
6942,6942,35
6943,6943,70
6944,6944,15
6945,6945,151
6946,6946,186
6947,6947,110
6948,6948,61
6949,6949,43
6950,6950,111
6951,6951,14
6952,6952,159
6953,6953,37
6954,6954,50
6955,6955,42
6956,6956,130
6957,6957,133
6958,6958,58
6959,6959,62
6960,6960,105
6961,6961,172
6962,6962,84
6963,6963,150
6964,6964,34
6965,6965,57
6966,6966,174
6967,6967,182
6968,6968,164
6969,6969,50
6970,6970,133
6971,6971,72
6972,6972,112
6973,6973,169
6974,6974,158
6975,6975,67
6976,6976,188
6977,6977,4
6978,6978,128
6979,6979,196
6980,6980,185
6981,6981,122
6982,6982,32
6983,6983,191
6984,6984,52
6985,6985,108
6986,6986,99
6987,6987,111
6988,6988,176
6989,6989,23
6990,6990,4
6991,6991,135
6992,6992,28
6993,6993,81
6994,6994,194
6995,6995,87
6996,6996,115
6997,6997,21
6998,6998,189
6999,6999,180
7000,7000,180
7001,7001,188
7002,7002,36
7003,7003,77
7004,7004,63
7005,7005,127
7006,7006,23
7007,7007,53
7008,7008,108
7009,7009,85
7010,7010,179
7011,7011,91
7012,7012,199
7013,7013,176
7014,7014,74
7015,7015,44
7016,7016,182
7017,7017,89
7018,7018,46
7019,7019,22
7020,7020,0
7021,7021,119
7022,7022,48
7023,7023,60
7024,7024,46
7025,7025,168
7026,7026,94
7027,7027,184
7028,7028,90
7029,7029,28
7030,7030,99
7031,7031,173
7032,7032,97
7033,7033,89
7034,7034,138
7035,7035,147
7036,7036,10
7037,7037,129
7038,7038,24
7039,7039,100
7040,7040,108
7041,7041,26
7042,7042,92
7043,7043,81
7044,7044,111
7045,7045,193
7046,7046,51
7047,7047,15
7048,7048,113
7049,7049,123
7050,7050,111
7051,7051,189
7052,7052,126
7053,7053,50
7054,7054,128
7055,7055,145
7056,7056,188
7057,7057,134
7058,7058,173
7059,7059,5
7060,7060,52
7061,7061,130
7062,7062,57
7063,7063,34
7064,7064,188
7065,7065,26
7066,7066,155
7067,7067,179
7068,7068,177
7069,7069,19
7070,7070,178
7071,7071,193
7072,7072,44
7073,7073,162
7074,7074,155
7075,7075,188
7076,7076,95
7077,7077,39
7078,7078,181
7079,7079,46
7080,7080,143
7081,7081,11
7082,7082,116
7083,7083,58
7084,7084,93
7085,7085,87
7086,7086,152
7087,7087,97
7088,7088,70
7089,7089,52
7090,7090,4
7091,7091,141
7092,7092,37
7093,7093,11
7094,7094,161
7095,7095,44
7096,7096,68
7097,7097,196
7098,7098,35
7099,7099,137
7100,7100,6
7101,7101,46
7102,7102,5
7103,7103,13
7104,7104,142
7105,7105,149
7106,7106,38
7107,7107,55
7108,7108,88
7109,7109,13
7110,7110,54
7111,7111,97
7112,7112,0
7113,7113,90
7114,7114,31
7115,7115,118
7116,7116,174
7117,7117,38
7118,7118,38
7119,7119,186
7120,7120,149
7121,7121,74
7122,7122,26
7123,7123,139
7124,7124,197
7125,7125,175
7126,7126,144
7127,7127,170
7128,7128,194
7129,7129,190
7130,7130,99
7131,7131,144
7132,7132,63
7133,7133,62
7134,7134,127
7135,7135,76
7136,7136,184
7137,7137,72
7138,7138,11
7139,7139,170
7140,7140,147
7141,7141,130
7142,7142,59
7143,7143,103
7144,7144,50
7145,7145,152
7146,7146,13
7147,7147,137
7148,7148,199
7149,7149,126
7150,7150,52
7151,7151,184
7152,7152,93
7153,7153,39
7154,7154,147
7155,7155,66
7156,7156,55
7157,7157,66
7158,7158,175
7159,7159,142
7160,7160,166
7161,7161,61
7162,7162,176
7163,7163,26
7164,7164,132
7165,7165,89
7166,7166,54
7167,7167,3
7168,7168,113
7169,7169,79
7170,7170,187
7171,7171,64
7172,7172,29
7173,7173,114
7174,7174,134
7175,7175,96
7176,7176,153
7177,7177,143
7178,7178,0
7179,7179,36
7180,7180,99
7181,7181,179
7182,7182,49
7183,7183,164
7184,7184,126
7185,7185,138
7186,7186,131
7187,7187,169
7188,7188,170
7189,7189,174
7190,7190,79
7191,7191,34
7192,7192,31
7193,7193,180
7194,7194,85
7195,7195,194
7196,7196,145
7197,7197,182
7198,7198,106
7199,7199,63
7200,7200,20
7201,7201,80
7202,7202,91
7203,7203,198
7204,7204,144
7205,7205,197
7206,7206,12
7207,7207,26
7208,7208,107
7209,7209,23
7210,7210,54
7211,7211,132
7212,7212,73
7213,7213,180
7214,7214,79
7215,7215,80
7216,7216,142
7217,7217,89
7218,7218,42
7219,7219,77
7220,7220,5
7221,7221,61
7222,7222,114
7223,7223,159
7224,7224,35
7225,7225,103
7226,7226,6
7227,7227,36
7228,7228,158
7229,7229,72
7230,7230,158
7231,7231,140
7232,7232,18
7233,7233,193
7234,7234,109
7235,7235,86
7236,7236,191
7237,7237,6
7238,7238,179
7239,7239,6
7240,7240,55
7241,7241,160
7242,7242,80
7243,7243,113
7244,7244,156
7245,7245,24
7246,7246,10
7247,7247,55
7248,7248,101
7249,7249,63
7250,7250,186
7251,7251,104
7252,7252,7
7253,7253,190
7254,7254,172
7255,7255,69
7256,7256,3
7257,7257,169
7258,7258,71
7259,7259,170
7260,7260,83
7261,7261,4
7262,7262,54
7263,7263,194
7264,7264,84
7265,7265,53
7266,7266,93
7267,7267,107
7268,7268,169
7269,7269,44
7270,7270,40
7271,7271,77
7272,7272,180
7273,7273,45
7274,7274,83
7275,7275,74
7276,7276,11
7277,7277,20
7278,7278,179
7279,7279,17
7280,7280,92
7281,7281,156
7282,7282,20
7283,7283,79
7284,7284,106
7285,7285,61
7286,7286,127
7287,7287,86
7288,7288,110
7289,7289,45
7290,7290,174
7291,7291,110
7292,7292,113
7293,7293,107
7294,7294,165
7295,7295,18
7296,7296,181
7297,7297,198
7298,7298,50
7299,7299,110
7300,7300,35
7301,7301,13
7302,7302,71
7303,7303,46
7304,7304,154
7305,7305,194
7306,7306,105
7307,7307,166
7308,7308,56
7309,7309,124
7310,7310,91
7311,7311,111
7312,7312,134
7313,7313,193
7314,7314,185
7315,7315,109
7316,7316,104
7317,7317,8
7318,7318,116
7319,7319,67
7320,7320,20
7321,7321,145
7322,7322,126
7323,7323,30
7324,7324,100
7325,7325,116
7326,7326,49
7327,7327,147
7328,7328,54
7329,7329,79
7330,7330,34
7331,7331,133
7332,7332,139
7333,7333,58
7334,7334,113
7335,7335,92
7336,7336,60
7337,7337,74
7338,7338,22
7339,7339,7
7340,7340,13
7341,7341,108
7342,7342,105
7343,7343,82
7344,7344,145
7345,7345,89
7346,7346,167
7347,7347,165
7348,7348,151
7349,7349,55
7350,7350,54
7351,7351,126
7352,7352,165
7353,7353,9
7354,7354,133
7355,7355,164
7356,7356,191
7357,7357,65
7358,7358,181
7359,7359,171
7360,7360,33
7361,7361,37
7362,7362,38
7363,7363,68
7364,7364,128
7365,7365,45
7366,7366,2
7367,7367,187
7368,7368,180
7369,7369,123
7370,7370,99
7371,7371,75
7372,7372,71
7373,7373,131
7374,7374,86
7375,7375,91
7376,7376,111
7377,7377,90
7378,7378,42
7379,7379,186
7380,7380,65
7381,7381,20
7382,7382,54
7383,7383,142
7384,7384,171
7385,7385,102
7386,7386,131
7387,7387,12
7388,7388,184
7389,7389,197
7390,7390,192
7391,7391,45
7392,7392,53
7393,7393,191
7394,7394,131
7395,7395,153
7396,7396,90
7397,7397,75
7398,7398,67
7399,7399,185
7400,7400,10
7401,7401,71
7402,7402,66
7403,7403,69
7404,7404,173
7405,7405,138
7406,7406,15
7407,7407,25
7408,7408,88
7409,7409,71
7410,7410,159
7411,7411,119
7412,7412,100
7413,7413,59
7414,7414,164
7415,7415,137
7416,7416,183
7417,7417,190
7418,7418,199
7419,7419,107
7420,7420,108
7421,7421,183
7422,7422,16
7423,7423,105
7424,7424,25
7425,7425,199
7426,7426,158
7427,7427,151
7428,7428,85
7429,7429,52
7430,7430,45
7431,7431,154
7432,7432,44
7433,7433,75
7434,7434,3
7435,7435,142
7436,7436,189
7437,7437,151
7438,7438,110
7439,7439,56
7440,7440,76
7441,7441,77
7442,7442,128
7443,7443,137
7444,7444,82
7445,7445,86
7446,7446,42
7447,7447,175
7448,7448,138
7449,7449,116
7450,7450,116
7451,7451,66
7452,7452,38
7453,7453,152
7454,7454,46
7455,7455,135
7456,7456,45
7457,7457,167
7458,7458,151
7459,7459,47
7460,7460,43
7461,7461,151
7462,7462,52
7463,7463,147
7464,7464,179
7465,7465,107
7466,7466,95
7467,7467,147
7468,7468,27
7469,7469,66
7470,7470,62
7471,7471,34
7472,7472,94
7473,7473,72
7474,7474,190
7475,7475,186
7476,7476,6
7477,7477,56
7478,7478,189
7479,7479,98
7480,7480,53
7481,7481,142
7482,7482,8
7483,7483,42
7484,7484,9
7485,7485,167
7486,7486,76
7487,7487,35
7488,7488,35
7489,7489,116
7490,7490,191
7491,7491,188
7492,7492,135
7493,7493,161
7494,7494,55
7495,7495,175
7496,7496,175
7497,7497,88
7498,7498,158
7499,7499,67
7500,7500,175
7501,7501,33
7502,7502,196
7503,7503,153
7504,7504,42
7505,7505,35
7506,7506,191
7507,7507,187
7508,7508,193
7509,7509,127
7510,7510,41
7511,7511,61
7512,7512,129
7513,7513,105
7514,7514,146
7515,7515,25
7516,7516,168
7517,7517,163
7518,7518,115
7519,7519,4
7520,7520,27
7521,7521,0
7522,7522,15
7523,7523,70
7524,7524,112
7525,7525,4
7526,7526,190
7527,7527,100
7528,7528,25
7529,7529,47
7530,7530,193
7531,7531,183
7532,7532,1
7533,7533,154
7534,7534,53
7535,7535,155
7536,7536,155
7537,7537,91
7538,7538,129
7539,7539,39
7540,7540,43
7541,7541,33
7542,7542,35
7543,7543,120
7544,7544,78
7545,7545,28
7546,7546,17
7547,7547,171
7548,7548,182
7549,7549,176
7550,7550,141
7551,7551,32
7552,7552,74
7553,7553,81
7554,7554,24
7555,7555,61
7556,7556,184
7557,7557,9
7558,7558,107
7559,7559,193
7560,7560,66
7561,7561,149
7562,7562,55
7563,7563,96
7564,7564,20
7565,7565,162
7566,7566,23
7567,7567,15
7568,7568,108
7569,7569,38
7570,7570,108
7571,7571,95
7572,7572,133
7573,7573,174
7574,7574,95
7575,7575,87
7576,7576,14
7577,7577,13
7578,7578,117
7579,7579,102
7580,7580,165
7581,7581,129
7582,7582,90
7583,7583,135
7584,7584,157
7585,7585,83
7586,7586,45
7587,7587,42
7588,7588,180
7589,7589,128
7590,7590,118
7591,7591,158
7592,7592,193
7593,7593,92
7594,7594,55
7595,7595,36
7596,7596,68
7597,7597,21
7598,7598,4
7599,7599,60
7600,7600,108
7601,7601,159
7602,7602,34
7603,7603,110
7604,7604,22
7605,7605,10
7606,7606,144
7607,7607,141
7608,7608,75
7609,7609,65
7610,7610,115
7611,7611,166
7612,7612,87
7613,7613,102
7614,7614,150
7615,7615,76
7616,7616,50
7617,7617,63
7618,7618,184
7619,7619,75
7620,7620,111
7621,7621,39
7622,7622,79
7623,7623,156
7624,7624,120
7625,7625,23
7626,7626,28
7627,7627,170
7628,7628,51
7629,7629,64
7630,7630,48
7631,7631,196
7632,7632,19
7633,7633,139
7634,7634,15
7635,7635,1
7636,7636,21
7637,7637,37
7638,7638,88
7639,7639,87
7640,7640,86
7641,7641,112
7642,7642,194
7643,7643,68
7644,7644,149
7645,7645,86
7646,7646,128
7647,7647,180
7648,7648,146
7649,7649,90
7650,7650,17
7651,7651,112
7652,7652,62
7653,7653,58
7654,7654,30
7655,7655,33
7656,7656,59
7657,7657,158
7658,7658,138
7659,7659,24
7660,7660,125
7661,7661,129
7662,7662,108
7663,7663,44
7664,7664,9
7665,7665,113
7666,7666,131
7667,7667,162
7668,7668,134
7669,7669,103
7670,7670,24
7671,7671,190
7672,7672,85
7673,7673,28
7674,7674,162
7675,7675,145
7676,7676,118
7677,7677,44
7678,7678,53
7679,7679,136
7680,7680,95
7681,7681,10
7682,7682,103
7683,7683,6
7684,7684,129
7685,7685,126
7686,7686,109
7687,7687,45
7688,7688,49
7689,7689,14
7690,7690,195
7691,7691,9
7692,7692,137
7693,7693,140
7694,7694,21
7695,7695,21
7696,7696,100
7697,7697,50
7698,7698,45
7699,7699,171
7700,7700,51
7701,7701,197
7702,7702,129
7703,7703,181
7704,7704,186
7705,7705,44
7706,7706,46
7707,7707,60
7708,7708,11
7709,7709,146
7710,7710,22
7711,7711,116
7712,7712,198
7713,7713,72
7714,7714,80
7715,7715,180
7716,7716,19
7717,7717,14
7718,7718,117
7719,7719,3
7720,7720,133
7721,7721,97
7722,7722,14
7723,7723,169
7724,7724,78
7725,7725,48
7726,7726,99
7727,7727,126
7728,7728,7
7729,7729,94
7730,7730,6
7731,7731,31
7732,7732,91
7733,7733,180
7734,7734,135
7735,7735,48
7736,7736,113
7737,7737,41
7738,7738,159
7739,7739,165
7740,7740,83
7741,7741,19
7742,7742,112
7743,7743,149
7744,7744,183
7745,7745,45
7746,7746,23
7747,7747,148
7748,7748,153
7749,7749,94
7750,7750,182
7751,7751,23
7752,7752,177
7753,7753,167
7754,7754,6
7755,7755,117
7756,7756,21
7757,7757,127
7758,7758,49
7759,7759,143
7760,7760,2
7761,7761,170
7762,7762,20
7763,7763,47
7764,7764,96
7765,7765,15
7766,7766,2
7767,7767,48
7768,7768,116
7769,7769,96
7770,7770,11
7771,7771,98
7772,7772,69
7773,7773,155
7774,7774,72
7775,7775,191
7776,7776,86
7777,7777,186
7778,7778,127
7779,7779,85
7780,7780,113
7781,7781,61
7782,7782,24
7783,7783,7
7784,7784,63
7785,7785,155
7786,7786,184
7787,7787,135
7788,7788,171
7789,7789,95
7790,7790,99
7791,7791,121
7792,7792,123
7793,7793,33
7794,7794,15
7795,7795,69
7796,7796,152
7797,7797,137
7798,7798,162
7799,7799,85
7800,7800,68
7801,7801,113
7802,7802,16
7803,7803,195
7804,7804,97
7805,7805,139
7806,7806,61
7807,7807,10
7808,7808,105
7809,7809,184
7810,7810,60
7811,7811,95
7812,7812,127
7813,7813,134
7814,7814,128
7815,7815,42
7816,7816,11
7817,7817,47
7818,7818,25
7819,7819,97
7820,7820,143
7821,7821,169
7822,7822,13
7823,7823,96
7824,7824,72
7825,7825,9
7826,7826,72
7827,7827,194
7828,7828,49
7829,7829,62
7830,7830,180
7831,7831,169
7832,7832,145
7833,7833,87
7834,7834,82
7835,7835,36
7836,7836,157
7837,7837,131
7838,7838,13
7839,7839,34
7840,7840,103
7841,7841,179
7842,7842,94
7843,7843,114
7844,7844,100
7845,7845,108
7846,7846,87
7847,7847,60
7848,7848,24
7849,7849,89
7850,7850,87
7851,7851,179
7852,7852,89
7853,7853,0
7854,7854,25
7855,7855,193
7856,7856,186
7857,7857,89
7858,7858,100
7859,7859,26
7860,7860,125
7861,7861,14
7862,7862,76
7863,7863,58
7864,7864,27
7865,7865,50
7866,7866,80
7867,7867,99
7868,7868,88
7869,7869,28
7870,7870,91
7871,7871,19
7872,7872,80
7873,7873,87
7874,7874,59
7875,7875,165
7876,7876,135
7877,7877,195
7878,7878,7
7879,7879,133
7880,7880,17
7881,7881,10
7882,7882,120
7883,7883,166
7884,7884,58
7885,7885,181
7886,7886,105
7887,7887,128
7888,7888,149
7889,7889,64
7890,7890,186
7891,7891,137
7892,7892,136
7893,7893,140
7894,7894,68
7895,7895,11
7896,7896,60
7897,7897,110
7898,7898,183
7899,7899,196
7900,7900,69
7901,7901,199
7902,7902,116
7903,7903,117
7904,7904,11
7905,7905,66
7906,7906,163
7907,7907,148
7908,7908,23
7909,7909,61
7910,7910,167
7911,7911,21
7912,7912,156
7913,7913,81
7914,7914,63
7915,7915,61
7916,7916,70
7917,7917,108
7918,7918,123
7919,7919,123
7920,7920,70
7921,7921,172
7922,7922,49
7923,7923,97
7924,7924,104
7925,7925,74
7926,7926,155
7927,7927,42
7928,7928,151
7929,7929,61
7930,7930,58
7931,7931,196
7932,7932,147
7933,7933,78
7934,7934,166
7935,7935,87
7936,7936,49
7937,7937,159
7938,7938,78
7939,7939,65
7940,7940,158
7941,7941,163
7942,7942,25
7943,7943,51
7944,7944,144
7945,7945,17
7946,7946,160
7947,7947,155
7948,7948,121
7949,7949,157
7950,7950,26
7951,7951,102
7952,7952,127
7953,7953,93
7954,7954,184
7955,7955,116
7956,7956,51
7957,7957,46
7958,7958,113
7959,7959,101
7960,7960,187
7961,7961,65
7962,7962,118
7963,7963,177
7964,7964,91
7965,7965,199
7966,7966,10
7967,7967,58
7968,7968,88
7969,7969,43
7970,7970,98
7971,7971,23
7972,7972,130
7973,7973,106
7974,7974,65
7975,7975,4
7976,7976,47
7977,7977,32
7978,7978,176
7979,7979,26
7980,7980,57
7981,7981,194
7982,7982,99
7983,7983,141
7984,7984,94
7985,7985,67
7986,7986,46
7987,7987,120
7988,7988,96
7989,7989,135
7990,7990,46
7991,7991,72
7992,7992,170
7993,7993,44
7994,7994,43
7995,7995,98
7996,7996,165
7997,7997,139
7998,7998,171
7999,7999,50
8000,8000,43
8001,8001,22
8002,8002,150
8003,8003,108
8004,8004,161
8005,8005,134
8006,8006,141
8007,8007,86
8008,8008,135
8009,8009,150
8010,8010,195
8011,8011,101
8012,8012,86
8013,8013,133
8014,8014,76
8015,8015,122
8016,8016,33
8017,8017,109
8018,8018,5
8019,8019,136
8020,8020,186
8021,8021,153
8022,8022,188
8023,8023,44
8024,8024,62
8025,8025,8
8026,8026,83
8027,8027,108
8028,8028,72
8029,8029,48
8030,8030,35
8031,8031,35
8032,8032,120
8033,8033,146
8034,8034,193
8035,8035,179
8036,8036,26
8037,8037,142
8038,8038,125
8039,8039,34
8040,8040,51
8041,8041,59
8042,8042,83
8043,8043,110
8044,8044,7
8045,8045,56
8046,8046,144
8047,8047,194
8048,8048,143
8049,8049,182
8050,8050,169
8051,8051,49
8052,8052,75
8053,8053,167
8054,8054,73
8055,8055,54
8056,8056,138
8057,8057,17
8058,8058,3
8059,8059,39
8060,8060,194
8061,8061,70
8062,8062,14
8063,8063,87
8064,8064,29
8065,8065,31
8066,8066,146
8067,8067,156
8068,8068,82
8069,8069,21
8070,8070,110
8071,8071,135
8072,8072,55
8073,8073,165
8074,8074,42
8075,8075,16
8076,8076,11
8077,8077,69
8078,8078,190
8079,8079,192
8080,8080,78
8081,8081,144
8082,8082,163
8083,8083,154
8084,8084,22
8085,8085,138
8086,8086,79
8087,8087,96
8088,8088,24
8089,8089,72
8090,8090,31
8091,8091,190
8092,8092,44
8093,8093,67
8094,8094,148
8095,8095,59
8096,8096,170
8097,8097,10
8098,8098,186
8099,8099,2
8100,8100,178
8101,8101,124
8102,8102,75
8103,8103,110
8104,8104,38
8105,8105,25
8106,8106,13
8107,8107,105
8108,8108,2
8109,8109,186
8110,8110,154
8111,8111,99
8112,8112,100
8113,8113,60
8114,8114,142
8115,8115,110
8116,8116,136
8117,8117,163
8118,8118,116
8119,8119,26
8120,8120,45
8121,8121,195
8122,8122,193
8123,8123,24
8124,8124,82
8125,8125,85
8126,8126,81
8127,8127,170
8128,8128,26
8129,8129,84
8130,8130,48
8131,8131,158
8132,8132,132
8133,8133,58
8134,8134,90
8135,8135,191
8136,8136,139
8137,8137,194
8138,8138,141
8139,8139,48
8140,8140,48
8141,8141,122
8142,8142,55
8143,8143,164
8144,8144,136
8145,8145,47
8146,8146,163
8147,8147,50
8148,8148,73
8149,8149,157
8150,8150,19
8151,8151,136
8152,8152,102
8153,8153,157
8154,8154,135
8155,8155,179
8156,8156,93
8157,8157,6
8158,8158,133
8159,8159,19
8160,8160,19
8161,8161,70
8162,8162,85
8163,8163,28
8164,8164,99
8165,8165,68
8166,8166,12
8167,8167,3
8168,8168,158
8169,8169,73
8170,8170,23
8171,8171,92
8172,8172,65
8173,8173,42
8174,8174,152
8175,8175,0
8176,8176,37
8177,8177,158
8178,8178,117
8179,8179,198
8180,8180,93
8181,8181,142
8182,8182,168
8183,8183,171
8184,8184,4
8185,8185,75
8186,8186,103
8187,8187,198
8188,8188,6
8189,8189,95
8190,8190,176
8191,8191,95
8192,8192,50
8193,8193,72
8194,8194,48
8195,8195,8
8196,8196,144
8197,8197,99
8198,8198,167
8199,8199,22
8200,8200,192
8201,8201,58
8202,8202,190
8203,8203,79
8204,8204,106
8205,8205,158
8206,8206,18
8207,8207,189
8208,8208,130
8209,8209,110
8210,8210,144
8211,8211,134
8212,8212,170
8213,8213,0
8214,8214,108
8215,8215,19
8216,8216,0
8217,8217,189
8218,8218,143
8219,8219,20
8220,8220,26
8221,8221,0
8222,8222,13
8223,8223,105
8224,8224,83
8225,8225,28
8226,8226,198
8227,8227,145
8228,8228,168
8229,8229,44
8230,8230,87
8231,8231,119
8232,8232,122
8233,8233,51
8234,8234,65
8235,8235,1
8236,8236,11
8237,8237,137
8238,8238,91
8239,8239,145
8240,8240,138
8241,8241,61
8242,8242,84
8243,8243,79
8244,8244,56
8245,8245,96
8246,8246,182
8247,8247,112
8248,8248,103
8249,8249,44
8250,8250,66
8251,8251,160
8252,8252,40
8253,8253,148
8254,8254,121
8255,8255,134
8256,8256,8
8257,8257,24
8258,8258,190
8259,8259,4
8260,8260,131
8261,8261,56
8262,8262,138
8263,8263,173
8264,8264,118
8265,8265,138
8266,8266,64
8267,8267,113
8268,8268,50
8269,8269,187
8270,8270,157
8271,8271,62
8272,8272,3
8273,8273,29
8274,8274,134
8275,8275,95
8276,8276,121
8277,8277,182
8278,8278,183
8279,8279,25
8280,8280,80
8281,8281,102
8282,8282,40
8283,8283,32
8284,8284,69
8285,8285,27
8286,8286,199
8287,8287,128
8288,8288,14
8289,8289,8
8290,8290,162
8291,8291,197
8292,8292,77
8293,8293,42
8294,8294,95
8295,8295,130
8296,8296,59
8297,8297,180
8298,8298,88
8299,8299,67
8300,8300,111
8301,8301,74
8302,8302,160
8303,8303,193
8304,8304,55
8305,8305,77
8306,8306,126
8307,8307,21
8308,8308,130
8309,8309,167
8310,8310,82
8311,8311,197
8312,8312,185
8313,8313,169
8314,8314,182
8315,8315,131
8316,8316,124
8317,8317,67
8318,8318,143
8319,8319,93
8320,8320,193
8321,8321,150
8322,8322,9
8323,8323,134
8324,8324,7
8325,8325,148
8326,8326,160
8327,8327,100
8328,8328,94
8329,8329,166
8330,8330,11
8331,8331,57
8332,8332,181
8333,8333,66
8334,8334,27
8335,8335,38
8336,8336,125
8337,8337,82
8338,8338,32
8339,8339,18
8340,8340,157
8341,8341,100
8342,8342,163
8343,8343,187
8344,8344,84
8345,8345,43
8346,8346,145
8347,8347,101
8348,8348,18
8349,8349,134
8350,8350,151
8351,8351,70
8352,8352,40
8353,8353,72
8354,8354,149
8355,8355,18
8356,8356,158
8357,8357,128
8358,8358,162
8359,8359,90
8360,8360,169
8361,8361,178
8362,8362,171
8363,8363,121
8364,8364,59
8365,8365,181
8366,8366,161
8367,8367,133
8368,8368,125
8369,8369,191
8370,8370,34
8371,8371,155
8372,8372,31
8373,8373,187
8374,8374,53
8375,8375,66
8376,8376,193
8377,8377,63
8378,8378,115
8379,8379,139
8380,8380,193
8381,8381,87
8382,8382,10
8383,8383,93
8384,8384,93
8385,8385,33
8386,8386,21
8387,8387,147
8388,8388,48
8389,8389,80
8390,8390,20
8391,8391,129
8392,8392,27
8393,8393,83
8394,8394,137
8395,8395,99
8396,8396,88
8397,8397,113
8398,8398,180
8399,8399,33
8400,8400,128
8401,8401,136
8402,8402,27
8403,8403,157
8404,8404,14
8405,8405,78
8406,8406,123
8407,8407,113
8408,8408,36
8409,8409,100
8410,8410,180
8411,8411,156
8412,8412,63
8413,8413,88
8414,8414,150
8415,8415,15
8416,8416,125
8417,8417,195
8418,8418,41
8419,8419,22
8420,8420,68
8421,8421,141
8422,8422,12
8423,8423,48
8424,8424,146
8425,8425,36
8426,8426,161
8427,8427,23
8428,8428,167
8429,8429,146
8430,8430,60
8431,8431,142
8432,8432,86
8433,8433,126
8434,8434,140
8435,8435,71
8436,8436,72
8437,8437,18
8438,8438,104
8439,8439,164
8440,8440,154
8441,8441,102
8442,8442,68
8443,8443,126
8444,8444,61
8445,8445,42
8446,8446,76
8447,8447,99
8448,8448,76
8449,8449,140
8450,8450,143
8451,8451,179
8452,8452,34
8453,8453,33
8454,8454,168
8455,8455,185
8456,8456,57
8457,8457,157
8458,8458,40
8459,8459,72
8460,8460,158
8461,8461,125
8462,8462,187
8463,8463,158
8464,8464,141
8465,8465,154
8466,8466,6
8467,8467,184
8468,8468,70
8469,8469,117
8470,8470,125
8471,8471,102
8472,8472,133
8473,8473,50
8474,8474,153
8475,8475,73
8476,8476,65
8477,8477,9
8478,8478,46
8479,8479,99
8480,8480,35
8481,8481,177
8482,8482,44
8483,8483,89
8484,8484,52
8485,8485,193
8486,8486,35
8487,8487,54
8488,8488,18
8489,8489,22
8490,8490,177
8491,8491,38
8492,8492,20
8493,8493,80
8494,8494,141
8495,8495,110
8496,8496,65
8497,8497,166
8498,8498,119
8499,8499,164
8500,8500,111
8501,8501,11
8502,8502,135
8503,8503,170
8504,8504,142
8505,8505,124
8506,8506,162
8507,8507,18
8508,8508,182
8509,8509,96
8510,8510,28
8511,8511,41
8512,8512,28
8513,8513,105
8514,8514,134
8515,8515,166
8516,8516,90
8517,8517,177
8518,8518,132
8519,8519,10
8520,8520,69
8521,8521,161
8522,8522,97
8523,8523,119
8524,8524,16
8525,8525,157
8526,8526,73
8527,8527,81
8528,8528,64
8529,8529,66
8530,8530,25
8531,8531,133
8532,8532,143
8533,8533,165
8534,8534,101
8535,8535,67
8536,8536,198
8537,8537,23
8538,8538,81
8539,8539,64
8540,8540,129
8541,8541,1
8542,8542,43
8543,8543,59
8544,8544,52
8545,8545,62
8546,8546,45
8547,8547,126
8548,8548,82
8549,8549,159
8550,8550,157
8551,8551,6
8552,8552,182
8553,8553,139
8554,8554,37
8555,8555,101
8556,8556,33
8557,8557,1
8558,8558,158
8559,8559,169
8560,8560,109
8561,8561,80
8562,8562,123
8563,8563,42
8564,8564,37
8565,8565,182
8566,8566,41
8567,8567,154
8568,8568,167
8569,8569,145
8570,8570,174
8571,8571,194
8572,8572,169
8573,8573,117
8574,8574,61
8575,8575,62
8576,8576,147
8577,8577,112
8578,8578,43
8579,8579,126
8580,8580,38
8581,8581,66
8582,8582,27
8583,8583,51
8584,8584,187
8585,8585,87
8586,8586,8
8587,8587,16
8588,8588,68
8589,8589,4
8590,8590,101
8591,8591,75
8592,8592,168
8593,8593,38
8594,8594,108
8595,8595,55
8596,8596,65
8597,8597,179
8598,8598,16
8599,8599,136
8600,8600,113
8601,8601,198
8602,8602,51
8603,8603,10
8604,8604,89
8605,8605,53
8606,8606,174
8607,8607,108
8608,8608,182
8609,8609,46
8610,8610,80
8611,8611,175
8612,8612,167
8613,8613,15
8614,8614,101
8615,8615,186
8616,8616,65
8617,8617,170
8618,8618,39
8619,8619,5
8620,8620,172
8621,8621,182
8622,8622,23
8623,8623,161
8624,8624,111
8625,8625,174
8626,8626,42
8627,8627,171
8628,8628,197
8629,8629,109
8630,8630,14
8631,8631,20
8632,8632,47
8633,8633,70
8634,8634,51
8635,8635,52
8636,8636,99
8637,8637,16
8638,8638,139
8639,8639,151
8640,8640,192
8641,8641,145
8642,8642,126
8643,8643,176
8644,8644,11
8645,8645,112
8646,8646,146
8647,8647,159
8648,8648,79
8649,8649,181
8650,8650,89
8651,8651,154
8652,8652,152
8653,8653,122
8654,8654,189
8655,8655,38
8656,8656,152
8657,8657,2
8658,8658,187
8659,8659,35
8660,8660,101
8661,8661,104
8662,8662,163
8663,8663,17
8664,8664,72
8665,8665,173
8666,8666,25
8667,8667,6
8668,8668,67
8669,8669,53
8670,8670,110
8671,8671,86
8672,8672,194
8673,8673,177
8674,8674,171
8675,8675,58
8676,8676,29
8677,8677,183
8678,8678,2
8679,8679,32
8680,8680,107
8681,8681,151
8682,8682,107
8683,8683,20
8684,8684,149
8685,8685,196
8686,8686,112
8687,8687,173
8688,8688,76
8689,8689,137
8690,8690,43
8691,8691,21
8692,8692,99
8693,8693,151
8694,8694,45
8695,8695,156
8696,8696,108
8697,8697,35
8698,8698,176
8699,8699,93
8700,8700,157
8701,8701,186
8702,8702,44
8703,8703,13
8704,8704,93
8705,8705,110
8706,8706,67
8707,8707,122
8708,8708,163
8709,8709,128
8710,8710,114
8711,8711,137
8712,8712,83
8713,8713,153
8714,8714,142
8715,8715,77
8716,8716,172
8717,8717,37
8718,8718,143
8719,8719,125
8720,8720,155
8721,8721,14
8722,8722,55
8723,8723,20
8724,8724,131
8725,8725,144
8726,8726,126
8727,8727,61
8728,8728,154
8729,8729,1
8730,8730,25
8731,8731,44
8732,8732,136
8733,8733,20
8734,8734,164
8735,8735,147
8736,8736,127
8737,8737,86
8738,8738,146
8739,8739,187
8740,8740,163
8741,8741,155
8742,8742,133
8743,8743,15
8744,8744,130
8745,8745,40
8746,8746,84
8747,8747,59
8748,8748,113
8749,8749,95
8750,8750,53
8751,8751,89
8752,8752,79
8753,8753,50
8754,8754,13
8755,8755,190
8756,8756,125
8757,8757,136
8758,8758,136
8759,8759,119
8760,8760,49
8761,8761,68
8762,8762,111
8763,8763,62
8764,8764,91
8765,8765,115
8766,8766,102
8767,8767,176
8768,8768,100
8769,8769,6
8770,8770,42
8771,8771,100
8772,8772,41
8773,8773,11
8774,8774,128
8775,8775,75
8776,8776,71
8777,8777,180
8778,8778,111
8779,8779,58
8780,8780,151
8781,8781,42
8782,8782,70
8783,8783,84
8784,8784,45
8785,8785,98
8786,8786,181
8787,8787,145
8788,8788,96
8789,8789,141
8790,8790,193
8791,8791,151
8792,8792,151
8793,8793,41
8794,8794,72
8795,8795,145
8796,8796,2
8797,8797,1
8798,8798,102
8799,8799,27
8800,8800,176
8801,8801,65
8802,8802,185
8803,8803,22
8804,8804,66
8805,8805,152
8806,8806,51
8807,8807,47
8808,8808,144
8809,8809,69
8810,8810,78
8811,8811,122
8812,8812,147
8813,8813,184
8814,8814,150
8815,8815,47
8816,8816,88
8817,8817,1
8818,8818,195
8819,8819,166
8820,8820,103
8821,8821,65
8822,8822,142
8823,8823,64
8824,8824,128
8825,8825,170
8826,8826,139
8827,8827,154
8828,8828,107
8829,8829,189
8830,8830,111
8831,8831,24
8832,8832,129
8833,8833,190
8834,8834,172
8835,8835,141
8836,8836,7
8837,8837,114
8838,8838,61
8839,8839,134
8840,8840,95
8841,8841,111
8842,8842,191
8843,8843,117
8844,8844,6
8845,8845,196
8846,8846,71
8847,8847,113
8848,8848,185
8849,8849,61
8850,8850,83
8851,8851,33
8852,8852,54
8853,8853,48
8854,8854,126
8855,8855,196
8856,8856,72
8857,8857,135
8858,8858,184
8859,8859,97
8860,8860,198
8861,8861,96
8862,8862,156
8863,8863,23
8864,8864,19
8865,8865,107
8866,8866,140
8867,8867,159
8868,8868,149
8869,8869,147
8870,8870,11
8871,8871,39
8872,8872,171
8873,8873,19
8874,8874,174
8875,8875,147
8876,8876,9
8877,8877,196
8878,8878,54
8879,8879,80
8880,8880,125
8881,8881,198
8882,8882,21
8883,8883,76
8884,8884,33
8885,8885,184
8886,8886,31
8887,8887,137
8888,8888,13
8889,8889,172
8890,8890,92
8891,8891,103
8892,8892,121
8893,8893,128
8894,8894,55
8895,8895,123
8896,8896,116
8897,8897,44
8898,8898,12
8899,8899,87
8900,8900,1
8901,8901,188
8902,8902,131
8903,8903,88
8904,8904,63
8905,8905,3
8906,8906,71
8907,8907,12
8908,8908,78
8909,8909,24
8910,8910,50
8911,8911,33
8912,8912,194
8913,8913,96
8914,8914,88
8915,8915,157
8916,8916,3
8917,8917,163
8918,8918,197
8919,8919,29
8920,8920,141
8921,8921,132
8922,8922,67
8923,8923,82
8924,8924,122
8925,8925,163
8926,8926,52
8927,8927,180
8928,8928,121
8929,8929,83
8930,8930,28
8931,8931,184
8932,8932,52
8933,8933,122
8934,8934,53
8935,8935,71
8936,8936,54
8937,8937,188
8938,8938,135
8939,8939,138
8940,8940,51
8941,8941,158
8942,8942,112
8943,8943,118
8944,8944,180
8945,8945,7
8946,8946,86
8947,8947,43
8948,8948,80
8949,8949,62
8950,8950,67
8951,8951,54
8952,8952,17
8953,8953,189
8954,8954,96
8955,8955,36
8956,8956,85
8957,8957,34
8958,8958,199
8959,8959,22
8960,8960,44
8961,8961,8
8962,8962,124
8963,8963,86
8964,8964,80
8965,8965,194
8966,8966,140
8967,8967,195
8968,8968,113
8969,8969,135
8970,8970,71
8971,8971,26
8972,8972,108
8973,8973,5
8974,8974,197
8975,8975,32
8976,8976,87
8977,8977,129
8978,8978,7
8979,8979,5
8980,8980,173
8981,8981,62
8982,8982,12
8983,8983,41
8984,8984,100
8985,8985,150
8986,8986,81
8987,8987,93
8988,8988,82
8989,8989,150
8990,8990,83
8991,8991,159
8992,8992,39
8993,8993,185
8994,8994,81
8995,8995,1
8996,8996,97
8997,8997,172
8998,8998,111
8999,8999,95
9000,9000,165
9001,9001,159
9002,9002,188
9003,9003,125
9004,9004,121
9005,9005,42
9006,9006,153
9007,9007,35
9008,9008,112
9009,9009,101
9010,9010,198
9011,9011,97
9012,9012,156
9013,9013,144
9014,9014,14
9015,9015,165
9016,9016,154
9017,9017,167
9018,9018,105
9019,9019,36
9020,9020,68
9021,9021,26
9022,9022,94
9023,9023,102
9024,9024,34
9025,9025,4
9026,9026,70
9027,9027,79
9028,9028,27
9029,9029,50
9030,9030,10
9031,9031,161
9032,9032,143
9033,9033,121
9034,9034,161
9035,9035,90
9036,9036,115
9037,9037,148
9038,9038,84
9039,9039,25
9040,9040,20
9041,9041,121
9042,9042,162
9043,9043,185
9044,9044,155
9045,9045,145
9046,9046,148
9047,9047,10
9048,9048,194
9049,9049,31
9050,9050,142
9051,9051,35
9052,9052,161
9053,9053,192
9054,9054,21
9055,9055,115
9056,9056,105
9057,9057,100
9058,9058,103
9059,9059,109
9060,9060,2
9061,9061,119
9062,9062,152
9063,9063,145
9064,9064,105
9065,9065,194
9066,9066,17
9067,9067,174
9068,9068,139
9069,9069,15
9070,9070,28
9071,9071,164
9072,9072,53
9073,9073,109
9074,9074,134
9075,9075,112
9076,9076,148
9077,9077,56
9078,9078,183
9079,9079,152
9080,9080,181
9081,9081,157
9082,9082,130
9083,9083,157
9084,9084,124
9085,9085,131
9086,9086,110
9087,9087,136
9088,9088,21
9089,9089,99
9090,9090,44
9091,9091,78
9092,9092,65
9093,9093,167
9094,9094,92
9095,9095,61
9096,9096,32
9097,9097,104
9098,9098,155
9099,9099,1
9100,9100,8
9101,9101,137
9102,9102,39
9103,9103,57
9104,9104,188
9105,9105,163
9106,9106,134
9107,9107,71
9108,9108,82
9109,9109,113
9110,9110,112
9111,9111,190
9112,9112,166
9113,9113,48
9114,9114,157
9115,9115,153
9116,9116,159
9117,9117,160
9118,9118,104
9119,9119,126
9120,9120,12
9121,9121,106
9122,9122,199
9123,9123,7
9124,9124,7
9125,9125,148
9126,9126,145
9127,9127,137
9128,9128,170
9129,9129,15
9130,9130,61
9131,9131,12
9132,9132,12
9133,9133,181
9134,9134,167
9135,9135,112
9136,9136,62
9137,9137,47
9138,9138,126
9139,9139,47
9140,9140,164
9141,9141,161
9142,9142,175
9143,9143,152
9144,9144,130
9145,9145,166
9146,9146,128
9147,9147,161
9148,9148,50
9149,9149,165
9150,9150,145
9151,9151,142
9152,9152,151
9153,9153,118
9154,9154,75
9155,9155,195
9156,9156,165
9157,9157,44
9158,9158,178
9159,9159,16
9160,9160,117
9161,9161,165
9162,9162,5
9163,9163,102
9164,9164,112
9165,9165,66
9166,9166,107
9167,9167,60
9168,9168,74
9169,9169,136
9170,9170,94
9171,9171,86
9172,9172,158
9173,9173,27
9174,9174,49
9175,9175,68
9176,9176,22
9177,9177,110
9178,9178,52
9179,9179,198
9180,9180,99
9181,9181,16
9182,9182,160
9183,9183,158
9184,9184,179
9185,9185,170
9186,9186,198
9187,9187,26
9188,9188,163
9189,9189,74
9190,9190,140
9191,9191,52
9192,9192,50
9193,9193,177
9194,9194,73
9195,9195,15
9196,9196,77
9197,9197,150
9198,9198,174
9199,9199,10
9200,9200,75
9201,9201,189
9202,9202,75
9203,9203,68
9204,9204,97
9205,9205,118
9206,9206,90
9207,9207,40
9208,9208,33
9209,9209,108
9210,9210,160
9211,9211,140
9212,9212,10
9213,9213,99
9214,9214,113
9215,9215,199
9216,9216,45
9217,9217,130
9218,9218,38
9219,9219,40
9220,9220,187
9221,9221,117
9222,9222,19
9223,9223,75
9224,9224,33
9225,9225,13
9226,9226,43
9227,9227,85
9228,9228,172
9229,9229,187
9230,9230,196
9231,9231,180
9232,9232,143
9233,9233,68
9234,9234,5
9235,9235,136
9236,9236,138
9237,9237,135
9238,9238,73
9239,9239,146
9240,9240,119
9241,9241,172
9242,9242,111
9243,9243,3
9244,9244,195
9245,9245,76
9246,9246,47
9247,9247,144
9248,9248,58
9249,9249,146
9250,9250,116
9251,9251,9
9252,9252,155
9253,9253,5
9254,9254,67
9255,9255,65
9256,9256,98
9257,9257,53
9258,9258,166
9259,9259,142
9260,9260,39
9261,9261,108
9262,9262,172
9263,9263,80
9264,9264,195
9265,9265,43
9266,9266,89
9267,9267,192
9268,9268,140
9269,9269,43
9270,9270,65
9271,9271,19
9272,9272,116
9273,9273,149
9274,9274,44
9275,9275,172
9276,9276,101
9277,9277,122
9278,9278,72
9279,9279,152
9280,9280,56
9281,9281,2
9282,9282,85
9283,9283,6
9284,9284,133
9285,9285,164
9286,9286,38
9287,9287,134
9288,9288,123
9289,9289,35
9290,9290,192
9291,9291,194
9292,9292,80
9293,9293,119
9294,9294,111
9295,9295,179
9296,9296,185
9297,9297,140
9298,9298,105
9299,9299,12
9300,9300,34
9301,9301,48
9302,9302,85
9303,9303,128
9304,9304,184
9305,9305,15
9306,9306,58
9307,9307,133
9308,9308,39
9309,9309,159
9310,9310,195
9311,9311,136
9312,9312,8
9313,9313,173
9314,9314,71
9315,9315,63
9316,9316,74
9317,9317,52
9318,9318,150
9319,9319,124
9320,9320,110
9321,9321,16
9322,9322,136
9323,9323,111
9324,9324,119
9325,9325,174
9326,9326,149
9327,9327,28
9328,9328,74
9329,9329,93
9330,9330,20
9331,9331,180
9332,9332,183
9333,9333,157
9334,9334,99
9335,9335,131
9336,9336,73
9337,9337,57
9338,9338,163
9339,9339,120
9340,9340,114
9341,9341,139
9342,9342,24
9343,9343,168
9344,9344,143
9345,9345,139
9346,9346,140
9347,9347,187
9348,9348,99
9349,9349,25
9350,9350,121
9351,9351,45
9352,9352,113
9353,9353,13
9354,9354,18
9355,9355,176
9356,9356,178
9357,9357,169
9358,9358,61
9359,9359,176
9360,9360,88
9361,9361,78
9362,9362,182
9363,9363,21
9364,9364,12
9365,9365,68
9366,9366,182
9367,9367,121
9368,9368,84
9369,9369,179
9370,9370,22
9371,9371,65
9372,9372,4
9373,9373,145
9374,9374,39
9375,9375,33
9376,9376,84
9377,9377,3
9378,9378,139
9379,9379,25
9380,9380,75
9381,9381,124
9382,9382,65
9383,9383,167
9384,9384,31
9385,9385,117
9386,9386,96
9387,9387,146
9388,9388,154
9389,9389,178
9390,9390,198
9391,9391,28
9392,9392,102
9393,9393,94
9394,9394,90
9395,9395,173
9396,9396,34
9397,9397,15
9398,9398,111
9399,9399,194
9400,9400,82
9401,9401,89
9402,9402,177
9403,9403,9
9404,9404,170
9405,9405,81
9406,9406,69
9407,9407,150
9408,9408,91
9409,9409,142
9410,9410,159
9411,9411,42
9412,9412,58
9413,9413,137
9414,9414,35
9415,9415,113
9416,9416,163
9417,9417,8
9418,9418,135
9419,9419,148
9420,9420,149
9421,9421,115
9422,9422,11
9423,9423,6
9424,9424,76
9425,9425,45
9426,9426,116
9427,9427,175
9428,9428,191
9429,9429,22
9430,9430,49
9431,9431,51
9432,9432,138
9433,9433,119
9434,9434,107
9435,9435,135
9436,9436,97
9437,9437,24
9438,9438,83
9439,9439,62
9440,9440,135
9441,9441,178
9442,9442,23
9443,9443,110
9444,9444,5
9445,9445,6
9446,9446,22
9447,9447,133
9448,9448,51
9449,9449,115
9450,9450,78
9451,9451,133
9452,9452,33
9453,9453,89
9454,9454,57
9455,9455,160
9456,9456,99
9457,9457,83
9458,9458,27
9459,9459,112
9460,9460,198
9461,9461,181
9462,9462,89
9463,9463,121
9464,9464,182
9465,9465,194
9466,9466,151
9467,9467,110
9468,9468,69
9469,9469,150
9470,9470,49
9471,9471,191
9472,9472,17
9473,9473,174
9474,9474,90
9475,9475,72
9476,9476,173
9477,9477,0
9478,9478,158
9479,9479,93
9480,9480,103
9481,9481,38
9482,9482,14
9483,9483,43
9484,9484,154
9485,9485,191
9486,9486,81
9487,9487,31
9488,9488,11
9489,9489,166
9490,9490,142
9491,9491,42
9492,9492,181
9493,9493,119
9494,9494,109
9495,9495,143
9496,9496,123
9497,9497,101
9498,9498,154
9499,9499,93
9500,9500,5
9501,9501,146
9502,9502,68
9503,9503,56
9504,9504,122
9505,9505,20
9506,9506,183
9507,9507,128
9508,9508,155
9509,9509,118
9510,9510,86
9511,9511,129
9512,9512,172
9513,9513,26
9514,9514,153
9515,9515,146
9516,9516,39
9517,9517,39
9518,9518,187
9519,9519,195
9520,9520,20
9521,9521,68
9522,9522,158
9523,9523,2
9524,9524,93
9525,9525,66
9526,9526,12
9527,9527,89
9528,9528,100
9529,9529,44
9530,9530,178
9531,9531,91
9532,9532,103
9533,9533,26
9534,9534,93
9535,9535,81
9536,9536,164
9537,9537,61
9538,9538,5
9539,9539,80
9540,9540,47
9541,9541,5
9542,9542,50
9543,9543,61
9544,9544,28
9545,9545,137
9546,9546,21
9547,9547,37
9548,9548,180
9549,9549,133
9550,9550,18
9551,9551,51
9552,9552,174
9553,9553,33
9554,9554,17
9555,9555,61
9556,9556,182
9557,9557,37
9558,9558,8
9559,9559,6
9560,9560,65
9561,9561,62
9562,9562,139
9563,9563,105
9564,9564,150
9565,9565,186
9566,9566,97
9567,9567,123
9568,9568,195
9569,9569,189
9570,9570,64
9571,9571,151
9572,9572,11
9573,9573,14
9574,9574,170
9575,9575,124
9576,9576,170
9577,9577,131
9578,9578,96
9579,9579,66
9580,9580,100
9581,9581,192
9582,9582,144
9583,9583,65
9584,9584,166
9585,9585,1
9586,9586,112
9587,9587,94
9588,9588,114
9589,9589,119
9590,9590,72
9591,9591,126
9592,9592,52
9593,9593,182
9594,9594,130
9595,9595,37
9596,9596,145
9597,9597,103
9598,9598,21
9599,9599,67
9600,9600,113
9601,9601,8
9602,9602,174
9603,9603,31
9604,9604,162
9605,9605,1
9606,9606,88
9607,9607,58
9608,9608,184
9609,9609,138
9610,9610,9
9611,9611,78
9612,9612,172
9613,9613,128
9614,9614,58
9615,9615,183
9616,9616,65
9617,9617,21
9618,9618,133
9619,9619,4
9620,9620,23
9621,9621,159
9622,9622,36
9623,9623,149
9624,9624,147
9625,9625,93
9626,9626,177
9627,9627,29
9628,9628,193
9629,9629,137
9630,9630,46
9631,9631,155
9632,9632,171
9633,9633,193
9634,9634,113
9635,9635,137
9636,9636,56
9637,9637,50
9638,9638,171
9639,9639,45
9640,9640,38
9641,9641,160
9642,9642,100
9643,9643,191
9644,9644,120
9645,9645,143
9646,9646,84
9647,9647,51
9648,9648,66
9649,9649,80
9650,9650,60
9651,9651,130
9652,9652,164
9653,9653,195
9654,9654,25
9655,9655,56
9656,9656,199
9657,9657,102
9658,9658,12
9659,9659,28
9660,9660,80
9661,9661,125
9662,9662,43
9663,9663,154
9664,9664,53
9665,9665,103
9666,9666,72
9667,9667,106
9668,9668,194
9669,9669,11
9670,9670,151
9671,9671,42
9672,9672,76
9673,9673,133
9674,9674,163
9675,9675,13
9676,9676,29
9677,9677,185
9678,9678,155
9679,9679,167
9680,9680,65
9681,9681,143
9682,9682,18
9683,9683,58
9684,9684,25
9685,9685,59
9686,9686,187
9687,9687,26
9688,9688,86
9689,9689,180
9690,9690,152
9691,9691,186
9692,9692,154
9693,9693,68
9694,9694,178
9695,9695,65
9696,9696,50
9697,9697,154
9698,9698,150
9699,9699,105
9700,9700,120
9701,9701,195
9702,9702,61
9703,9703,125
9704,9704,53
9705,9705,94
9706,9706,70
9707,9707,139
9708,9708,56
9709,9709,148
9710,9710,74
9711,9711,67
9712,9712,180
9713,9713,102
9714,9714,24
9715,9715,48
9716,9716,177
9717,9717,53
9718,9718,80
9719,9719,133
9720,9720,44
9721,9721,159
9722,9722,90
9723,9723,71
9724,9724,26
9725,9725,110
9726,9726,11
9727,9727,126
9728,9728,123
9729,9729,44
9730,9730,60
9731,9731,111
9732,9732,176
9733,9733,73
9734,9734,69
9735,9735,102
9736,9736,68
9737,9737,159
9738,9738,138
9739,9739,34
9740,9740,113
9741,9741,124
9742,9742,34
9743,9743,155
9744,9744,77
9745,9745,116
9746,9746,25
9747,9747,96
9748,9748,136
9749,9749,101
9750,9750,94
9751,9751,49
9752,9752,138
9753,9753,168
9754,9754,52
9755,9755,91
9756,9756,135
9757,9757,54
9758,9758,135
9759,9759,195
9760,9760,55
9761,9761,73
9762,9762,70
9763,9763,144
9764,9764,177
9765,9765,139
9766,9766,199
9767,9767,45
9768,9768,109
9769,9769,10
9770,9770,166
9771,9771,100
9772,9772,114
9773,9773,6
9774,9774,43
9775,9775,81
9776,9776,62
9777,9777,188
9778,9778,121
9779,9779,183
9780,9780,76
9781,9781,104
9782,9782,141
9783,9783,118
9784,9784,136
9785,9785,5
9786,9786,9
9787,9787,157
9788,9788,66
9789,9789,44
9790,9790,33
9791,9791,104
9792,9792,10
9793,9793,11
9794,9794,127
9795,9795,120
9796,9796,133
9797,9797,89
9798,9798,27
9799,9799,175
9800,9800,9
9801,9801,156
9802,9802,41
9803,9803,193
9804,9804,4
9805,9805,108
9806,9806,68
9807,9807,146
9808,9808,38
9809,9809,160
9810,9810,115
9811,9811,122
9812,9812,100
9813,9813,167
9814,9814,33
9815,9815,69
9816,9816,69
9817,9817,142
9818,9818,22
9819,9819,115
9820,9820,83
9821,9821,122
9822,9822,21
9823,9823,17
9824,9824,118
9825,9825,141
9826,9826,12
9827,9827,166
9828,9828,15
9829,9829,2
9830,9830,112
9831,9831,13
9832,9832,65
9833,9833,80
9834,9834,137
9835,9835,112
9836,9836,151
9837,9837,12
9838,9838,111
9839,9839,106
9840,9840,173
9841,9841,56
9842,9842,113
9843,9843,27
9844,9844,16
9845,9845,97
9846,9846,118
9847,9847,10
9848,9848,13
9849,9849,139
9850,9850,111
9851,9851,22
9852,9852,30
9853,9853,187
9854,9854,149
9855,9855,173
9856,9856,66
9857,9857,165
9858,9858,33
9859,9859,101
9860,9860,93
9861,9861,8
9862,9862,183
9863,9863,124
9864,9864,137
9865,9865,39
9866,9866,192
9867,9867,94
9868,9868,58
9869,9869,70
9870,9870,149
9871,9871,174
9872,9872,45
9873,9873,7
9874,9874,10
9875,9875,73
9876,9876,142
9877,9877,17
9878,9878,41
9879,9879,10
9880,9880,136
9881,9881,42
9882,9882,189
9883,9883,122
9884,9884,108
9885,9885,10
9886,9886,105
9887,9887,63
9888,9888,121
9889,9889,24
9890,9890,182
9891,9891,2
9892,9892,194
9893,9893,15
9894,9894,103
9895,9895,149
9896,9896,61
9897,9897,84
9898,9898,145
9899,9899,112
9900,9900,140
9901,9901,184
9902,9902,104
9903,9903,160
9904,9904,7
9905,9905,114
9906,9906,103
9907,9907,93
9908,9908,195
9909,9909,0
9910,9910,29
9911,9911,95
9912,9912,30
9913,9913,160
9914,9914,193
9915,9915,25
9916,9916,92
9917,9917,170
9918,9918,112
9919,9919,121
9920,9920,47
9921,9921,29
9922,9922,21
9923,9923,91
9924,9924,191
9925,9925,39
9926,9926,88
9927,9927,183
9928,9928,39
9929,9929,158
9930,9930,68
9931,9931,153
9932,9932,81
9933,9933,39
9934,9934,153
9935,9935,127
9936,9936,148
9937,9937,141
9938,9938,64
9939,9939,97
9940,9940,74
9941,9941,128
9942,9942,128
9943,9943,134
9944,9944,30
9945,9945,5
9946,9946,48
9947,9947,164
9948,9948,66
9949,9949,146
9950,9950,138
9951,9951,46
9952,9952,142
9953,9953,48
9954,9954,81
9955,9955,128
9956,9956,197
9957,9957,108
9958,9958,180
9959,9959,146
9960,9960,194
9961,9961,199
9962,9962,35
9963,9963,73
9964,9964,2
9965,9965,112
9966,9966,76
9967,9967,52
9968,9968,51
9969,9969,199
9970,9970,175
9971,9971,93
9972,9972,71
9973,9973,159
9974,9974,34
9975,9975,64
9976,9976,18
9977,9977,100
9978,9978,170
9979,9979,154
9980,9980,160
9981,9981,188
9982,9982,102
9983,9983,111
9984,9984,192
9985,9985,93
9986,9986,3
9987,9987,48
9988,9988,64
9989,9989,133
9990,9990,114
9991,9991,3
9992,9992,58
9993,9993,35
9994,9994,91
9995,9995,115
9996,9996,2
9997,9997,44
9998,9998,98
9999,9999,109
10000,10000,0
10001,10001,156
10002,10002,50
10003,10003,38
10004,10004,127
10005,10005,50
10006,10006,115
10007,10007,70
10008,10008,86
10009,10009,163
10010,10010,7
10011,10011,179
10012,10012,159
10013,10013,188
10014,10014,159
10015,10015,77
10016,10016,195
10017,10017,4
10018,10018,63
10019,10019,153
10020,10020,7
10021,10021,1
10022,10022,163
10023,10023,130
10024,10024,31
10025,10025,106
10026,10026,37
10027,10027,142
10028,10028,134
10029,10029,164
10030,10030,63
10031,10031,40
10032,10032,97
10033,10033,32
10034,10034,28
10035,10035,120
10036,10036,102
10037,10037,104
10038,10038,167
10039,10039,101
10040,10040,1
10041,10041,86
10042,10042,133
10043,10043,98
10044,10044,24
10045,10045,130
10046,10046,79
10047,10047,110
10048,10048,187
10049,10049,123
10050,10050,66
10051,10051,188
10052,10052,81
10053,10053,80
10054,10054,112
10055,10055,43
10056,10056,68
10057,10057,96
10058,10058,123
10059,10059,8
10060,10060,188
10061,10061,50
10062,10062,101
10063,10063,172
10064,10064,87
10065,10065,154
10066,10066,25
10067,10067,102
10068,10068,173
10069,10069,37
10070,10070,138
10071,10071,55
10072,10072,105
10073,10073,78
10074,10074,128
10075,10075,145
10076,10076,139
10077,10077,34
10078,10078,78
10079,10079,111
10080,10080,70
10081,10081,86
10082,10082,47
10083,10083,39
10084,10084,116
10085,10085,134
10086,10086,119
10087,10087,176
10088,10088,149
10089,10089,45
10090,10090,88
10091,10091,130
10092,10092,20
10093,10093,96
10094,10094,61
10095,10095,111
10096,10096,0
10097,10097,5
10098,10098,129
10099,10099,132
10100,10100,143
10101,10101,53
10102,10102,32
10103,10103,117
10104,10104,13
10105,10105,1
10106,10106,180
10107,10107,74
10108,10108,89
10109,10109,126
10110,10110,82
10111,10111,62
10112,10112,74
10113,10113,73
10114,10114,52
10115,10115,195
10116,10116,9
10117,10117,65
10118,10118,111
10119,10119,90
10120,10120,165
10121,10121,193
10122,10122,128
10123,10123,128
10124,10124,21
10125,10125,58
10126,10126,36
10127,10127,128
10128,10128,155
10129,10129,97
10130,10130,82
10131,10131,71
10132,10132,67
10133,10133,109
10134,10134,122
10135,10135,152
10136,10136,79
10137,10137,190
10138,10138,25
10139,10139,91
10140,10140,97
10141,10141,69
10142,10142,69
10143,10143,89
10144,10144,193
10145,10145,169
10146,10146,152
10147,10147,182
10148,10148,99
10149,10149,102
10150,10150,148
10151,10151,191
10152,10152,189
10153,10153,135
10154,10154,53
10155,10155,136
10156,10156,58
10157,10157,174
10158,10158,48
10159,10159,17
10160,10160,80
10161,10161,165
10162,10162,79
10163,10163,20
10164,10164,175
10165,10165,20
10166,10166,81
10167,10167,65
10168,10168,194
10169,10169,117
10170,10170,86
10171,10171,104
10172,10172,138
10173,10173,131
10174,10174,132
10175,10175,143
10176,10176,92
10177,10177,146
10178,10178,195
10179,10179,74
10180,10180,18
10181,10181,170
10182,10182,1
10183,10183,55
10184,10184,167
10185,10185,111
10186,10186,33
10187,10187,99
10188,10188,27
10189,10189,62
10190,10190,25
10191,10191,95
10192,10192,24
10193,10193,97
10194,10194,35
10195,10195,20
10196,10196,96
10197,10197,92
10198,10198,55
10199,10199,136
10200,10200,43
10201,10201,47
10202,10202,22
10203,10203,81
10204,10204,172
10205,10205,150
10206,10206,171
10207,10207,49
10208,10208,177
10209,10209,39
10210,10210,188
10211,10211,140
10212,10212,101
10213,10213,129
10214,10214,145
10215,10215,39
10216,10216,113
10217,10217,30
10218,10218,109
10219,10219,44
10220,10220,51
10221,10221,71
10222,10222,22
10223,10223,65
10224,10224,19
10225,10225,94
10226,10226,116
10227,10227,115
10228,10228,32
10229,10229,150
10230,10230,12
10231,10231,160
10232,10232,95
10233,10233,13
10234,10234,193
10235,10235,59
10236,10236,133
10237,10237,173
10238,10238,122
10239,10239,66
10240,10240,133
10241,10241,3
10242,10242,5
10243,10243,115
10244,10244,165
10245,10245,67
10246,10246,37
10247,10247,195
10248,10248,98
10249,10249,67
10250,10250,48
10251,10251,163
10252,10252,40
10253,10253,63
10254,10254,126
10255,10255,93
10256,10256,147
10257,10257,103
10258,10258,124
10259,10259,99
10260,10260,107
10261,10261,73
10262,10262,46
10263,10263,176
10264,10264,129
10265,10265,167
10266,10266,156
10267,10267,108
10268,10268,44
10269,10269,159
10270,10270,65
10271,10271,40
10272,10272,175
10273,10273,191
10274,10274,140
10275,10275,161
10276,10276,16
10277,10277,182
10278,10278,42
10279,10279,5
10280,10280,68
10281,10281,46
10282,10282,67
10283,10283,188
10284,10284,168
10285,10285,49
10286,10286,181
10287,10287,76
10288,10288,94
10289,10289,31
10290,10290,171
10291,10291,33
10292,10292,3
10293,10293,150
10294,10294,96
10295,10295,196
10296,10296,69
10297,10297,199
10298,10298,78
10299,10299,44
10300,10300,124
10301,10301,28
10302,10302,29
10303,10303,131
10304,10304,134
10305,10305,35
10306,10306,140
10307,10307,178
10308,10308,190
10309,10309,99
10310,10310,6
10311,10311,94
10312,10312,24
10313,10313,150
10314,10314,145
10315,10315,48
10316,10316,174
10317,10317,21
10318,10318,40
10319,10319,106
10320,10320,39
10321,10321,71
10322,10322,17
10323,10323,124
10324,10324,137
10325,10325,93
10326,10326,50
10327,10327,131
10328,10328,110
10329,10329,173
10330,10330,153
10331,10331,76
10332,10332,3
10333,10333,86
10334,10334,119
10335,10335,56
10336,10336,58
10337,10337,100
10338,10338,93
10339,10339,148
10340,10340,161
10341,10341,73
10342,10342,60
10343,10343,137
10344,10344,24
10345,10345,160
10346,10346,25
10347,10347,162
10348,10348,163
10349,10349,133
10350,10350,5
10351,10351,59
10352,10352,17
10353,10353,88
10354,10354,180
10355,10355,5
10356,10356,44
10357,10357,109
10358,10358,145
10359,10359,100
10360,10360,19
10361,10361,94
10362,10362,29
10363,10363,10
10364,10364,95
10365,10365,5
10366,10366,83
10367,10367,182
10368,10368,20
10369,10369,15
10370,10370,185
10371,10371,0
10372,10372,172
10373,10373,170
10374,10374,87
10375,10375,85
10376,10376,71
10377,10377,22
10378,10378,181
10379,10379,74
10380,10380,188
10381,10381,80
10382,10382,35
10383,10383,14
10384,10384,121
10385,10385,134
10386,10386,37
10387,10387,143
10388,10388,169
10389,10389,89
10390,10390,43
10391,10391,96
10392,10392,123
10393,10393,75
10394,10394,196
10395,10395,145
10396,10396,141
10397,10397,6
10398,10398,146
10399,10399,189
10400,10400,144
10401,10401,64
10402,10402,183
10403,10403,140
10404,10404,199
10405,10405,71
10406,10406,69
10407,10407,134
10408,10408,186
10409,10409,53
10410,10410,88
10411,10411,60
10412,10412,98
10413,10413,92
10414,10414,141
10415,10415,126
10416,10416,23
10417,10417,171
10418,10418,10
10419,10419,47
10420,10420,173
10421,10421,137
10422,10422,59
10423,10423,158
10424,10424,101
10425,10425,87
10426,10426,111
10427,10427,122
10428,10428,143
10429,10429,97
10430,10430,152
10431,10431,174
10432,10432,185
10433,10433,66
10434,10434,98
10435,10435,24
10436,10436,47
10437,10437,55
10438,10438,21
10439,10439,145
10440,10440,91
10441,10441,30
10442,10442,151
10443,10443,28
10444,10444,45
10445,10445,82
10446,10446,39
10447,10447,31
10448,10448,104
10449,10449,46
10450,10450,61
10451,10451,45
10452,10452,73
10453,10453,92
10454,10454,70
10455,10455,160
10456,10456,88
10457,10457,27
10458,10458,120
10459,10459,86
10460,10460,16
10461,10461,88
10462,10462,52
10463,10463,132
10464,10464,195
10465,10465,197
10466,10466,133
10467,10467,14
10468,10468,79
10469,10469,69
10470,10470,93
10471,10471,102
10472,10472,190
10473,10473,65
10474,10474,20
10475,10475,51
10476,10476,31
10477,10477,80
10478,10478,160
10479,10479,70
10480,10480,128
10481,10481,126
10482,10482,117
10483,10483,81
10484,10484,142
10485,10485,169
10486,10486,100
10487,10487,85
10488,10488,144
10489,10489,139
10490,10490,98
10491,10491,121
10492,10492,146
10493,10493,144
10494,10494,157
10495,10495,16
10496,10496,89
10497,10497,4
10498,10498,199
10499,10499,19
10500,10500,161
10501,10501,35
10502,10502,45
10503,10503,113
10504,10504,163
10505,10505,158
10506,10506,51
10507,10507,74
10508,10508,143
10509,10509,72
10510,10510,158
10511,10511,125
10512,10512,135
10513,10513,24
10514,10514,141
10515,10515,121
10516,10516,125
10517,10517,35
10518,10518,193
10519,10519,146
10520,10520,167
10521,10521,33
10522,10522,190
10523,10523,176
10524,10524,69
10525,10525,32
10526,10526,124
10527,10527,161
10528,10528,61
10529,10529,16
10530,10530,66
10531,10531,41
10532,10532,97
10533,10533,140
10534,10534,124
10535,10535,131
10536,10536,9
10537,10537,7
10538,10538,106
10539,10539,49
10540,10540,39
10541,10541,182
10542,10542,87
10543,10543,2
10544,10544,127
10545,10545,135
10546,10546,129
10547,10547,30
10548,10548,165
10549,10549,93
10550,10550,157
10551,10551,176
10552,10552,6
10553,10553,177
10554,10554,173
10555,10555,71
10556,10556,173
10557,10557,12
10558,10558,144
10559,10559,130
10560,10560,50
10561,10561,50
10562,10562,140
10563,10563,121
10564,10564,2
10565,10565,131
10566,10566,99
10567,10567,116
10568,10568,153
10569,10569,73
10570,10570,159
10571,10571,24
10572,10572,39
10573,10573,62
10574,10574,153
10575,10575,184
10576,10576,164
10577,10577,73
10578,10578,70
10579,10579,102
10580,10580,79
10581,10581,105
10582,10582,71
10583,10583,132
10584,10584,43
10585,10585,172
10586,10586,47
10587,10587,106
10588,10588,62
10589,10589,187
10590,10590,87
10591,10591,177
10592,10592,58
10593,10593,69
10594,10594,22
10595,10595,126
10596,10596,0
10597,10597,85
10598,10598,157
10599,10599,102
10600,10600,70
10601,10601,182
10602,10602,65
10603,10603,137
10604,10604,189
10605,10605,179
10606,10606,198
10607,10607,1
10608,10608,31
10609,10609,112
10610,10610,34
10611,10611,43
10612,10612,127
10613,10613,26
10614,10614,30
10615,10615,141
10616,10616,62
10617,10617,38
10618,10618,159
10619,10619,48
10620,10620,106
10621,10621,25
10622,10622,102
10623,10623,188
10624,10624,86
10625,10625,28
10626,10626,1
10627,10627,190
10628,10628,58
10629,10629,155
10630,10630,1
10631,10631,195
10632,10632,24
10633,10633,45
10634,10634,70
10635,10635,169
10636,10636,74
10637,10637,97
10638,10638,23
10639,10639,125
10640,10640,103
10641,10641,145
10642,10642,133
10643,10643,159
10644,10644,113
10645,10645,199
10646,10646,138
10647,10647,172
10648,10648,11
10649,10649,170
10650,10650,0
10651,10651,61
10652,10652,116
10653,10653,175
10654,10654,107
10655,10655,183
10656,10656,194
10657,10657,45
10658,10658,186
10659,10659,53
10660,10660,155
10661,10661,130
10662,10662,63
10663,10663,58
10664,10664,90
10665,10665,99
10666,10666,187
10667,10667,195
10668,10668,29
10669,10669,13
10670,10670,30
10671,10671,142
10672,10672,2
10673,10673,105
10674,10674,186
10675,10675,165
10676,10676,34
10677,10677,137
10678,10678,186
10679,10679,151
10680,10680,92
10681,10681,121
10682,10682,43
10683,10683,26
10684,10684,108
10685,10685,154
10686,10686,119
10687,10687,125
10688,10688,95
10689,10689,18
10690,10690,109
10691,10691,120
10692,10692,99
10693,10693,183
10694,10694,61
10695,10695,38
10696,10696,82
10697,10697,90
10698,10698,85
10699,10699,196
10700,10700,59
10701,10701,42
10702,10702,192
10703,10703,92
10704,10704,100
10705,10705,95
10706,10706,108
10707,10707,192
10708,10708,162
10709,10709,64
10710,10710,2
10711,10711,134
10712,10712,144
10713,10713,188
10714,10714,136
10715,10715,179
10716,10716,139
10717,10717,81
10718,10718,153
10719,10719,100
10720,10720,26
10721,10721,114
10722,10722,23
10723,10723,82
10724,10724,1
10725,10725,74
10726,10726,184
10727,10727,141
10728,10728,13
10729,10729,169
10730,10730,169
10731,10731,26
10732,10732,189
10733,10733,142
10734,10734,91
10735,10735,130
10736,10736,88
10737,10737,12
10738,10738,16
10739,10739,170
10740,10740,2
10741,10741,2
10742,10742,20
10743,10743,72
10744,10744,143
10745,10745,34
10746,10746,89
10747,10747,129
10748,10748,116
10749,10749,177
10750,10750,107
10751,10751,84
10752,10752,147
10753,10753,125
10754,10754,63
10755,10755,70
10756,10756,89
10757,10757,54
10758,10758,144
10759,10759,178
10760,10760,85
10761,10761,100
10762,10762,92
10763,10763,41
10764,10764,160
10765,10765,42
10766,10766,62
10767,10767,164
10768,10768,194
10769,10769,38
10770,10770,124
10771,10771,99
10772,10772,149
10773,10773,171
10774,10774,10
10775,10775,158
10776,10776,154
10777,10777,62
10778,10778,29
10779,10779,169
10780,10780,191
10781,10781,98
10782,10782,114
10783,10783,121
10784,10784,150
10785,10785,37
10786,10786,1
10787,10787,180
10788,10788,156
10789,10789,99
10790,10790,132
10791,10791,16
10792,10792,160
10793,10793,25
10794,10794,155
10795,10795,170
10796,10796,27
10797,10797,155
10798,10798,85
10799,10799,183
10800,10800,47
10801,10801,167
10802,10802,140
10803,10803,192
10804,10804,198
10805,10805,176
10806,10806,173
10807,10807,73
10808,10808,52
10809,10809,140
10810,10810,88
10811,10811,11
10812,10812,34
10813,10813,171
10814,10814,21
10815,10815,162
10816,10816,159
10817,10817,83
10818,10818,84
10819,10819,198
10820,10820,29
10821,10821,107
10822,10822,1
10823,10823,39
10824,10824,46
10825,10825,129
10826,10826,43
10827,10827,76
10828,10828,162
10829,10829,180
10830,10830,15
10831,10831,110
10832,10832,186
10833,10833,15
10834,10834,189
10835,10835,58
10836,10836,132
10837,10837,193
10838,10838,41
10839,10839,30
10840,10840,94
10841,10841,33
10842,10842,108
10843,10843,176
10844,10844,160
10845,10845,152
10846,10846,186
10847,10847,80
10848,10848,24
10849,10849,187
10850,10850,144
10851,10851,58
10852,10852,4
10853,10853,149
10854,10854,183
10855,10855,91
10856,10856,90
10857,10857,7
10858,10858,42
10859,10859,40
10860,10860,36
10861,10861,147
10862,10862,56
10863,10863,169
10864,10864,81
10865,10865,5
10866,10866,176
10867,10867,118
10868,10868,194
10869,10869,126
10870,10870,23
10871,10871,176
10872,10872,197
10873,10873,147
10874,10874,97
10875,10875,170
10876,10876,169
10877,10877,128
10878,10878,85
10879,10879,17
10880,10880,129
10881,10881,71
10882,10882,115
10883,10883,107
10884,10884,118
10885,10885,57
10886,10886,33
10887,10887,52
10888,10888,137
10889,10889,146
10890,10890,29
10891,10891,106
10892,10892,83
10893,10893,4
10894,10894,132
10895,10895,6
10896,10896,94
10897,10897,179
10898,10898,118
10899,10899,188
10900,10900,129
10901,10901,111
10902,10902,33
10903,10903,29
10904,10904,143
10905,10905,67
10906,10906,33
10907,10907,148
10908,10908,94
10909,10909,109
10910,10910,71
10911,10911,122
10912,10912,95
10913,10913,110
10914,10914,83
10915,10915,94
10916,10916,146
10917,10917,190
10918,10918,85
10919,10919,11
10920,10920,124
10921,10921,157
10922,10922,180
10923,10923,78
10924,10924,49
10925,10925,1
10926,10926,66
10927,10927,76
10928,10928,27
10929,10929,110
10930,10930,104
10931,10931,106
10932,10932,92
10933,10933,21
10934,10934,83
10935,10935,103
10936,10936,130
10937,10937,78
10938,10938,138
10939,10939,181
10940,10940,164
10941,10941,45
10942,10942,0
10943,10943,81
10944,10944,52
10945,10945,78
10946,10946,112
10947,10947,99
10948,10948,22
10949,10949,196
10950,10950,114
10951,10951,85
10952,10952,169
10953,10953,101
10954,10954,114
10955,10955,43
10956,10956,132
10957,10957,131
10958,10958,22
10959,10959,116
10960,10960,28
10961,10961,189
10962,10962,156
10963,10963,116
10964,10964,58
10965,10965,41
10966,10966,64
10967,10967,175
10968,10968,12
10969,10969,44
10970,10970,81
10971,10971,101
10972,10972,89
10973,10973,35
10974,10974,80
10975,10975,123
10976,10976,74
10977,10977,112
10978,10978,83
10979,10979,0
10980,10980,6
10981,10981,57
10982,10982,77
10983,10983,186
10984,10984,158
10985,10985,53
10986,10986,146
10987,10987,118
10988,10988,9
10989,10989,196
10990,10990,168
10991,10991,123
10992,10992,91
10993,10993,17
10994,10994,12
10995,10995,179
10996,10996,98
10997,10997,74
10998,10998,161
10999,10999,170
11000,11000,44
11001,11001,176
11002,11002,86
11003,11003,109
11004,11004,47
11005,11005,14
11006,11006,121
11007,11007,142
11008,11008,117
11009,11009,43
11010,11010,193
11011,11011,8
11012,11012,19
11013,11013,102
11014,11014,28
11015,11015,101
11016,11016,131
11017,11017,177
11018,11018,61
11019,11019,18
11020,11020,35
11021,11021,108
11022,11022,16
11023,11023,145
11024,11024,110
11025,11025,188
11026,11026,53
11027,11027,142
11028,11028,166
11029,11029,156
11030,11030,143
11031,11031,142
11032,11032,182
11033,11033,35
11034,11034,88
11035,11035,30
11036,11036,18
11037,11037,129
11038,11038,71
11039,11039,6
11040,11040,9
11041,11041,82
11042,11042,147
11043,11043,2
11044,11044,153
11045,11045,194
11046,11046,28
11047,11047,199
11048,11048,110
11049,11049,89
11050,11050,144
11051,11051,197
11052,11052,34
11053,11053,25
11054,11054,119
11055,11055,186
11056,11056,35
11057,11057,8
11058,11058,110
11059,11059,8
11060,11060,117
11061,11061,106
11062,11062,43
11063,11063,153
11064,11064,148
11065,11065,148
11066,11066,194
11067,11067,73
11068,11068,51
11069,11069,163
11070,11070,1
11071,11071,196
11072,11072,110
11073,11073,154
11074,11074,115
11075,11075,83
11076,11076,194
11077,11077,24
11078,11078,130
11079,11079,162
11080,11080,195
11081,11081,49
11082,11082,55
11083,11083,188
11084,11084,159
11085,11085,124
11086,11086,106
11087,11087,36
11088,11088,144
11089,11089,65
11090,11090,31
11091,11091,188
11092,11092,191
11093,11093,161
11094,11094,98
11095,11095,164
11096,11096,125
11097,11097,10
11098,11098,120
11099,11099,185
11100,11100,101
11101,11101,199
11102,11102,49
11103,11103,162
11104,11104,66
11105,11105,83
11106,11106,26
11107,11107,147
11108,11108,129
11109,11109,179
11110,11110,102
11111,11111,27
11112,11112,147
11113,11113,124
11114,11114,139
11115,11115,157
11116,11116,126
11117,11117,179
11118,11118,187
11119,11119,124
11120,11120,129
11121,11121,81
11122,11122,12
11123,11123,179
11124,11124,101
11125,11125,24
11126,11126,107
11127,11127,173
11128,11128,80
11129,11129,41
11130,11130,108
11131,11131,100
11132,11132,40
11133,11133,123
11134,11134,48
11135,11135,164
11136,11136,34
11137,11137,108
11138,11138,42
11139,11139,96
11140,11140,114
11141,11141,92
11142,11142,86
11143,11143,141
11144,11144,25
11145,11145,34
11146,11146,7
11147,11147,15
11148,11148,56
11149,11149,164
11150,11150,118
11151,11151,18
11152,11152,15
11153,11153,145
11154,11154,110
11155,11155,18
11156,11156,188
11157,11157,118
11158,11158,191
11159,11159,35
11160,11160,74
11161,11161,155
11162,11162,177
11163,11163,36
11164,11164,97
11165,11165,150
11166,11166,144
11167,11167,112
11168,11168,196
11169,11169,18
11170,11170,106
11171,11171,168
11172,11172,100
11173,11173,196
11174,11174,75
11175,11175,45
11176,11176,11
11177,11177,95
11178,11178,176
11179,11179,140
11180,11180,24
11181,11181,196
11182,11182,107
11183,11183,21
11184,11184,158
11185,11185,35
11186,11186,2
11187,11187,161
11188,11188,121
11189,11189,179
11190,11190,147
11191,11191,29
11192,11192,59
11193,11193,14
11194,11194,2
11195,11195,109
11196,11196,57
11197,11197,2
11198,11198,123
11199,11199,9
11200,11200,99
11201,11201,36
11202,11202,47
11203,11203,116
11204,11204,171
11205,11205,106
11206,11206,115
11207,11207,41
11208,11208,4
11209,11209,18
11210,11210,54
11211,11211,197
11212,11212,66
11213,11213,197
11214,11214,99
11215,11215,164
11216,11216,150
11217,11217,182
11218,11218,172
11219,11219,115
11220,11220,88
11221,11221,72
11222,11222,84
11223,11223,146
11224,11224,115
11225,11225,16
11226,11226,194
11227,11227,154
11228,11228,148
11229,11229,177
11230,11230,72
11231,11231,99
11232,11232,54
11233,11233,184
11234,11234,165
11235,11235,102
11236,11236,145
11237,11237,151
11238,11238,26
11239,11239,162
11240,11240,3
11241,11241,46
11242,11242,98
11243,11243,152
11244,11244,85
11245,11245,182
11246,11246,158
11247,11247,30
11248,11248,146
11249,11249,81
11250,11250,76
11251,11251,175
11252,11252,132
11253,11253,44
11254,11254,153
11255,11255,1
11256,11256,188
11257,11257,188
11258,11258,54
11259,11259,172
11260,11260,177
11261,11261,168
11262,11262,66
11263,11263,67
11264,11264,38
11265,11265,73
11266,11266,136
11267,11267,108
11268,11268,169
11269,11269,94
11270,11270,81
11271,11271,121
11272,11272,44
11273,11273,155
11274,11274,10
11275,11275,28
11276,11276,174
11277,11277,32
11278,11278,178
11279,11279,31
11280,11280,109
11281,11281,52
11282,11282,136
11283,11283,165
11284,11284,78
11285,11285,96
11286,11286,38
11287,11287,2
11288,11288,49
11289,11289,129
11290,11290,66
11291,11291,45
11292,11292,184
11293,11293,38
11294,11294,157
11295,11295,66
11296,11296,89
11297,11297,41
11298,11298,183
11299,11299,29
11300,11300,130
11301,11301,70
11302,11302,40
11303,11303,81
11304,11304,8
11305,11305,48
11306,11306,112
11307,11307,48
11308,11308,85
11309,11309,21
11310,11310,145
11311,11311,147
11312,11312,20
11313,11313,36
11314,11314,89
11315,11315,105
11316,11316,68
11317,11317,167
11318,11318,135
11319,11319,109
11320,11320,39
11321,11321,108
11322,11322,131
11323,11323,127
11324,11324,31
11325,11325,193
11326,11326,91
11327,11327,49
11328,11328,95
11329,11329,17
11330,11330,165
11331,11331,79
11332,11332,11
11333,11333,8
11334,11334,119
11335,11335,116
11336,11336,30
11337,11337,151
11338,11338,36
11339,11339,47
11340,11340,93
11341,11341,153
11342,11342,101
11343,11343,134
11344,11344,97
11345,11345,170
11346,11346,75
11347,11347,105
11348,11348,55
11349,11349,138
11350,11350,112
11351,11351,22
11352,11352,111
11353,11353,179
11354,11354,154
11355,11355,143
11356,11356,43
11357,11357,103
11358,11358,193
11359,11359,149
11360,11360,86
11361,11361,109
11362,11362,146
11363,11363,58
11364,11364,75
11365,11365,198
11366,11366,99
11367,11367,58
11368,11368,130
11369,11369,121
11370,11370,174
11371,11371,191
11372,11372,172
11373,11373,153
11374,11374,32
11375,11375,168
11376,11376,3
11377,11377,51
11378,11378,154
11379,11379,154
11380,11380,144
11381,11381,100
11382,11382,196
11383,11383,108
11384,11384,171
11385,11385,93
11386,11386,164
11387,11387,142
11388,11388,199
11389,11389,10
11390,11390,34
11391,11391,147
11392,11392,43
11393,11393,151
11394,11394,100
11395,11395,96
11396,11396,199
11397,11397,154
11398,11398,56
11399,11399,16
11400,11400,4
11401,11401,156
11402,11402,50
11403,11403,103
11404,11404,170
11405,11405,88
11406,11406,171
11407,11407,146
11408,11408,167
11409,11409,139
11410,11410,182
11411,11411,84
11412,11412,51
11413,11413,152
11414,11414,93
11415,11415,191
11416,11416,148
11417,11417,82
11418,11418,8
11419,11419,105
11420,11420,156
11421,11421,1
11422,11422,38
11423,11423,154
11424,11424,24
11425,11425,102
11426,11426,187
11427,11427,116
11428,11428,108
11429,11429,50
11430,11430,186
11431,11431,14
11432,11432,176
11433,11433,138
11434,11434,167
11435,11435,121
11436,11436,128
11437,11437,69
11438,11438,13
11439,11439,172
11440,11440,171
11441,11441,25
11442,11442,80
11443,11443,163
11444,11444,113
11445,11445,72
11446,11446,46
11447,11447,159
11448,11448,165
11449,11449,112
11450,11450,83
11451,11451,41
11452,11452,27
11453,11453,151
11454,11454,119
11455,11455,0
11456,11456,121
11457,11457,129
11458,11458,122
11459,11459,180
11460,11460,36
11461,11461,60
11462,11462,167
11463,11463,104
11464,11464,170
11465,11465,146
11466,11466,28
11467,11467,120
11468,11468,149
11469,11469,58
11470,11470,37
11471,11471,66
11472,11472,186
11473,11473,196
11474,11474,164
11475,11475,178
11476,11476,131
11477,11477,96
11478,11478,8
11479,11479,117
11480,11480,5
11481,11481,185
11482,11482,31
11483,11483,105
11484,11484,151
11485,11485,175
11486,11486,123
11487,11487,115
11488,11488,178
11489,11489,135
11490,11490,182
11491,11491,181
11492,11492,29
11493,11493,181
11494,11494,128
11495,11495,130
11496,11496,32
11497,11497,75
11498,11498,102
11499,11499,183
11500,11500,93
11501,11501,15
11502,11502,96
11503,11503,2
11504,11504,145
11505,11505,121
11506,11506,179
11507,11507,137
11508,11508,190
11509,11509,59
11510,11510,83
11511,11511,87
11512,11512,85
11513,11513,22
11514,11514,13
11515,11515,113
11516,11516,49
11517,11517,187
11518,11518,95
11519,11519,45
11520,11520,55
11521,11521,182
11522,11522,34
11523,11523,167
11524,11524,69
11525,11525,64
11526,11526,55
11527,11527,154
11528,11528,98
11529,11529,139
11530,11530,76
11531,11531,8
11532,11532,137
11533,11533,44
11534,11534,161
11535,11535,45
11536,11536,77
11537,11537,12
11538,11538,37
11539,11539,22
11540,11540,123
11541,11541,182
11542,11542,76
11543,11543,34
11544,11544,169
11545,11545,93
11546,11546,140
11547,11547,31
11548,11548,31
11549,11549,49
11550,11550,40
11551,11551,165
11552,11552,15
11553,11553,126
11554,11554,80
11555,11555,164
11556,11556,16
11557,11557,142
11558,11558,77
11559,11559,145
11560,11560,13
11561,11561,196
11562,11562,104
11563,11563,134
11564,11564,81
11565,11565,194
11566,11566,147
11567,11567,90
11568,11568,91
11569,11569,186
11570,11570,84
11571,11571,97
11572,11572,169
11573,11573,191
11574,11574,195
11575,11575,180
11576,11576,111
11577,11577,177
11578,11578,53
11579,11579,168
11580,11580,178
11581,11581,199
11582,11582,18
11583,11583,134
11584,11584,145
11585,11585,41
11586,11586,102
11587,11587,26
11588,11588,97
11589,11589,181
11590,11590,83
11591,11591,104
11592,11592,41
11593,11593,100
11594,11594,87
11595,11595,193
11596,11596,6
11597,11597,76
11598,11598,9
11599,11599,29
11600,11600,53
11601,11601,31
11602,11602,191
11603,11603,37
11604,11604,38
11605,11605,0
11606,11606,29
11607,11607,62
11608,11608,5
11609,11609,122
11610,11610,63
11611,11611,20
11612,11612,156
11613,11613,115
11614,11614,185
11615,11615,128
11616,11616,107
11617,11617,115
11618,11618,34
11619,11619,129
11620,11620,17
11621,11621,75
11622,11622,11
11623,11623,28
11624,11624,87
11625,11625,6
11626,11626,199
11627,11627,186
11628,11628,1
11629,11629,53
11630,11630,37
11631,11631,73
11632,11632,128
11633,11633,131
11634,11634,102
11635,11635,53
11636,11636,27
11637,11637,27
11638,11638,186
11639,11639,190
11640,11640,122
11641,11641,18
11642,11642,79
11643,11643,114
11644,11644,57
11645,11645,146
11646,11646,190
11647,11647,121
11648,11648,165
11649,11649,106
11650,11650,110
11651,11651,151
11652,11652,172
11653,11653,31
11654,11654,126
11655,11655,64
11656,11656,199
11657,11657,130
11658,11658,62
11659,11659,195
11660,11660,176
11661,11661,104
11662,11662,83
11663,11663,64
11664,11664,36
11665,11665,77
11666,11666,140
11667,11667,104
11668,11668,62
11669,11669,161
11670,11670,52
11671,11671,152
11672,11672,71
11673,11673,97
11674,11674,145
11675,11675,56
11676,11676,80
11677,11677,100
11678,11678,80
11679,11679,69
11680,11680,123
11681,11681,125
11682,11682,18
11683,11683,85
11684,11684,131
11685,11685,118
11686,11686,69
11687,11687,16
11688,11688,136
11689,11689,86
11690,11690,122
11691,11691,107
11692,11692,82
11693,11693,89
11694,11694,45
11695,11695,39
11696,11696,23
11697,11697,152
11698,11698,43
11699,11699,117
11700,11700,118
11701,11701,157
11702,11702,137
11703,11703,135
11704,11704,131
11705,11705,38
11706,11706,158
11707,11707,105
11708,11708,45
11709,11709,182
11710,11710,136
11711,11711,72
11712,11712,109
11713,11713,68
11714,11714,65
11715,11715,38
11716,11716,55
11717,11717,84
11718,11718,121
11719,11719,95
11720,11720,32
11721,11721,184
11722,11722,164
11723,11723,41
11724,11724,42
11725,11725,171
11726,11726,81
11727,11727,174
11728,11728,57
11729,11729,194
11730,11730,104
11731,11731,111
11732,11732,10
11733,11733,9
11734,11734,176
11735,11735,145
11736,11736,113
11737,11737,87
11738,11738,32
11739,11739,190
11740,11740,91
11741,11741,76
11742,11742,156
11743,11743,110
11744,11744,10
11745,11745,7
11746,11746,0
11747,11747,123
11748,11748,100
11749,11749,65
11750,11750,57
11751,11751,195
11752,11752,191
11753,11753,135
11754,11754,91
11755,11755,42
11756,11756,193
11757,11757,68
11758,11758,38
11759,11759,109
11760,11760,11
11761,11761,36
11762,11762,55
11763,11763,144
11764,11764,93
11765,11765,76
11766,11766,162
11767,11767,159
11768,11768,96
11769,11769,59
11770,11770,158
11771,11771,90
11772,11772,73
11773,11773,145
11774,11774,39
11775,11775,55
11776,11776,148
11777,11777,77
11778,11778,125
11779,11779,24
11780,11780,118
11781,11781,87
11782,11782,92
11783,11783,139
11784,11784,34
11785,11785,56
11786,11786,96
11787,11787,171
11788,11788,64
11789,11789,152
11790,11790,4
11791,11791,116
11792,11792,126
11793,11793,77
11794,11794,185
11795,11795,4
11796,11796,192
11797,11797,12
11798,11798,7
11799,11799,113
11800,11800,133
11801,11801,107
11802,11802,43
11803,11803,65
11804,11804,77
11805,11805,47
11806,11806,44
11807,11807,172
11808,11808,187
11809,11809,22
11810,11810,83
11811,11811,58
11812,11812,61
11813,11813,75
11814,11814,10
11815,11815,18
11816,11816,81
11817,11817,61
11818,11818,106
11819,11819,82
11820,11820,29
11821,11821,156
11822,11822,193
11823,11823,99
11824,11824,73
11825,11825,62
11826,11826,129
11827,11827,111
11828,11828,64
11829,11829,99
11830,11830,186
11831,11831,148
11832,11832,199
11833,11833,71
11834,11834,199
11835,11835,46
11836,11836,43
11837,11837,160
11838,11838,48
11839,11839,99
11840,11840,24
11841,11841,155
11842,11842,133
11843,11843,68
11844,11844,18
11845,11845,0
11846,11846,31
11847,11847,104
11848,11848,22
11849,11849,35
11850,11850,108
11851,11851,115
11852,11852,15
11853,11853,167
11854,11854,179
11855,11855,151
11856,11856,118
11857,11857,132
11858,11858,59
11859,11859,185
11860,11860,41
11861,11861,141
11862,11862,175
11863,11863,72
11864,11864,79
11865,11865,199
11866,11866,12
11867,11867,88
11868,11868,173
11869,11869,92
11870,11870,87
11871,11871,118
11872,11872,19
11873,11873,8
11874,11874,125
11875,11875,140
11876,11876,158
11877,11877,178
11878,11878,2
11879,11879,51
11880,11880,119
11881,11881,194
11882,11882,54
11883,11883,62
11884,11884,12
11885,11885,136
11886,11886,154
11887,11887,86
11888,11888,169
11889,11889,95
11890,11890,111
11891,11891,140
11892,11892,160
11893,11893,2
11894,11894,133
11895,11895,77
11896,11896,87
11897,11897,87
11898,11898,159
11899,11899,189
11900,11900,141
11901,11901,171
11902,11902,10
11903,11903,193
11904,11904,140
11905,11905,58
11906,11906,147
11907,11907,130
11908,11908,17
11909,11909,191
11910,11910,10
11911,11911,188
11912,11912,59
11913,11913,187
11914,11914,174
11915,11915,0
11916,11916,115
11917,11917,114
11918,11918,167
11919,11919,15
11920,11920,24
11921,11921,11
11922,11922,19
11923,11923,8
11924,11924,103
11925,11925,179
11926,11926,68
11927,11927,147
11928,11928,140
11929,11929,20
11930,11930,187
11931,11931,127
11932,11932,148
11933,11933,148
11934,11934,148
11935,11935,21
11936,11936,45
11937,11937,41
11938,11938,92
11939,11939,187
11940,11940,93
11941,11941,45
11942,11942,74
11943,11943,152
11944,11944,51
11945,11945,75
11946,11946,80
11947,11947,136
11948,11948,26
11949,11949,145
11950,11950,36
11951,11951,164
11952,11952,88
11953,11953,187
11954,11954,22
11955,11955,109
11956,11956,150
11957,11957,21
11958,11958,182
11959,11959,58
11960,11960,190
11961,11961,27
11962,11962,130
11963,11963,176
11964,11964,114
11965,11965,120
11966,11966,69
11967,11967,156
11968,11968,125
11969,11969,141
11970,11970,81
11971,11971,70
11972,11972,93
11973,11973,40
11974,11974,75
11975,11975,189
11976,11976,51
11977,11977,180
11978,11978,40
11979,11979,12
11980,11980,181
11981,11981,88
11982,11982,144
11983,11983,181
11984,11984,112
11985,11985,115
11986,11986,172
11987,11987,10
11988,11988,34
11989,11989,135
11990,11990,169
11991,11991,111
11992,11992,135
11993,11993,142
11994,11994,43
11995,11995,128
11996,11996,183
11997,11997,189
11998,11998,31
11999,11999,112
12000,12000,29
12001,12001,182
12002,12002,199
12003,12003,73
12004,12004,90
12005,12005,97
12006,12006,59
12007,12007,196
12008,12008,11
12009,12009,148
12010,12010,15
12011,12011,145
12012,12012,114
12013,12013,56
12014,12014,108
12015,12015,21
12016,12016,148
12017,12017,167
12018,12018,94
12019,12019,117
12020,12020,127
12021,12021,178
12022,12022,152
12023,12023,110
12024,12024,29
12025,12025,155
12026,12026,54
12027,12027,136
12028,12028,99
12029,12029,173
12030,12030,112
12031,12031,112
12032,12032,5
12033,12033,144
12034,12034,137
12035,12035,18
12036,12036,189
12037,12037,155
12038,12038,30
12039,12039,28
12040,12040,134
12041,12041,97
12042,12042,175
12043,12043,97
12044,12044,47
12045,12045,111
12046,12046,196
12047,12047,199
12048,12048,7
12049,12049,48
12050,12050,193
12051,12051,72
12052,12052,187
12053,12053,147
12054,12054,50
12055,12055,198
12056,12056,21
12057,12057,138
12058,12058,88
12059,12059,76
12060,12060,148
12061,12061,191
12062,12062,78
12063,12063,68
12064,12064,33
12065,12065,132
12066,12066,180
12067,12067,193
12068,12068,29
12069,12069,78
12070,12070,180
12071,12071,1
12072,12072,156
12073,12073,159
12074,12074,153
12075,12075,90
12076,12076,88
12077,12077,14
12078,12078,105
12079,12079,195
12080,12080,177
12081,12081,39
12082,12082,94
12083,12083,35
12084,12084,197
12085,12085,125
12086,12086,145
12087,12087,29
12088,12088,197
12089,12089,3
12090,12090,5
12091,12091,124
12092,12092,84
12093,12093,6
12094,12094,29
12095,12095,153
12096,12096,173
12097,12097,151
12098,12098,134
12099,12099,30
12100,12100,136
12101,12101,37
12102,12102,100
12103,12103,179
12104,12104,98
12105,12105,7
12106,12106,129
12107,12107,112
12108,12108,34
12109,12109,32
12110,12110,34
12111,12111,69
12112,12112,192
12113,12113,34
12114,12114,192
12115,12115,87
12116,12116,1
12117,12117,198
12118,12118,139
12119,12119,65
12120,12120,110
12121,12121,57
12122,12122,119
12123,12123,20
12124,12124,195
12125,12125,72
12126,12126,41
12127,12127,196
12128,12128,102
12129,12129,2
12130,12130,20
12131,12131,15
12132,12132,134
12133,12133,169
12134,12134,92
12135,12135,21
12136,12136,73
12137,12137,94
12138,12138,190
12139,12139,16
12140,12140,78
12141,12141,16
12142,12142,1
12143,12143,46
12144,12144,123
12145,12145,143
12146,12146,129
12147,12147,5
12148,12148,29
12149,12149,38
12150,12150,160
12151,12151,4
12152,12152,128
12153,12153,10
12154,12154,86
12155,12155,40
12156,12156,110
12157,12157,199
12158,12158,73
12159,12159,62
12160,12160,198
12161,12161,157
12162,12162,11
12163,12163,49
12164,12164,100
12165,12165,133
12166,12166,185
12167,12167,178
12168,12168,191
12169,12169,1
12170,12170,99
12171,12171,24
12172,12172,38
12173,12173,40
12174,12174,119
12175,12175,86
12176,12176,199
12177,12177,105
12178,12178,75
12179,12179,9
12180,12180,74
12181,12181,50
12182,12182,113
12183,12183,134
12184,12184,87
12185,12185,50
12186,12186,55
12187,12187,175
12188,12188,150
12189,12189,72
12190,12190,36
12191,12191,116
12192,12192,35
12193,12193,119
12194,12194,120
12195,12195,170
12196,12196,12
12197,12197,169
12198,12198,9
12199,12199,98
12200,12200,18
12201,12201,17
12202,12202,91
12203,12203,85
12204,12204,31
12205,12205,124
12206,12206,146
12207,12207,33
12208,12208,152
12209,12209,95
12210,12210,18
12211,12211,38
12212,12212,117
12213,12213,132
12214,12214,36
12215,12215,188
12216,12216,14
12217,12217,134
12218,12218,64
12219,12219,199
12220,12220,49
12221,12221,118
12222,12222,48
12223,12223,147
12224,12224,148
12225,12225,53
12226,12226,137
12227,12227,173
12228,12228,198
12229,12229,78
12230,12230,132
12231,12231,137
12232,12232,28
12233,12233,46
12234,12234,139
12235,12235,126
12236,12236,10
12237,12237,6
12238,12238,87
12239,12239,10
12240,12240,190
12241,12241,141
12242,12242,94
12243,12243,127
12244,12244,139
12245,12245,12
12246,12246,85
12247,12247,125
12248,12248,146
12249,12249,61
12250,12250,87
12251,12251,68
12252,12252,186
12253,12253,90
12254,12254,59
12255,12255,128
12256,12256,129
12257,12257,39
12258,12258,65
12259,12259,44
12260,12260,110
12261,12261,39
12262,12262,28
12263,12263,33
12264,12264,81
12265,12265,41
12266,12266,36
12267,12267,97
12268,12268,90
12269,12269,87
12270,12270,101
12271,12271,96
12272,12272,47
12273,12273,106
12274,12274,148
12275,12275,123
12276,12276,59
12277,12277,99
12278,12278,156
12279,12279,5
12280,12280,62
12281,12281,76
12282,12282,54
12283,12283,19
12284,12284,118
12285,12285,144
12286,12286,136
12287,12287,104
12288,12288,40
12289,12289,48
12290,12290,84
12291,12291,141
12292,12292,21
12293,12293,87
12294,12294,184
12295,12295,49
12296,12296,136
12297,12297,81
12298,12298,34
12299,12299,28
12300,12300,57
12301,12301,176
12302,12302,96
12303,12303,11
12304,12304,75
12305,12305,110
12306,12306,116
12307,12307,25
12308,12308,11
12309,12309,109
12310,12310,157
12311,12311,30
12312,12312,102
12313,12313,44
12314,12314,126
12315,12315,156
12316,12316,178
12317,12317,115
12318,12318,109
12319,12319,51
12320,12320,63
12321,12321,166
12322,12322,78
12323,12323,16
12324,12324,74
12325,12325,12
12326,12326,75
12327,12327,41
12328,12328,134
12329,12329,139
12330,12330,168
12331,12331,113
12332,12332,99
12333,12333,123
12334,12334,66
12335,12335,64
12336,12336,45
12337,12337,77
12338,12338,118
12339,12339,16
12340,12340,134
12341,12341,38
12342,12342,93
12343,12343,17
12344,12344,149
12345,12345,15
12346,12346,57
12347,12347,81
12348,12348,179
12349,12349,3
12350,12350,40
12351,12351,18
12352,12352,71
12353,12353,121
12354,12354,189
12355,12355,176
12356,12356,180
12357,12357,96
12358,12358,76
12359,12359,193
12360,12360,153
12361,12361,26
12362,12362,180
12363,12363,185
12364,12364,18
12365,12365,195
12366,12366,64
12367,12367,69
12368,12368,175
12369,12369,19
12370,12370,177
12371,12371,125
12372,12372,95
12373,12373,119
12374,12374,100
12375,12375,23
12376,12376,30
12377,12377,129
12378,12378,92
12379,12379,111
12380,12380,128
12381,12381,96
12382,12382,147
12383,12383,50
12384,12384,141
12385,12385,186
12386,12386,32
12387,12387,51
12388,12388,17
12389,12389,165
12390,12390,89
12391,12391,51
12392,12392,170
12393,12393,115
12394,12394,87
12395,12395,16
12396,12396,27
12397,12397,122
12398,12398,91
12399,12399,129
12400,12400,95
12401,12401,103
12402,12402,151
12403,12403,179
12404,12404,63
12405,12405,155
12406,12406,192
12407,12407,18
12408,12408,68
12409,12409,145
12410,12410,155
12411,12411,147
12412,12412,184
12413,12413,74
12414,12414,45
12415,12415,145
12416,12416,156
12417,12417,119
12418,12418,176
12419,12419,147
12420,12420,153
12421,12421,102
12422,12422,17
12423,12423,145
12424,12424,134
12425,12425,55
12426,12426,33
12427,12427,111
12428,12428,135
12429,12429,132
12430,12430,42
12431,12431,122
12432,12432,25
12433,12433,167
12434,12434,32
12435,12435,17
12436,12436,50
12437,12437,16
12438,12438,7
12439,12439,15
12440,12440,124
12441,12441,85
12442,12442,15
12443,12443,63
12444,12444,171
12445,12445,38
12446,12446,121
12447,12447,51
12448,12448,85
12449,12449,130
12450,12450,5
12451,12451,13
12452,12452,196
12453,12453,47
12454,12454,198
12455,12455,186
12456,12456,23
12457,12457,16
12458,12458,174
12459,12459,82
12460,12460,183
12461,12461,135
12462,12462,134
12463,12463,110
12464,12464,120
12465,12465,46
12466,12466,53
12467,12467,134
12468,12468,25
12469,12469,44
12470,12470,69
12471,12471,143
12472,12472,166
12473,12473,41
12474,12474,27
12475,12475,91
12476,12476,192
12477,12477,125
12478,12478,140
12479,12479,98
12480,12480,42
12481,12481,4
12482,12482,150
12483,12483,21
12484,12484,128
12485,12485,195
12486,12486,121
12487,12487,16
12488,12488,168
12489,12489,40
12490,12490,163
12491,12491,196
12492,12492,162
12493,12493,110
12494,12494,45
12495,12495,63
12496,12496,111
12497,12497,71
12498,12498,48
12499,12499,37
12500,12500,159
12501,12501,61
12502,12502,112
12503,12503,175
12504,12504,156
12505,12505,45
12506,12506,76
12507,12507,69
12508,12508,25
12509,12509,6
12510,12510,173
12511,12511,176
12512,12512,90
12513,12513,137
12514,12514,132
12515,12515,114
12516,12516,140
12517,12517,111
12518,12518,176
12519,12519,122
12520,12520,75
12521,12521,188
12522,12522,61
12523,12523,91
12524,12524,84
12525,12525,27
12526,12526,81
12527,12527,11
12528,12528,170
12529,12529,104
12530,12530,142
12531,12531,187
12532,12532,74
12533,12533,3
12534,12534,38
12535,12535,151
12536,12536,14
12537,12537,105
12538,12538,120
12539,12539,185
12540,12540,59
12541,12541,170
12542,12542,2
12543,12543,179
12544,12544,38
12545,12545,117
12546,12546,24
12547,12547,49
12548,12548,170
12549,12549,141
12550,12550,176
12551,12551,110
12552,12552,99
12553,12553,88
12554,12554,183
12555,12555,65
12556,12556,132
12557,12557,36
12558,12558,192
12559,12559,24
12560,12560,178
12561,12561,47
12562,12562,105
12563,12563,136
12564,12564,16
12565,12565,48
12566,12566,150
12567,12567,8
12568,12568,142
12569,12569,25
12570,12570,25
12571,12571,87
12572,12572,113
12573,12573,188
12574,12574,11
